item_id,norm_clip_id,source_key,source_name,source_family,generated_media_path,paired_real_release_mode,paired_real_media_path,paired_real_source_url,stage1_assigned_reviewers,stage1_real_judgments,stage2_assigned_reviewers,stage2_real_judgments,all_five_judged_real
hailuo_2_3_fast::L1-01_L2-01a_0005__scene_011,L1-01_L2-01a_0005__scene_011,hailuo_2_3_fast,Hailuo,closed_source,media/main/generated/hailuo_2_3_fast/L1-01_L2-01a_0005__scene_011.mp4,media,media/main/real/L1-01/L1-01_L2-01a_0005__scene_011.mp4,https://www.dvidshub.net/video/914127/tornado-sustained-damage-and-clean-up-wright-patterson-air-force-base-2,3,3,2,2,True
hailuo_2_3_fast::L1-01_L2-01a_0007__scene_008,L1-01_L2-01a_0007__scene_008,hailuo_2_3_fast,Hailuo,closed_source,media/main/generated/hailuo_2_3_fast/L1-01_L2-01a_0007__scene_008.mp4,media,media/main/real/L1-01/L1-01_L2-01a_0007__scene_008.mp4,https://www.dvidshub.net/video/892606/damage-plaza-housing-typhoon-khanun,3,3,2,2,True
hailuo_2_3_fast::L1-01_L2-01a_0007__scene_011,L1-01_L2-01a_0007__scene_011,hailuo_2_3_fast,Hailuo,closed_source,media/main/generated/hailuo_2_3_fast/L1-01_L2-01a_0007__scene_011.mp4,media,media/main/real/L1-01/L1-01_L2-01a_0007__scene_011.mp4,https://www.dvidshub.net/video/892606/damage-plaza-housing-typhoon-khanun,3,3,2,2,True
hailuo_2_3_fast::L1-01_L2-01b_0005__scene_014,L1-01_L2-01b_0005__scene_014,hailuo_2_3_fast,Hailuo,closed_source,media/main/generated/hailuo_2_3_fast/L1-01_L2-01b_0005__scene_014.mp4,media,media/main/real/L1-01/L1-01_L2-01b_0005__scene_014.mp4,https://www.dvidshub.net/video/951064/palisades-fire-b-roll,3,3,2,2,True
hailuo_2_3_fast::L1-01_L2-01b_0013__scene_006,L1-01_L2-01b_0013__scene_006,hailuo_2_3_fast,Hailuo,closed_source,media/main/generated/hailuo_2_3_fast/L1-01_L2-01b_0013__scene_006.mp4,media,media/main/real/L1-01/L1-01_L2-01b_0013__scene_006.mp4,https://www.dvidshub.net/video/893262/hawaii-army-national-guard-provides-water-bucket-support-wildfires-maui,3,3,2,2,True
hailuo_2_3_fast::L1-01_L2-01b_0014__scene_009,L1-01_L2-01b_0014__scene_009,hailuo_2_3_fast,Hailuo,closed_source,media/main/generated/hailuo_2_3_fast/L1-01_L2-01b_0014__scene_009.mp4,media,media/main/real/L1-01/L1-01_L2-01b_0014__scene_009.mp4,https://www.dvidshub.net/video/838399/joint-base-san-antonio-camp-bullis-fire-april-10-2022-b-roll-ii,3,3,2,2,True
hailuo_2_3_fast::L1-01_L2-01d_0004__scene_001,L1-01_L2-01d_0004__scene_001,hailuo_2_3_fast,Hailuo,closed_source,media/main/generated/hailuo_2_3_fast/L1-01_L2-01d_0004__scene_001.mp4,media,media/main/real/L1-01/L1-01_L2-01d_0004__scene_001.mp4,https://www.dvidshub.net/video/971051/texas-guard-czech-firefighters-civilian-responders-conduct-joint-search-operations-near-kerrville-tx,3,3,2,2,True
hailuo_2_3_fast::L1-01_L2-01d_0006__scene_004,L1-01_L2-01d_0006__scene_004,hailuo_2_3_fast,Hailuo,closed_source,media/main/generated/hailuo_2_3_fast/L1-01_L2-01d_0006__scene_004.mp4,media,media/main/real/L1-01/L1-01_L2-01d_0006__scene_004.mp4,https://www.dvidshub.net/video/970125/coast-guard-aircrew-conducts-overflight-flooded-areas-texas-hill-country,3,3,2,2,True
hailuo_2_3_fast::L1-02_L2-02a_0006__scene_012,L1-02_L2-02a_0006__scene_012,hailuo_2_3_fast,Hailuo,closed_source,media/main/generated/hailuo_2_3_fast/L1-02_L2-02a_0006__scene_012.mp4,media,media/main/real/L1-02/L1-02_L2-02a_0006__scene_012.mp4,https://www.dvidshub.net/video/22828/operation-tomahawk-strike-11,3,3,2,2,True
hailuo_2_3_fast::L1-02_L2-02a_0011__scene_043,L1-02_L2-02a_0011__scene_043,hailuo_2_3_fast,Hailuo,closed_source,media/main/generated/hailuo_2_3_fast/L1-02_L2-02a_0011__scene_043.mp4,media,media/main/real/L1-02/L1-02_L2-02a_0011__scene_043.mp4,https://www.dvidshub.net/video/1292/3-1-marines-fallujah,3,3,2,2,True
hailuo_2_3_fast::L1-02_L2-02b_0003__scene_010,L1-02_L2-02b_0003__scene_010,hailuo_2_3_fast,Hailuo,closed_source,media/main/generated/hailuo_2_3_fast/L1-02_L2-02b_0003__scene_010.mp4,media,media/main/real/L1-02/L1-02_L2-02b_0003__scene_010.mp4,https://www.dvidshub.net/video/946347/flight-experiment-mission-02-fem-02-b-roll,3,3,2,2,True
hailuo_2_3_fast::L1-02_L2-02b_0003__scene_012,L1-02_L2-02b_0003__scene_012,hailuo_2_3_fast,Hailuo,closed_source,media/main/generated/hailuo_2_3_fast/L1-02_L2-02b_0003__scene_012.mp4,media,media/main/real/L1-02/L1-02_L2-02b_0003__scene_012.mp4,https://www.dvidshub.net/video/946347/flight-experiment-mission-02-fem-02-b-roll,3,3,2,2,True
hailuo_2_3_fast::L1-02_L2-02b_0004__scene_018,L1-02_L2-02b_0004__scene_018,hailuo_2_3_fast,Hailuo,closed_source,media/main/generated/hailuo_2_3_fast/L1-02_L2-02b_0004__scene_018.mp4,media,media/main/real/L1-02/L1-02_L2-02b_0004__scene_018.mp4,https://www.dvidshub.net/video/944147/stinger-missile-live-fire-exercise-afn-broll,3,3,2,2,True
hailuo_2_3_fast::L1-02_L2-02d_0001__scene_002,L1-02_L2-02d_0001__scene_002,hailuo_2_3_fast,Hailuo,closed_source,media/main/generated/hailuo_2_3_fast/L1-02_L2-02d_0001__scene_002.mp4,media,media/main/real/L1-02/L1-02_L2-02d_0001__scene_002.mp4,https://www.dvidshub.net/video/998309/b-roll-task-force-ashland-conducts-counter-landing-defense-during-exercise-cobra-gold-2026,3,3,2,2,True
hailuo_2_3_fast::L1-02_L2-02d_0002__scene_010,L1-02_L2-02d_0002__scene_010,hailuo_2_3_fast,Hailuo,closed_source,media/main/generated/hailuo_2_3_fast/L1-02_L2-02d_0002__scene_010.mp4,media,media/main/real/L1-02/L1-02_L2-02d_0002__scene_010.mp4,https://www.dvidshub.net/video/997776/b-roll-spanish-air-force-nh90-helicopter-during-touch-and-go-training-during-exercise-sentry-south-26-2,3,3,2,2,True
hailuo_2_3_fast::L1-02_L2-02d_0014__scene_002,L1-02_L2-02d_0014__scene_002,hailuo_2_3_fast,Hailuo,closed_source,media/main/generated/hailuo_2_3_fast/L1-02_L2-02d_0014__scene_002.mp4,media,media/main/real/L1-02/L1-02_L2-02d_0014__scene_002.mp4,https://www.dvidshub.net/video/962878/b-roll-force-force-training-swift-response-25,3,3,2,2,True
hailuo_2_3_fast::L1-02_L2-02d_0015__scene_003,L1-02_L2-02d_0015__scene_003,hailuo_2_3_fast,Hailuo,closed_source,media/main/generated/hailuo_2_3_fast/L1-02_L2-02d_0015__scene_003.mp4,media,media/main/real/L1-02/L1-02_L2-02d_0015__scene_003.mp4,https://www.dvidshub.net/video/945046/parade-celebrates-20-years-nato-restoration-lithuanian-armed-forces,3,3,2,2,True
hailuo_2_3_fast::L1-03_L2-03d_0010__scene_013,L1-03_L2-03d_0010__scene_013,hailuo_2_3_fast,Hailuo,closed_source,media/main/generated/hailuo_2_3_fast/L1-03_L2-03d_0010__scene_013.mp4,media,media/main/real/L1-03/L1-03_L2-03d_0010__scene_013.mp4,https://www.whitehouse.gov/videos/president-trump-and-the-first-lady-participate-in-a-windsor-castle-arrival-ceremony/,3,3,2,2,True
hailuo_2_3_fast::L1-04_L2-04a_0009__scene_007,L1-04_L2-04a_0009__scene_007,hailuo_2_3_fast,Hailuo,closed_source,media/main/generated/hailuo_2_3_fast/L1-04_L2-04a_0009__scene_007.mp4,media,media/main/real/L1-04/L1-04_L2-04a_0009__scene_007.mp4,https://www.dvidshub.net/video/949329/california-army-national-guard-military-police-provide-traffic-check-point-support-near-eaton-fire-area,3,3,2,2,True
hailuo_2_3_fast::L1-04_L2-04a_0010__scene_016,L1-04_L2-04a_0010__scene_016,hailuo_2_3_fast,Hailuo,closed_source,media/main/generated/hailuo_2_3_fast/L1-04_L2-04a_0010__scene_016.mp4,media,media/main/real/L1-04/L1-04_L2-04a_0010__scene_016.mp4,https://www.dvidshub.net/video/792081/minnesota-guardsmen-provide-security-brooklyn-center-police-department,3,3,2,2,True
hailuo_2_3_fast::L1-04_L2-04a_0010__scene_020,L1-04_L2-04a_0010__scene_020,hailuo_2_3_fast,Hailuo,closed_source,media/main/generated/hailuo_2_3_fast/L1-04_L2-04a_0010__scene_020.mp4,media,media/main/real/L1-04/L1-04_L2-04a_0010__scene_020.mp4,https://www.dvidshub.net/video/792081/minnesota-guardsmen-provide-security-brooklyn-center-police-department,3,3,2,2,True
hailuo_2_3_fast::L1-04_L2-04a_0012__scene_002,L1-04_L2-04a_0012__scene_002,hailuo_2_3_fast,Hailuo,closed_source,media/main/generated/hailuo_2_3_fast/L1-04_L2-04a_0012__scene_002.mp4,media,media/main/real/L1-04/L1-04_L2-04a_0012__scene_002.mp4,https://www.dvidshub.net/video/755447/idaho-national-guard-support-dc-civil-unrest-response-efforts,3,3,2,2,True
hailuo_2_3_fast::L1-04_L2-04a_0012__scene_013,L1-04_L2-04a_0012__scene_013,hailuo_2_3_fast,Hailuo,closed_source,media/main/generated/hailuo_2_3_fast/L1-04_L2-04a_0012__scene_013.mp4,media,media/main/real/L1-04/L1-04_L2-04a_0012__scene_013.mp4,https://www.dvidshub.net/video/755447/idaho-national-guard-support-dc-civil-unrest-response-efforts,3,3,2,2,True
hailuo_2_3_fast::L1-04_L2-04b_0019__scene_003,L1-04_L2-04b_0019__scene_003,hailuo_2_3_fast,Hailuo,closed_source,media/main/generated/hailuo_2_3_fast/L1-04_L2-04b_0019__scene_003.mp4,url_only,,https://www.youtube.com/watch?v=FV_lyDuddxA,3,3,2,2,True
hailuo_2_3_fast::L1-04_L2-04d_0011__scene_019,L1-04_L2-04d_0011__scene_019,hailuo_2_3_fast,Hailuo,closed_source,media/main/generated/hailuo_2_3_fast/L1-04_L2-04d_0011__scene_019.mp4,media,media/main/real/L1-04/L1-04_L2-04d_0011__scene_019.mp4,https://www.dvidshub.net/video/952285/usar-k9-dogs-conduct-search-missions-pacific-palisades,3,3,2,2,True
hailuo_2_3_fast::L1-04_L2-04d_0014__scene_016,L1-04_L2-04d_0014__scene_016,hailuo_2_3_fast,Hailuo,closed_source,media/main/generated/hailuo_2_3_fast/L1-04_L2-04d_0014__scene_016.mp4,media,media/main/real/L1-04/L1-04_L2-04d_0014__scene_016.mp4,https://www.dvidshub.net/video/936318/pp24-2-phl-urban-search-and-rescue,3,3,2,2,True
hailuo_2_3_fast::L1-05_L2-05a_0015__scene_006,L1-05_L2-05a_0015__scene_006,hailuo_2_3_fast,Hailuo,closed_source,media/main/generated/hailuo_2_3_fast/L1-05_L2-05a_0015__scene_006.mp4,url_only,,https://www.youtube.com/watch?v=TzNX5tJ-OcU,3,3,2,2,True
hailuo_2_3_fast::L1-05_L2-05a_0016__scene_036,L1-05_L2-05a_0016__scene_036,hailuo_2_3_fast,Hailuo,closed_source,media/main/generated/hailuo_2_3_fast/L1-05_L2-05a_0016__scene_036.mp4,url_only,,https://www.youtube.com/watch?v=XKfF_CLANNU,3,3,2,2,True
hailuo_2_3_fast::L1-05_L2-05b_0011__scene_013,L1-05_L2-05b_0011__scene_013,hailuo_2_3_fast,Hailuo,closed_source,media/main/generated/hailuo_2_3_fast/L1-05_L2-05b_0011__scene_013.mp4,url_only,,https://www.youtube.com/watch?v=7AyXTVkVBT4,3,3,2,2,True
hailuo_2_3_fast::L1-05_L2-05c_0013__scene_023,L1-05_L2-05c_0013__scene_023,hailuo_2_3_fast,Hailuo,closed_source,media/main/generated/hailuo_2_3_fast/L1-05_L2-05c_0013__scene_023.mp4,url_only,,https://www.youtube.com/watch?v=3OBB3N7yZPU,3,3,2,2,True
hailuo_2_3_fast::L1-05_L2-05d_0013__scene_003,L1-05_L2-05d_0013__scene_003,hailuo_2_3_fast,Hailuo,closed_source,media/main/generated/hailuo_2_3_fast/L1-05_L2-05d_0013__scene_003.mp4,url_only,,https://www.youtube.com/watch?v=Ppk0RrrQ8OE,3,3,2,2,True
hailuo_2_3_fast::L1-05_L2-05d_0014__scene_004,L1-05_L2-05d_0014__scene_004,hailuo_2_3_fast,Hailuo,closed_source,media/main/generated/hailuo_2_3_fast/L1-05_L2-05d_0014__scene_004.mp4,url_only,,https://www.youtube.com/watch?v=O0bZtjXQHms,3,3,2,2,True
hailuo_2_3_fast::L1-05_L2-05d_0014__scene_008,L1-05_L2-05d_0014__scene_008,hailuo_2_3_fast,Hailuo,closed_source,media/main/generated/hailuo_2_3_fast/L1-05_L2-05d_0014__scene_008.mp4,url_only,,https://www.youtube.com/watch?v=O0bZtjXQHms,3,3,2,2,True
hailuo_2_3_fast::L1-05_L2-05d_0016__scene_001,L1-05_L2-05d_0016__scene_001,hailuo_2_3_fast,Hailuo,closed_source,media/main/generated/hailuo_2_3_fast/L1-05_L2-05d_0016__scene_001.mp4,url_only,,https://www.youtube.com/watch?v=JGRq5OTtQcY,3,3,2,2,True
hailuo_2_3_fast::L1-05_L2-05d_0016__scene_002,L1-05_L2-05d_0016__scene_002,hailuo_2_3_fast,Hailuo,closed_source,media/main/generated/hailuo_2_3_fast/L1-05_L2-05d_0016__scene_002.mp4,url_only,,https://www.youtube.com/watch?v=JGRq5OTtQcY,3,3,2,2,True
hailuo_2_3_fast::L1-07_L2-07a_0014__scene_003,L1-07_L2-07a_0014__scene_003,hailuo_2_3_fast,Hailuo,closed_source,media/main/generated/hailuo_2_3_fast/L1-07_L2-07a_0014__scene_003.mp4,media,media/main/real/L1-07/L1-07_L2-07a_0014__scene_003.mp4,https://www.dvidshub.net/video/745937,3,3,2,2,True
hailuo_2_3_fast::L1-07_L2-07a_0014__scene_006,L1-07_L2-07a_0014__scene_006,hailuo_2_3_fast,Hailuo,closed_source,media/main/generated/hailuo_2_3_fast/L1-07_L2-07a_0014__scene_006.mp4,media,media/main/real/L1-07/L1-07_L2-07a_0014__scene_006.mp4,https://www.dvidshub.net/video/745937,3,3,2,2,True
hailuo_2_3_fast::L1-07_L2-07b_0004__scene_006,L1-07_L2-07b_0004__scene_006,hailuo_2_3_fast,Hailuo,closed_source,media/main/generated/hailuo_2_3_fast/L1-07_L2-07b_0004__scene_006.mp4,media,media/main/real/L1-07/L1-07_L2-07b_0004__scene_006.mp4,https://www.dvidshub.net/video/830346,3,3,2,2,True
hailuo_2_3_fast::L1-07_L2-07b_0005__scene_009,L1-07_L2-07b_0005__scene_009,hailuo_2_3_fast,Hailuo,closed_source,media/main/generated/hailuo_2_3_fast/L1-07_L2-07b_0005__scene_009.mp4,media,media/main/real/L1-07/L1-07_L2-07b_0005__scene_009.mp4,https://www.dvidshub.net/video/830060,3,3,2,2,True
hailuo_2_3_fast::L1-07_L2-07b_0013__scene_024,L1-07_L2-07b_0013__scene_024,hailuo_2_3_fast,Hailuo,closed_source,media/main/generated/hailuo_2_3_fast/L1-07_L2-07b_0013__scene_024.mp4,media,media/main/real/L1-07/L1-07_L2-07b_0013__scene_024.mp4,https://www.dvidshub.net/video/749448,3,3,2,2,True
hailuo_2_3_fast::L1-07_L2-07c_0015__scene_010,L1-07_L2-07c_0015__scene_010,hailuo_2_3_fast,Hailuo,closed_source,media/main/generated/hailuo_2_3_fast/L1-07_L2-07c_0015__scene_010.mp4,media,media/main/real/L1-07/L1-07_L2-07c_0015__scene_010.mp4,https://www.dvidshub.net/video/781530,3,3,2,2,True
hailuo_2_3_fast::L1-07_L2-07c_0015__scene_011,L1-07_L2-07c_0015__scene_011,hailuo_2_3_fast,Hailuo,closed_source,media/main/generated/hailuo_2_3_fast/L1-07_L2-07c_0015__scene_011.mp4,media,media/main/real/L1-07/L1-07_L2-07c_0015__scene_011.mp4,https://www.dvidshub.net/video/781530,3,3,2,2,True
hailuo_2_3_fast::L1-07_L2-07d_0009__scene_002,L1-07_L2-07d_0009__scene_002,hailuo_2_3_fast,Hailuo,closed_source,media/main/generated/hailuo_2_3_fast/L1-07_L2-07d_0009__scene_002.mp4,media,media/main/real/L1-07/L1-07_L2-07d_0009__scene_002.mp4,https://www.dvidshub.net/video/748275,3,3,2,2,True
hailuo_2_3_fast::L1-08_L2-08a_0002__scene_032,L1-08_L2-08a_0002__scene_032,hailuo_2_3_fast,Hailuo,closed_source,media/main/generated/hailuo_2_3_fast/L1-08_L2-08a_0002__scene_032.mp4,url_only,,https://www.youtube.com/watch?v=hS1YqcewH0c,3,3,2,2,True
hailuo_2_3_fast::L1-08_L2-08d_0001__scene_024,L1-08_L2-08d_0001__scene_024,hailuo_2_3_fast,Hailuo,closed_source,media/main/generated/hailuo_2_3_fast/L1-08_L2-08d_0001__scene_024.mp4,url_only,,https://www.youtube.com/watch?v=r1R3RDPvPeg,3,3,2,2,True
hailuo_2_3_fast::L1-08_L2-08d_0005__scene_057,L1-08_L2-08d_0005__scene_057,hailuo_2_3_fast,Hailuo,closed_source,media/main/generated/hailuo_2_3_fast/L1-08_L2-08d_0005__scene_057.mp4,url_only,,https://www.youtube.com/watch?v=51iONeETSng,3,3,2,2,True
hailuo_2_3_fast::L1-10_L2-10e_0015__scene_002,L1-10_L2-10e_0015__scene_002,hailuo_2_3_fast,Hailuo,closed_source,media/main/generated/hailuo_2_3_fast/L1-10_L2-10e_0015__scene_002.mp4,media,media/main/real/L1-10/L1-10_L2-10e_0015__scene_002.mp4,https://www.pexels.com/video/fireworks-display-in-dubai-during-new-year-s-celebrations-14980605/,3,3,2,2,True
happy_horse::L1-01_L2-01a_0009__scene_003,L1-01_L2-01a_0009__scene_003,happy_horse,HappyHorse,closed_source,media/main/generated/happy_horse/L1-01_L2-01a_0009__scene_003.mp4,media,media/main/real/L1-01/L1-01_L2-01a_0009__scene_003.mp4,https://www.dvidshub.net/video/884751/team-andersen-conducts-recovery-operations-after-typhoon-mawar,3,3,2,2,True
happy_horse::L1-01_L2-01a_0015__scene_010,L1-01_L2-01a_0015__scene_010,happy_horse,HappyHorse,closed_source,media/main/generated/happy_horse/L1-01_L2-01a_0015__scene_010.mp4,media,media/main/real/L1-01/L1-01_L2-01a_0015__scene_010.mp4,https://www.dvidshub.net/video/758724/jackson-tornado-1984,3,3,2,2,True
happy_horse::L1-01_L2-01b_0005__scene_012,L1-01_L2-01b_0005__scene_012,happy_horse,HappyHorse,closed_source,media/main/generated/happy_horse/L1-01_L2-01b_0005__scene_012.mp4,media,media/main/real/L1-01/L1-01_L2-01b_0005__scene_012.mp4,https://www.dvidshub.net/video/951064/palisades-fire-b-roll,3,3,2,2,True
happy_horse::L1-01_L2-01b_0005__scene_025,L1-01_L2-01b_0005__scene_025,happy_horse,HappyHorse,closed_source,media/main/generated/happy_horse/L1-01_L2-01b_0005__scene_025.mp4,media,media/main/real/L1-01/L1-01_L2-01b_0005__scene_025.mp4,https://www.dvidshub.net/video/951064/palisades-fire-b-roll,3,3,2,2,True
happy_horse::L1-01_L2-01d_0004__scene_011,L1-01_L2-01d_0004__scene_011,happy_horse,HappyHorse,closed_source,media/main/generated/happy_horse/L1-01_L2-01d_0004__scene_011.mp4,media,media/main/real/L1-01/L1-01_L2-01d_0004__scene_011.mp4,https://www.dvidshub.net/video/971051/texas-guard-czech-firefighters-civilian-responders-conduct-joint-search-operations-near-kerrville-tx,3,3,2,2,True
happy_horse::L1-01_L2-01d_0017__scene_001,L1-01_L2-01d_0017__scene_001,happy_horse,HappyHorse,closed_source,media/main/generated/happy_horse/L1-01_L2-01d_0017__scene_001.mp4,media,media/main/real/L1-01/L1-01_L2-01d_0017__scene_001.mp4,https://www.dvidshub.net/video/506501/camp-pendleton-flood-areas-aerial-view,3,3,2,2,True
happy_horse::L1-01_L2-01d_0017__scene_003,L1-01_L2-01d_0017__scene_003,happy_horse,HappyHorse,closed_source,media/main/generated/happy_horse/L1-01_L2-01d_0017__scene_003.mp4,media,media/main/real/L1-01/L1-01_L2-01d_0017__scene_003.mp4,https://www.dvidshub.net/video/506501/camp-pendleton-flood-areas-aerial-view,3,3,2,2,True
happy_horse::L1-02_L2-02a_0004__scene_022,L1-02_L2-02a_0004__scene_022,happy_horse,HappyHorse,closed_source,media/main/generated/happy_horse/L1-02_L2-02a_0004__scene_022.mp4,media,media/main/real/L1-02/L1-02_L2-02a_0004__scene_022.mp4,https://www.dvidshub.net/video/32368/insurgents-haifa-street,3,3,2,2,True
happy_horse::L1-02_L2-02a_0004__scene_051,L1-02_L2-02a_0004__scene_051,happy_horse,HappyHorse,closed_source,media/main/generated/happy_horse/L1-02_L2-02a_0004__scene_051.mp4,media,media/main/real/L1-02/L1-02_L2-02a_0004__scene_051.mp4,https://www.dvidshub.net/video/32368/insurgents-haifa-street,3,3,2,2,True
happy_horse::L1-02_L2-02b_0008__scene_023,L1-02_L2-02b_0008__scene_023,happy_horse,HappyHorse,closed_source,media/main/generated/happy_horse/L1-02_L2-02b_0008__scene_023.mp4,media,media/main/real/L1-02/L1-02_L2-02b_0008__scene_023.mp4,https://www.dvidshub.net/video/858956/aim-9x-sidewinder-live-fire-missile-exercise-b-roll,3,3,2,2,True
happy_horse::L1-02_L2-02c_0003__scene_002,L1-02_L2-02c_0003__scene_002,happy_horse,HappyHorse,closed_source,media/main/generated/happy_horse/L1-02_L2-02c_0003__scene_002.mp4,media,media/main/real/L1-02/L1-02_L2-02c_0003__scene_002.mp4,https://www.dvidshub.net/video/985972/1st-maw-holds-elephant-walk-mcas-futenma,3,3,2,2,True
happy_horse::L1-02_L2-02c_0003__scene_017,L1-02_L2-02c_0003__scene_017,happy_horse,HappyHorse,closed_source,media/main/generated/happy_horse/L1-02_L2-02c_0003__scene_017.mp4,media,media/main/real/L1-02/L1-02_L2-02c_0003__scene_017.mp4,https://www.dvidshub.net/video/985972/1st-maw-holds-elephant-walk-mcas-futenma,3,3,2,2,True
happy_horse::L1-02_L2-02c_0009__scene_004,L1-02_L2-02c_0009__scene_004,happy_horse,HappyHorse,closed_source,media/main/generated/happy_horse/L1-02_L2-02c_0009__scene_004.mp4,media,media/main/real/L1-02/L1-02_L2-02c_0009__scene_004.mp4,https://www.dvidshub.net/video/955407/navy-super-hornets-fly-formation-over-uscentcom-aor-stringer,3,3,2,2,True
happy_horse::L1-02_L2-02d_0001__scene_010,L1-02_L2-02d_0001__scene_010,happy_horse,HappyHorse,closed_source,media/main/generated/happy_horse/L1-02_L2-02d_0001__scene_010.mp4,media,media/main/real/L1-02/L1-02_L2-02d_0001__scene_010.mp4,https://www.dvidshub.net/video/998309/b-roll-task-force-ashland-conducts-counter-landing-defense-during-exercise-cobra-gold-2026,3,3,2,2,True
happy_horse::L1-02_L2-02d_0008__scene_021,L1-02_L2-02d_0008__scene_021,happy_horse,HappyHorse,closed_source,media/main/generated/happy_horse/L1-02_L2-02d_0008__scene_021.mp4,media,media/main/real/L1-02/L1-02_L2-02d_0008__scene_021.mp4,https://www.dvidshub.net/video/965885/us-soldiers-rehearse-saber-guardian-25,3,3,2,2,True
happy_horse::L1-02_L2-02d_0014__scene_021,L1-02_L2-02d_0014__scene_021,happy_horse,HappyHorse,closed_source,media/main/generated/happy_horse/L1-02_L2-02d_0014__scene_021.mp4,media,media/main/real/L1-02/L1-02_L2-02d_0014__scene_021.mp4,https://www.dvidshub.net/video/962878/b-roll-force-force-training-swift-response-25,3,3,2,2,True
happy_horse::L1-02_L2-02d_0015__scene_009,L1-02_L2-02d_0015__scene_009,happy_horse,HappyHorse,closed_source,media/main/generated/happy_horse/L1-02_L2-02d_0015__scene_009.mp4,media,media/main/real/L1-02/L1-02_L2-02d_0015__scene_009.mp4,https://www.dvidshub.net/video/945046/parade-celebrates-20-years-nato-restoration-lithuanian-armed-forces,3,3,2,2,True
happy_horse::L1-03_L2-03a_0010__scene_068,L1-03_L2-03a_0010__scene_068,happy_horse,HappyHorse,closed_source,media/main/generated/happy_horse/L1-03_L2-03a_0010__scene_068.mp4,media,media/main/real/L1-03/L1-03_L2-03a_0010__scene_068.mp4,https://www.whitehouse.gov/videos/press-secretary-karoline-leavitt-briefs-members-of-the-media-nov-4-2025/,3,3,2,2,True
happy_horse::L1-03_L2-03a_0011__scene_061,L1-03_L2-03a_0011__scene_061,happy_horse,HappyHorse,closed_source,media/main/generated/happy_horse/L1-03_L2-03a_0011__scene_061.mp4,media,media/main/real/L1-03/L1-03_L2-03a_0011__scene_061.mp4,https://www.whitehouse.gov/videos/press-secretary-karoline-leavitt-briefs-members-of-the-media-oct-23-2025/,3,3,2,2,True
happy_horse::L1-03_L2-03a_0011__scene_064,L1-03_L2-03a_0011__scene_064,happy_horse,HappyHorse,closed_source,media/main/generated/happy_horse/L1-03_L2-03a_0011__scene_064.mp4,media,media/main/real/L1-03/L1-03_L2-03a_0011__scene_064.mp4,https://www.whitehouse.gov/videos/press-secretary-karoline-leavitt-briefs-members-of-the-media-oct-23-2025/,3,3,2,2,True
happy_horse::L1-03_L2-03b_0007__scene_022,L1-03_L2-03b_0007__scene_022,happy_horse,HappyHorse,closed_source,media/main/generated/happy_horse/L1-03_L2-03b_0007__scene_022.mp4,media,media/main/real/L1-03/L1-03_L2-03b_0007__scene_022.mp4,https://multimedia.europarl.europa.eu/en/video/four-years-of-russias-war-of-aggression-against-ukraine-and-european-contributions-to-a-just-peace-and-sustained-security-for-ukraine-meps-debate_I285177,3,3,2,2,True
happy_horse::L1-03_L2-03b_0007__scene_066,L1-03_L2-03b_0007__scene_066,happy_horse,HappyHorse,closed_source,media/main/generated/happy_horse/L1-03_L2-03b_0007__scene_066.mp4,media,media/main/real/L1-03/L1-03_L2-03b_0007__scene_066.mp4,https://multimedia.europarl.europa.eu/en/video/four-years-of-russias-war-of-aggression-against-ukraine-and-european-contributions-to-a-just-peace-and-sustained-security-for-ukraine-meps-debate_I285177,3,3,2,2,True
happy_horse::L1-03_L2-03b_0009__scene_013,L1-03_L2-03b_0009__scene_013,happy_horse,HappyHorse,closed_source,media/main/generated/happy_horse/L1-03_L2-03b_0009__scene_013.mp4,media,media/main/real/L1-03/L1-03_L2-03b_0009__scene_013.mp4,https://multimedia.europarl.europa.eu/en/video/four-years-of-russias-war-of-aggression-against-ukraine-and-european-contributions-to-a-just-peace-and-sustained-security-for-ukraine-one-round-of-political-group-leaders_I285499,3,3,2,2,True
happy_horse::L1-04_L2-04a_0007__scene_006,L1-04_L2-04a_0007__scene_006,happy_horse,HappyHorse,closed_source,media/main/generated/happy_horse/L1-04_L2-04a_0007__scene_006.mp4,media,media/main/real/L1-04/L1-04_L2-04a_0007__scene_006.mp4,https://www.dvidshub.net/video/968080/b-roll-california-national-guard-supports-security-operations-los-angeles,3,3,2,2,True
happy_horse::L1-04_L2-04a_0010__scene_003,L1-04_L2-04a_0010__scene_003,happy_horse,HappyHorse,closed_source,media/main/generated/happy_horse/L1-04_L2-04a_0010__scene_003.mp4,media,media/main/real/L1-04/L1-04_L2-04a_0010__scene_003.mp4,https://www.dvidshub.net/video/792081/minnesota-guardsmen-provide-security-brooklyn-center-police-department,3,3,2,2,True
happy_horse::L1-04_L2-04a_0010__scene_030,L1-04_L2-04a_0010__scene_030,happy_horse,HappyHorse,closed_source,media/main/generated/happy_horse/L1-04_L2-04a_0010__scene_030.mp4,media,media/main/real/L1-04/L1-04_L2-04a_0010__scene_030.mp4,https://www.dvidshub.net/video/792081/minnesota-guardsmen-provide-security-brooklyn-center-police-department,3,3,2,2,True
happy_horse::L1-04_L2-04a_0012__scene_002,L1-04_L2-04a_0012__scene_002,happy_horse,HappyHorse,closed_source,media/main/generated/happy_horse/L1-04_L2-04a_0012__scene_002.mp4,media,media/main/real/L1-04/L1-04_L2-04a_0012__scene_002.mp4,https://www.dvidshub.net/video/755447/idaho-national-guard-support-dc-civil-unrest-response-efforts,3,3,2,2,True
happy_horse::L1-04_L2-04b_0016__scene_015,L1-04_L2-04b_0016__scene_015,happy_horse,HappyHorse,closed_source,media/main/generated/happy_horse/L1-04_L2-04b_0016__scene_015.mp4,url_only,,https://www.youtube.com/watch?v=MbspKeMop6g,3,3,2,2,True
happy_horse::L1-04_L2-04b_0018__scene_015,L1-04_L2-04b_0018__scene_015,happy_horse,HappyHorse,closed_source,media/main/generated/happy_horse/L1-04_L2-04b_0018__scene_015.mp4,url_only,,https://www.youtube.com/watch?v=5tvker-nNtA,3,3,2,2,True
happy_horse::L1-04_L2-04b_0023__scene_002,L1-04_L2-04b_0023__scene_002,happy_horse,HappyHorse,closed_source,media/main/generated/happy_horse/L1-04_L2-04b_0023__scene_002.mp4,url_only,,https://www.youtube.com/watch?v=UKPwIQBEA0o,3,3,2,2,True
happy_horse::L1-04_L2-04b_0023__scene_007,L1-04_L2-04b_0023__scene_007,happy_horse,HappyHorse,closed_source,media/main/generated/happy_horse/L1-04_L2-04b_0023__scene_007.mp4,url_only,,https://www.youtube.com/watch?v=UKPwIQBEA0o,3,3,2,2,True
happy_horse::L1-04_L2-04c_0006__scene_001,L1-04_L2-04c_0006__scene_001,happy_horse,HappyHorse,closed_source,media/main/generated/happy_horse/L1-04_L2-04c_0006__scene_001.mp4,media,media/main/real/L1-04/L1-04_L2-04c_0006__scene_001.mp4,https://www.dvidshub.net/video/977950/os25-mass-casualty-and-aviation-exercise-broll,3,3,2,2,True
happy_horse::L1-04_L2-04c_0011__scene_008,L1-04_L2-04c_0011__scene_008,happy_horse,HappyHorse,closed_source,media/main/generated/happy_horse/L1-04_L2-04c_0011__scene_008.mp4,media,media/main/real/L1-04/L1-04_L2-04c_0011__scene_008.mp4,https://www.dvidshub.net/video/957316/active-shooter-exercise,3,3,2,2,True
happy_horse::L1-04_L2-04d_0011__scene_029,L1-04_L2-04d_0011__scene_029,happy_horse,HappyHorse,closed_source,media/main/generated/happy_horse/L1-04_L2-04d_0011__scene_029.mp4,media,media/main/real/L1-04/L1-04_L2-04d_0011__scene_029.mp4,https://www.dvidshub.net/video/952285/usar-k9-dogs-conduct-search-missions-pacific-palisades,3,3,2,2,True
happy_horse::L1-04_L2-04d_0014__scene_002,L1-04_L2-04d_0014__scene_002,happy_horse,HappyHorse,closed_source,media/main/generated/happy_horse/L1-04_L2-04d_0014__scene_002.mp4,media,media/main/real/L1-04/L1-04_L2-04d_0014__scene_002.mp4,https://www.dvidshub.net/video/936318/pp24-2-phl-urban-search-and-rescue,3,3,2,2,True
happy_horse::L1-05_L2-05a_0013__scene_006,L1-05_L2-05a_0013__scene_006,happy_horse,HappyHorse,closed_source,media/main/generated/happy_horse/L1-05_L2-05a_0013__scene_006.mp4,url_only,,https://www.youtube.com/watch?v=VO8HdzYa6f4,3,3,2,2,True
happy_horse::L1-05_L2-05a_0013__scene_023,L1-05_L2-05a_0013__scene_023,happy_horse,HappyHorse,closed_source,media/main/generated/happy_horse/L1-05_L2-05a_0013__scene_023.mp4,url_only,,https://www.youtube.com/watch?v=VO8HdzYa6f4,3,3,2,2,True
happy_horse::L1-05_L2-05a_0016__scene_036,L1-05_L2-05a_0016__scene_036,happy_horse,HappyHorse,closed_source,media/main/generated/happy_horse/L1-05_L2-05a_0016__scene_036.mp4,url_only,,https://www.youtube.com/watch?v=XKfF_CLANNU,3,3,2,2,True
happy_horse::L1-05_L2-05b_0011__scene_005,L1-05_L2-05b_0011__scene_005,happy_horse,HappyHorse,closed_source,media/main/generated/happy_horse/L1-05_L2-05b_0011__scene_005.mp4,url_only,,https://www.youtube.com/watch?v=7AyXTVkVBT4,3,3,2,2,True
happy_horse::L1-05_L2-05b_0011__scene_011,L1-05_L2-05b_0011__scene_011,happy_horse,HappyHorse,closed_source,media/main/generated/happy_horse/L1-05_L2-05b_0011__scene_011.mp4,url_only,,https://www.youtube.com/watch?v=7AyXTVkVBT4,3,3,2,2,True
happy_horse::L1-05_L2-05c_0015__scene_001,L1-05_L2-05c_0015__scene_001,happy_horse,HappyHorse,closed_source,media/main/generated/happy_horse/L1-05_L2-05c_0015__scene_001.mp4,url_only,,https://www.youtube.com/watch?v=hGj_zvoIQ7w,3,3,2,2,True
happy_horse::L1-05_L2-05c_0015__scene_006,L1-05_L2-05c_0015__scene_006,happy_horse,HappyHorse,closed_source,media/main/generated/happy_horse/L1-05_L2-05c_0015__scene_006.mp4,url_only,,https://www.youtube.com/watch?v=hGj_zvoIQ7w,3,3,2,2,True
happy_horse::L1-05_L2-05d_0013__scene_001,L1-05_L2-05d_0013__scene_001,happy_horse,HappyHorse,closed_source,media/main/generated/happy_horse/L1-05_L2-05d_0013__scene_001.mp4,url_only,,https://www.youtube.com/watch?v=Ppk0RrrQ8OE,3,3,2,2,True
happy_horse::L1-05_L2-05d_0014__scene_003,L1-05_L2-05d_0014__scene_003,happy_horse,HappyHorse,closed_source,media/main/generated/happy_horse/L1-05_L2-05d_0014__scene_003.mp4,url_only,,https://www.youtube.com/watch?v=O0bZtjXQHms,3,3,2,2,True
happy_horse::L1-05_L2-05d_0016__scene_001,L1-05_L2-05d_0016__scene_001,happy_horse,HappyHorse,closed_source,media/main/generated/happy_horse/L1-05_L2-05d_0016__scene_001.mp4,url_only,,https://www.youtube.com/watch?v=JGRq5OTtQcY,3,3,2,2,True
happy_horse::L1-05_L2-05d_0016__scene_003,L1-05_L2-05d_0016__scene_003,happy_horse,HappyHorse,closed_source,media/main/generated/happy_horse/L1-05_L2-05d_0016__scene_003.mp4,url_only,,https://www.youtube.com/watch?v=JGRq5OTtQcY,3,3,2,2,True
happy_horse::L1-05_L2-05e_0016__scene_014,L1-05_L2-05e_0016__scene_014,happy_horse,HappyHorse,closed_source,media/main/generated/happy_horse/L1-05_L2-05e_0016__scene_014.mp4,url_only,,https://www.youtube.com/watch?v=aeJKqojmHgY,3,3,2,2,True
happy_horse::L1-06_L2-06a_0006__scene_003,L1-06_L2-06a_0006__scene_003,happy_horse,HappyHorse,closed_source,media/main/generated/happy_horse/L1-06_L2-06a_0006__scene_003.mp4,url_only,,https://www.youtube.com/watch?v=faus3Ff9deQ,3,3,2,2,True
happy_horse::L1-06_L2-06a_0007__scene_001,L1-06_L2-06a_0007__scene_001,happy_horse,HappyHorse,closed_source,media/main/generated/happy_horse/L1-06_L2-06a_0007__scene_001.mp4,url_only,,https://www.youtube.com/watch?v=24ignd5MDms,3,3,2,2,True
happy_horse::L1-06_L2-06c_0008__scene_013,L1-06_L2-06c_0008__scene_013,happy_horse,HappyHorse,closed_source,media/main/generated/happy_horse/L1-06_L2-06c_0008__scene_013.mp4,url_only,,https://www.youtube.com/watch?v=dJ5F2xpmt-Q,3,3,2,2,True
happy_horse::L1-06_L2-06c_0010__scene_021,L1-06_L2-06c_0010__scene_021,happy_horse,HappyHorse,closed_source,media/main/generated/happy_horse/L1-06_L2-06c_0010__scene_021.mp4,url_only,,https://www.youtube.com/watch?v=rxZj21ZKa2k,3,3,2,2,True
happy_horse::L1-07_L2-07a_0011__scene_029,L1-07_L2-07a_0011__scene_029,happy_horse,HappyHorse,closed_source,media/main/generated/happy_horse/L1-07_L2-07a_0011__scene_029.mp4,media,media/main/real/L1-07/L1-07_L2-07a_0011__scene_029.mp4,https://www.dvidshub.net/video/773973,3,3,2,2,True
happy_horse::L1-07_L2-07a_0013__scene_011,L1-07_L2-07a_0013__scene_011,happy_horse,HappyHorse,closed_source,media/main/generated/happy_horse/L1-07_L2-07a_0013__scene_011.mp4,media,media/main/real/L1-07/L1-07_L2-07a_0013__scene_011.mp4,https://www.dvidshub.net/video/747459,3,3,2,2,True
happy_horse::L1-07_L2-07a_0014__scene_002,L1-07_L2-07a_0014__scene_002,happy_horse,HappyHorse,closed_source,media/main/generated/happy_horse/L1-07_L2-07a_0014__scene_002.mp4,media,media/main/real/L1-07/L1-07_L2-07a_0014__scene_002.mp4,https://www.dvidshub.net/video/745937,3,3,2,2,True
happy_horse::L1-07_L2-07a_0015__scene_055,L1-07_L2-07a_0015__scene_055,happy_horse,HappyHorse,closed_source,media/main/generated/happy_horse/L1-07_L2-07a_0015__scene_055.mp4,media,media/main/real/L1-07/L1-07_L2-07a_0015__scene_055.mp4,https://www.dvidshub.net/video/742071,3,3,2,2,True
happy_horse::L1-07_L2-07b_0004__scene_003,L1-07_L2-07b_0004__scene_003,happy_horse,HappyHorse,closed_source,media/main/generated/happy_horse/L1-07_L2-07b_0004__scene_003.mp4,media,media/main/real/L1-07/L1-07_L2-07b_0004__scene_003.mp4,https://www.dvidshub.net/video/830346,3,3,2,2,True
happy_horse::L1-07_L2-07b_0007__scene_007,L1-07_L2-07b_0007__scene_007,happy_horse,HappyHorse,closed_source,media/main/generated/happy_horse/L1-07_L2-07b_0007__scene_007.mp4,media,media/main/real/L1-07/L1-07_L2-07b_0007__scene_007.mp4,https://www.dvidshub.net/video/829867,3,3,2,2,True
happy_horse::L1-07_L2-07b_0009__scene_005,L1-07_L2-07b_0009__scene_005,happy_horse,HappyHorse,closed_source,media/main/generated/happy_horse/L1-07_L2-07b_0009__scene_005.mp4,media,media/main/real/L1-07/L1-07_L2-07b_0009__scene_005.mp4,https://www.dvidshub.net/video/827802,3,3,2,2,True
happy_horse::L1-07_L2-07b_0009__scene_010,L1-07_L2-07b_0009__scene_010,happy_horse,HappyHorse,closed_source,media/main/generated/happy_horse/L1-07_L2-07b_0009__scene_010.mp4,media,media/main/real/L1-07/L1-07_L2-07b_0009__scene_010.mp4,https://www.dvidshub.net/video/827802,3,3,2,2,True
happy_horse::L1-07_L2-07b_0011__scene_003,L1-07_L2-07b_0011__scene_003,happy_horse,HappyHorse,closed_source,media/main/generated/happy_horse/L1-07_L2-07b_0011__scene_003.mp4,media,media/main/real/L1-07/L1-07_L2-07b_0011__scene_003.mp4,https://www.dvidshub.net/video/775741,3,3,2,2,True
happy_horse::L1-07_L2-07b_0012__scene_007,L1-07_L2-07b_0012__scene_007,happy_horse,HappyHorse,closed_source,media/main/generated/happy_horse/L1-07_L2-07b_0012__scene_007.mp4,media,media/main/real/L1-07/L1-07_L2-07b_0012__scene_007.mp4,https://www.dvidshub.net/video/760966,3,3,2,2,True
happy_horse::L1-07_L2-07b_0013__scene_018,L1-07_L2-07b_0013__scene_018,happy_horse,HappyHorse,closed_source,media/main/generated/happy_horse/L1-07_L2-07b_0013__scene_018.mp4,media,media/main/real/L1-07/L1-07_L2-07b_0013__scene_018.mp4,https://www.dvidshub.net/video/749448,3,3,2,2,True
happy_horse::L1-07_L2-07b_0013__scene_021,L1-07_L2-07b_0013__scene_021,happy_horse,HappyHorse,closed_source,media/main/generated/happy_horse/L1-07_L2-07b_0013__scene_021.mp4,media,media/main/real/L1-07/L1-07_L2-07b_0013__scene_021.mp4,https://www.dvidshub.net/video/749448,3,3,2,2,True
happy_horse::L1-07_L2-07b_0013__scene_026,L1-07_L2-07b_0013__scene_026,happy_horse,HappyHorse,closed_source,media/main/generated/happy_horse/L1-07_L2-07b_0013__scene_026.mp4,media,media/main/real/L1-07/L1-07_L2-07b_0013__scene_026.mp4,https://www.dvidshub.net/video/749448,3,3,2,2,True
happy_horse::L1-07_L2-07b_0013__scene_030,L1-07_L2-07b_0013__scene_030,happy_horse,HappyHorse,closed_source,media/main/generated/happy_horse/L1-07_L2-07b_0013__scene_030.mp4,media,media/main/real/L1-07/L1-07_L2-07b_0013__scene_030.mp4,https://www.dvidshub.net/video/749448,3,3,2,2,True
happy_horse::L1-07_L2-07c_0013__scene_009,L1-07_L2-07c_0013__scene_009,happy_horse,HappyHorse,closed_source,media/main/generated/happy_horse/L1-07_L2-07c_0013__scene_009.mp4,media,media/main/real/L1-07/L1-07_L2-07c_0013__scene_009.mp4,https://www.dvidshub.net/video/783947,3,3,2,2,True
happy_horse::L1-07_L2-07d_0006__scene_007,L1-07_L2-07d_0006__scene_007,happy_horse,HappyHorse,closed_source,media/main/generated/happy_horse/L1-07_L2-07d_0006__scene_007.mp4,media,media/main/real/L1-07/L1-07_L2-07d_0006__scene_007.mp4,https://www.dvidshub.net/video/752342,3,3,2,2,True
happy_horse::L1-08_L2-08a_0002__scene_104,L1-08_L2-08a_0002__scene_104,happy_horse,HappyHorse,closed_source,media/main/generated/happy_horse/L1-08_L2-08a_0002__scene_104.mp4,url_only,,https://www.youtube.com/watch?v=hS1YqcewH0c,3,3,2,2,True
happy_horse::L1-08_L2-08a_0003__scene_115,L1-08_L2-08a_0003__scene_115,happy_horse,HappyHorse,closed_source,media/main/generated/happy_horse/L1-08_L2-08a_0003__scene_115.mp4,url_only,,https://www.youtube.com/watch?v=auXCQ9-721o,3,3,2,2,True
happy_horse::L1-08_L2-08d_0001__scene_086,L1-08_L2-08d_0001__scene_086,happy_horse,HappyHorse,closed_source,media/main/generated/happy_horse/L1-08_L2-08d_0001__scene_086.mp4,url_only,,https://www.youtube.com/watch?v=r1R3RDPvPeg,3,3,2,2,True
happy_horse::L1-08_L2-08d_0001__scene_123,L1-08_L2-08d_0001__scene_123,happy_horse,HappyHorse,closed_source,media/main/generated/happy_horse/L1-08_L2-08d_0001__scene_123.mp4,url_only,,https://www.youtube.com/watch?v=r1R3RDPvPeg,3,3,2,2,True
happy_horse::L1-08_L2-08d_0015__scene_070,L1-08_L2-08d_0015__scene_070,happy_horse,HappyHorse,closed_source,media/main/generated/happy_horse/L1-08_L2-08d_0015__scene_070.mp4,url_only,,https://www.youtube.com/watch?v=ztl25aRlnWE,3,3,2,2,True
happy_horse::L1-08_L2-08d_0015__scene_169,L1-08_L2-08d_0015__scene_169,happy_horse,HappyHorse,closed_source,media/main/generated/happy_horse/L1-08_L2-08d_0015__scene_169.mp4,url_only,,https://www.youtube.com/watch?v=ztl25aRlnWE,3,3,2,2,True
happy_horse::L1-10_L2-10e_0013__scene_003,L1-10_L2-10e_0013__scene_003,happy_horse,HappyHorse,closed_source,media/main/generated/happy_horse/L1-10_L2-10e_0013__scene_003.mp4,media,media/main/real/L1-10/L1-10_L2-10e_0013__scene_003.mp4,https://www.pexels.com/video/stunning-lantern-festival-night-sky-event-29605823/,3,3,2,2,True
kling_v3::L1-01_L2-01a_0005__scene_003,L1-01_L2-01a_0005__scene_003,kling_v3,Kling,closed_source,media/main/generated/kling_v3/L1-01_L2-01a_0005__scene_003.mp4,media,media/main/real/L1-01/L1-01_L2-01a_0005__scene_003.mp4,https://www.dvidshub.net/video/914127/tornado-sustained-damage-and-clean-up-wright-patterson-air-force-base-2,3,3,2,2,True
kling_v3::L1-01_L2-01a_0005__scene_009,L1-01_L2-01a_0005__scene_009,kling_v3,Kling,closed_source,media/main/generated/kling_v3/L1-01_L2-01a_0005__scene_009.mp4,media,media/main/real/L1-01/L1-01_L2-01a_0005__scene_009.mp4,https://www.dvidshub.net/video/914127/tornado-sustained-damage-and-clean-up-wright-patterson-air-force-base-2,3,3,2,2,True
kling_v3::L1-01_L2-01b_0005__scene_018,L1-01_L2-01b_0005__scene_018,kling_v3,Kling,closed_source,media/main/generated/kling_v3/L1-01_L2-01b_0005__scene_018.mp4,media,media/main/real/L1-01/L1-01_L2-01b_0005__scene_018.mp4,https://www.dvidshub.net/video/951064/palisades-fire-b-roll,3,3,2,2,True
kling_v3::L1-01_L2-01b_0005__scene_031,L1-01_L2-01b_0005__scene_031,kling_v3,Kling,closed_source,media/main/generated/kling_v3/L1-01_L2-01b_0005__scene_031.mp4,media,media/main/real/L1-01/L1-01_L2-01b_0005__scene_031.mp4,https://www.dvidshub.net/video/951064/palisades-fire-b-roll,3,3,2,2,True
kling_v3::L1-01_L2-01b_0012__scene_003,L1-01_L2-01b_0012__scene_003,kling_v3,Kling,closed_source,media/main/generated/kling_v3/L1-01_L2-01b_0012__scene_003.mp4,media,media/main/real/L1-01/L1-01_L2-01b_0012__scene_003.mp4,https://www.dvidshub.net/video/893990/b-roll-cjtf-50-command-visits-wildfire-devastation,3,3,2,2,True
kling_v3::L1-01_L2-01b_0014__scene_005,L1-01_L2-01b_0014__scene_005,kling_v3,Kling,closed_source,media/main/generated/kling_v3/L1-01_L2-01b_0014__scene_005.mp4,media,media/main/real/L1-01/L1-01_L2-01b_0014__scene_005.mp4,https://www.dvidshub.net/video/838399/joint-base-san-antonio-camp-bullis-fire-april-10-2022-b-roll-ii,3,3,2,2,True
kling_v3::L1-01_L2-01b_0014__scene_009,L1-01_L2-01b_0014__scene_009,kling_v3,Kling,closed_source,media/main/generated/kling_v3/L1-01_L2-01b_0014__scene_009.mp4,media,media/main/real/L1-01/L1-01_L2-01b_0014__scene_009.mp4,https://www.dvidshub.net/video/838399/joint-base-san-antonio-camp-bullis-fire-april-10-2022-b-roll-ii,3,3,2,2,True
kling_v3::L1-01_L2-01b_0014__scene_013,L1-01_L2-01b_0014__scene_013,kling_v3,Kling,closed_source,media/main/generated/kling_v3/L1-01_L2-01b_0014__scene_013.mp4,media,media/main/real/L1-01/L1-01_L2-01b_0014__scene_013.mp4,https://www.dvidshub.net/video/838399/joint-base-san-antonio-camp-bullis-fire-april-10-2022-b-roll-ii,3,3,2,2,True
kling_v3::L1-01_L2-01c_0017__scene_030,L1-01_L2-01c_0017__scene_030,kling_v3,Kling,closed_source,media/main/generated/kling_v3/L1-01_L2-01c_0017__scene_030.mp4,media,media/main/real/L1-01/L1-01_L2-01c_0017__scene_030.mp4,https://www.usgs.gov/media/videos/padang-indonesia-earthquake-2009,3,3,2,2,True
kling_v3::L1-01_L2-01d_0003__scene_008,L1-01_L2-01d_0003__scene_008,kling_v3,Kling,closed_source,media/main/generated/kling_v3/L1-01_L2-01d_0003__scene_008.mp4,media,media/main/real/L1-01/L1-01_L2-01d_0003__scene_008.mp4,https://www.dvidshub.net/video/971052/texas-guard-engineers-drone-teams-and-czech-firefighters-search-flood-affected-terrain-near-kerrville-tx,3,3,2,2,True
kling_v3::L1-01_L2-01d_0006__scene_004,L1-01_L2-01d_0006__scene_004,kling_v3,Kling,closed_source,media/main/generated/kling_v3/L1-01_L2-01d_0006__scene_004.mp4,media,media/main/real/L1-01/L1-01_L2-01d_0006__scene_004.mp4,https://www.dvidshub.net/video/970125/coast-guard-aircrew-conducts-overflight-flooded-areas-texas-hill-country,3,3,2,2,True
kling_v3::L1-01_L2-01d_0009__scene_004,L1-01_L2-01d_0009__scene_004,kling_v3,Kling,closed_source,media/main/generated/kling_v3/L1-01_L2-01d_0009__scene_004.mp4,media,media/main/real/L1-01/L1-01_L2-01d_0009__scene_004.mp4,https://www.dvidshub.net/video/941490/hurricane-helene-causes-flood-damage-western-north-carolina,3,3,2,2,True
kling_v3::L1-01_L2-01d_0009__scene_007,L1-01_L2-01d_0009__scene_007,kling_v3,Kling,closed_source,media/main/generated/kling_v3/L1-01_L2-01d_0009__scene_007.mp4,media,media/main/real/L1-01/L1-01_L2-01d_0009__scene_007.mp4,https://www.dvidshub.net/video/941490/hurricane-helene-causes-flood-damage-western-north-carolina,3,3,2,2,True
kling_v3::L1-01_L2-01d_0009__scene_008,L1-01_L2-01d_0009__scene_008,kling_v3,Kling,closed_source,media/main/generated/kling_v3/L1-01_L2-01d_0009__scene_008.mp4,media,media/main/real/L1-01/L1-01_L2-01d_0009__scene_008.mp4,https://www.dvidshub.net/video/941490/hurricane-helene-causes-flood-damage-western-north-carolina,3,3,2,2,True
kling_v3::L1-01_L2-01d_0011__scene_001,L1-01_L2-01d_0011__scene_001,kling_v3,Kling,closed_source,media/main/generated/kling_v3/L1-01_L2-01d_0011__scene_001.mp4,media,media/main/real/L1-01/L1-01_L2-01d_0011__scene_001.mp4,https://www.dvidshub.net/video/939088/hurricane-helene-flood-damage,3,3,2,2,True
kling_v3::L1-01_L2-01d_0017__scene_001,L1-01_L2-01d_0017__scene_001,kling_v3,Kling,closed_source,media/main/generated/kling_v3/L1-01_L2-01d_0017__scene_001.mp4,media,media/main/real/L1-01/L1-01_L2-01d_0017__scene_001.mp4,https://www.dvidshub.net/video/506501/camp-pendleton-flood-areas-aerial-view,3,3,2,2,True
kling_v3::L1-01_L2-01d_0017__scene_002,L1-01_L2-01d_0017__scene_002,kling_v3,Kling,closed_source,media/main/generated/kling_v3/L1-01_L2-01d_0017__scene_002.mp4,media,media/main/real/L1-01/L1-01_L2-01d_0017__scene_002.mp4,https://www.dvidshub.net/video/506501/camp-pendleton-flood-areas-aerial-view,3,3,2,2,True
kling_v3::L1-02_L2-02a_0002__scene_002,L1-02_L2-02a_0002__scene_002,kling_v3,Kling,closed_source,media/main/generated/kling_v3/L1-02_L2-02a_0002__scene_002.mp4,media,media/main/real/L1-02/L1-02_L2-02a_0002__scene_002.mp4,https://www.dvidshub.net/video/526125/82nd-airborne-paratroopers-follow-iraqi-security-forces-through-liberated-mosul-streets,3,3,2,2,True
kling_v3::L1-02_L2-02a_0004__scene_061,L1-02_L2-02a_0004__scene_061,kling_v3,Kling,closed_source,media/main/generated/kling_v3/L1-02_L2-02a_0004__scene_061.mp4,media,media/main/real/L1-02/L1-02_L2-02a_0004__scene_061.mp4,https://www.dvidshub.net/video/32368/insurgents-haifa-street,3,3,2,2,True
kling_v3::L1-02_L2-02a_0004__scene_063,L1-02_L2-02a_0004__scene_063,kling_v3,Kling,closed_source,media/main/generated/kling_v3/L1-02_L2-02a_0004__scene_063.mp4,media,media/main/real/L1-02/L1-02_L2-02a_0004__scene_063.mp4,https://www.dvidshub.net/video/32368/insurgents-haifa-street,3,3,2,2,True
kling_v3::L1-02_L2-02a_0005__scene_007,L1-02_L2-02a_0005__scene_007,kling_v3,Kling,closed_source,media/main/generated/kling_v3/L1-02_L2-02a_0005__scene_007.mp4,media,media/main/real/L1-02/L1-02_L2-02a_0005__scene_007.mp4,https://www.dvidshub.net/video/27956/controlling-haifa-area-operation,3,3,2,2,True
kling_v3::L1-02_L2-02a_0005__scene_011,L1-02_L2-02a_0005__scene_011,kling_v3,Kling,closed_source,media/main/generated/kling_v3/L1-02_L2-02a_0005__scene_011.mp4,media,media/main/real/L1-02/L1-02_L2-02a_0005__scene_011.mp4,https://www.dvidshub.net/video/27956/controlling-haifa-area-operation,3,3,2,2,True
kling_v3::L1-02_L2-02a_0006__scene_012,L1-02_L2-02a_0006__scene_012,kling_v3,Kling,closed_source,media/main/generated/kling_v3/L1-02_L2-02a_0006__scene_012.mp4,media,media/main/real/L1-02/L1-02_L2-02a_0006__scene_012.mp4,https://www.dvidshub.net/video/22828/operation-tomahawk-strike-11,3,3,2,2,True
kling_v3::L1-02_L2-02a_0006__scene_016,L1-02_L2-02a_0006__scene_016,kling_v3,Kling,closed_source,media/main/generated/kling_v3/L1-02_L2-02a_0006__scene_016.mp4,media,media/main/real/L1-02/L1-02_L2-02a_0006__scene_016.mp4,https://www.dvidshub.net/video/22828/operation-tomahawk-strike-11,3,3,2,2,True
kling_v3::L1-02_L2-02a_0007__scene_008,L1-02_L2-02a_0007__scene_008,kling_v3,Kling,closed_source,media/main/generated/kling_v3/L1-02_L2-02a_0007__scene_008.mp4,media,media/main/real/L1-02/L1-02_L2-02a_0007__scene_008.mp4,https://www.dvidshub.net/video/14107/stryker-brigade-mosul,3,3,2,2,True
kling_v3::L1-02_L2-02a_0007__scene_009,L1-02_L2-02a_0007__scene_009,kling_v3,Kling,closed_source,media/main/generated/kling_v3/L1-02_L2-02a_0007__scene_009.mp4,media,media/main/real/L1-02/L1-02_L2-02a_0007__scene_009.mp4,https://www.dvidshub.net/video/14107/stryker-brigade-mosul,3,3,2,2,True
kling_v3::L1-02_L2-02a_0007__scene_010,L1-02_L2-02a_0007__scene_010,kling_v3,Kling,closed_source,media/main/generated/kling_v3/L1-02_L2-02a_0007__scene_010.mp4,media,media/main/real/L1-02/L1-02_L2-02a_0007__scene_010.mp4,https://www.dvidshub.net/video/14107/stryker-brigade-mosul,3,3,2,2,True
kling_v3::L1-02_L2-02a_0007__scene_011,L1-02_L2-02a_0007__scene_011,kling_v3,Kling,closed_source,media/main/generated/kling_v3/L1-02_L2-02a_0007__scene_011.mp4,media,media/main/real/L1-02/L1-02_L2-02a_0007__scene_011.mp4,https://www.dvidshub.net/video/14107/stryker-brigade-mosul,3,3,2,2,True
kling_v3::L1-02_L2-02a_0008__scene_005,L1-02_L2-02a_0008__scene_005,kling_v3,Kling,closed_source,media/main/generated/kling_v3/L1-02_L2-02a_0008__scene_005.mp4,media,media/main/real/L1-02/L1-02_L2-02a_0008__scene_005.mp4,https://www.dvidshub.net/video/13579/marines-patrol-fallujah-with-iraqi-army,3,3,2,2,True
kling_v3::L1-02_L2-02a_0011__scene_005,L1-02_L2-02a_0011__scene_005,kling_v3,Kling,closed_source,media/main/generated/kling_v3/L1-02_L2-02a_0011__scene_005.mp4,media,media/main/real/L1-02/L1-02_L2-02a_0011__scene_005.mp4,https://www.dvidshub.net/video/1292/3-1-marines-fallujah,3,3,2,2,True
kling_v3::L1-02_L2-02a_0011__scene_017,L1-02_L2-02a_0011__scene_017,kling_v3,Kling,closed_source,media/main/generated/kling_v3/L1-02_L2-02a_0011__scene_017.mp4,media,media/main/real/L1-02/L1-02_L2-02a_0011__scene_017.mp4,https://www.dvidshub.net/video/1292/3-1-marines-fallujah,3,3,2,2,True
kling_v3::L1-02_L2-02a_0011__scene_031,L1-02_L2-02a_0011__scene_031,kling_v3,Kling,closed_source,media/main/generated/kling_v3/L1-02_L2-02a_0011__scene_031.mp4,media,media/main/real/L1-02/L1-02_L2-02a_0011__scene_031.mp4,https://www.dvidshub.net/video/1292/3-1-marines-fallujah,3,3,2,2,True
kling_v3::L1-02_L2-02a_0012__scene_003,L1-02_L2-02a_0012__scene_003,kling_v3,Kling,closed_source,media/main/generated/kling_v3/L1-02_L2-02a_0012__scene_003.mp4,media,media/main/real/L1-02/L1-02_L2-02a_0012__scene_003.mp4,https://www.dvidshub.net/video/301796/operation-phantom-fury-combat-footage-fallujah-marine-house-searches,3,3,2,2,True
kling_v3::L1-02_L2-02a_0013__scene_010,L1-02_L2-02a_0013__scene_010,kling_v3,Kling,closed_source,media/main/generated/kling_v3/L1-02_L2-02a_0013__scene_010.mp4,media,media/main/real/L1-02/L1-02_L2-02a_0013__scene_010.mp4,https://www.dvidshub.net/video/301797/operation-phantom-fury-combat-footage-fallujah-rooftop-fighting-breaching-night-fighting,3,3,2,2,True
kling_v3::L1-02_L2-02a_0014__scene_005,L1-02_L2-02a_0014__scene_005,kling_v3,Kling,closed_source,media/main/generated/kling_v3/L1-02_L2-02a_0014__scene_005.mp4,media,media/main/real/L1-02/L1-02_L2-02a_0014__scene_005.mp4,https://www.dvidshub.net/video/301800/operation-phantom-fury-combat-footage-marines-and-tanks-fallujah,3,3,2,2,True
kling_v3::L1-02_L2-02b_0005__scene_003,L1-02_L2-02b_0005__scene_003,kling_v3,Kling,closed_source,media/main/generated/kling_v3/L1-02_L2-02b_0005__scene_003.mp4,media,media/main/real/L1-02/L1-02_L2-02b_0005__scene_003.mp4,https://www.dvidshub.net/video/936137/mk21a-launch-b-roll-package,3,3,2,2,True
kling_v3::L1-02_L2-02b_0008__scene_010,L1-02_L2-02b_0008__scene_010,kling_v3,Kling,closed_source,media/main/generated/kling_v3/L1-02_L2-02b_0008__scene_010.mp4,media,media/main/real/L1-02/L1-02_L2-02b_0008__scene_010.mp4,https://www.dvidshub.net/video/858956/aim-9x-sidewinder-live-fire-missile-exercise-b-roll,3,3,2,2,True
kling_v3::L1-02_L2-02c_0003__scene_003,L1-02_L2-02c_0003__scene_003,kling_v3,Kling,closed_source,media/main/generated/kling_v3/L1-02_L2-02c_0003__scene_003.mp4,media,media/main/real/L1-02/L1-02_L2-02c_0003__scene_003.mp4,https://www.dvidshub.net/video/985972/1st-maw-holds-elephant-walk-mcas-futenma,3,3,2,2,True
kling_v3::L1-02_L2-02c_0003__scene_013,L1-02_L2-02c_0003__scene_013,kling_v3,Kling,closed_source,media/main/generated/kling_v3/L1-02_L2-02c_0003__scene_013.mp4,media,media/main/real/L1-02/L1-02_L2-02c_0003__scene_013.mp4,https://www.dvidshub.net/video/985972/1st-maw-holds-elephant-walk-mcas-futenma,3,3,2,2,True
kling_v3::L1-02_L2-02c_0009__scene_011,L1-02_L2-02c_0009__scene_011,kling_v3,Kling,closed_source,media/main/generated/kling_v3/L1-02_L2-02c_0009__scene_011.mp4,media,media/main/real/L1-02/L1-02_L2-02c_0009__scene_011.mp4,https://www.dvidshub.net/video/955407/navy-super-hornets-fly-formation-over-uscentcom-aor-stringer,3,3,2,2,True
kling_v3::L1-02_L2-02c_0010__scene_005,L1-02_L2-02c_0010__scene_005,kling_v3,Kling,closed_source,media/main/generated/kling_v3/L1-02_L2-02c_0010__scene_005.mp4,media,media/main/real/L1-02/L1-02_L2-02c_0010__scene_005.mp4,https://www.dvidshub.net/video/952156/us-jasdf-and-raaf-aircraft-fly-formation-during-cn25,3,3,2,2,True
kling_v3::L1-02_L2-02c_0015__scene_002,L1-02_L2-02c_0015__scene_002,kling_v3,Kling,closed_source,media/main/generated/kling_v3/L1-02_L2-02c_0015__scene_002.mp4,media,media/main/real/L1-02/L1-02_L2-02c_0015__scene_002.mp4,https://www.dvidshub.net/video/902724/dwight-d-eisenhower-and-gerald-r-ford-csgs-sail-formation-mediterranean-sea,3,3,2,2,True
kling_v3::L1-02_L2-02d_0001__scene_003,L1-02_L2-02d_0001__scene_003,kling_v3,Kling,closed_source,media/main/generated/kling_v3/L1-02_L2-02d_0001__scene_003.mp4,media,media/main/real/L1-02/L1-02_L2-02d_0001__scene_003.mp4,https://www.dvidshub.net/video/998309/b-roll-task-force-ashland-conducts-counter-landing-defense-during-exercise-cobra-gold-2026,3,3,2,2,True
kling_v3::L1-02_L2-02d_0002__scene_010,L1-02_L2-02d_0002__scene_010,kling_v3,Kling,closed_source,media/main/generated/kling_v3/L1-02_L2-02d_0002__scene_010.mp4,media,media/main/real/L1-02/L1-02_L2-02d_0002__scene_010.mp4,https://www.dvidshub.net/video/997776/b-roll-spanish-air-force-nh90-helicopter-during-touch-and-go-training-during-exercise-sentry-south-26-2,3,3,2,2,True
kling_v3::L1-02_L2-02d_0003__scene_003,L1-02_L2-02d_0003__scene_003,kling_v3,Kling,closed_source,media/main/generated/kling_v3/L1-02_L2-02d_0003__scene_003.mp4,media,media/main/real/L1-02/L1-02_L2-02d_0003__scene_003.mp4,https://www.dvidshub.net/video/998318/core26-us-marines-conduct-cold-weather-training-during-arctic-exercise-b-roll,3,3,2,2,True
kling_v3::L1-02_L2-02d_0007__scene_013,L1-02_L2-02d_0007__scene_013,kling_v3,Kling,closed_source,media/main/generated/kling_v3/L1-02_L2-02d_0007__scene_013.mp4,media,media/main/real/L1-02/L1-02_L2-02d_0007__scene_013.mp4,https://www.dvidshub.net/video/966525/4-2cr-conduct-urban-readiness-training-saber-guardian-25,3,3,2,2,True
kling_v3::L1-02_L2-02d_0008__scene_006,L1-02_L2-02d_0008__scene_006,kling_v3,Kling,closed_source,media/main/generated/kling_v3/L1-02_L2-02d_0008__scene_006.mp4,media,media/main/real/L1-02/L1-02_L2-02d_0008__scene_006.mp4,https://www.dvidshub.net/video/965885/us-soldiers-rehearse-saber-guardian-25,3,3,2,2,True
kling_v3::L1-02_L2-02d_0009__scene_003,L1-02_L2-02d_0009__scene_003,kling_v3,Kling,closed_source,media/main/generated/kling_v3/L1-02_L2-02d_0009__scene_003.mp4,media,media/main/real/L1-02/L1-02_L2-02d_0009__scene_003.mp4,https://www.dvidshub.net/video/966247/immediate-response-25-live-fire-exercise,3,3,2,2,True
kling_v3::L1-02_L2-02d_0009__scene_010,L1-02_L2-02d_0009__scene_010,kling_v3,Kling,closed_source,media/main/generated/kling_v3/L1-02_L2-02d_0009__scene_010.mp4,media,media/main/real/L1-02/L1-02_L2-02d_0009__scene_010.mp4,https://www.dvidshub.net/video/966247/immediate-response-25-live-fire-exercise,3,3,2,2,True
kling_v3::L1-02_L2-02d_0012__scene_017,L1-02_L2-02d_0012__scene_017,kling_v3,Kling,closed_source,media/main/generated/kling_v3/L1-02_L2-02d_0012__scene_017.mp4,media,media/main/real/L1-02/L1-02_L2-02d_0012__scene_017.mp4,https://www.dvidshub.net/video/963299/swift-response-25-sky-soldiers-conduct-blank-fire-exercise,3,3,2,2,True
kling_v3::L1-02_L2-02d_0012__scene_020,L1-02_L2-02d_0012__scene_020,kling_v3,Kling,closed_source,media/main/generated/kling_v3/L1-02_L2-02d_0012__scene_020.mp4,media,media/main/real/L1-02/L1-02_L2-02d_0012__scene_020.mp4,https://www.dvidshub.net/video/963299/swift-response-25-sky-soldiers-conduct-blank-fire-exercise,3,3,2,2,True
kling_v3::L1-03_L2-03a_0011__scene_055,L1-03_L2-03a_0011__scene_055,kling_v3,Kling,closed_source,media/main/generated/kling_v3/L1-03_L2-03a_0011__scene_055.mp4,media,media/main/real/L1-03/L1-03_L2-03a_0011__scene_055.mp4,https://www.whitehouse.gov/videos/press-secretary-karoline-leavitt-briefs-members-of-the-media-oct-23-2025/,3,3,2,2,True
kling_v3::L1-03_L2-03b_0007__scene_002,L1-03_L2-03b_0007__scene_002,kling_v3,Kling,closed_source,media/main/generated/kling_v3/L1-03_L2-03b_0007__scene_002.mp4,media,media/main/real/L1-03/L1-03_L2-03b_0007__scene_002.mp4,https://multimedia.europarl.europa.eu/en/video/four-years-of-russias-war-of-aggression-against-ukraine-and-european-contributions-to-a-just-peace-and-sustained-security-for-ukraine-meps-debate_I285177,3,3,2,2,True
kling_v3::L1-03_L2-03b_0007__scene_066,L1-03_L2-03b_0007__scene_066,kling_v3,Kling,closed_source,media/main/generated/kling_v3/L1-03_L2-03b_0007__scene_066.mp4,media,media/main/real/L1-03/L1-03_L2-03b_0007__scene_066.mp4,https://multimedia.europarl.europa.eu/en/video/four-years-of-russias-war-of-aggression-against-ukraine-and-european-contributions-to-a-just-peace-and-sustained-security-for-ukraine-meps-debate_I285177,3,3,2,2,True
kling_v3::L1-03_L2-03b_0009__scene_002,L1-03_L2-03b_0009__scene_002,kling_v3,Kling,closed_source,media/main/generated/kling_v3/L1-03_L2-03b_0009__scene_002.mp4,media,media/main/real/L1-03/L1-03_L2-03b_0009__scene_002.mp4,https://multimedia.europarl.europa.eu/en/video/four-years-of-russias-war-of-aggression-against-ukraine-and-european-contributions-to-a-just-peace-and-sustained-security-for-ukraine-one-round-of-political-group-leaders_I285499,3,3,2,2,True
kling_v3::L1-03_L2-03b_0009__scene_009,L1-03_L2-03b_0009__scene_009,kling_v3,Kling,closed_source,media/main/generated/kling_v3/L1-03_L2-03b_0009__scene_009.mp4,media,media/main/real/L1-03/L1-03_L2-03b_0009__scene_009.mp4,https://multimedia.europarl.europa.eu/en/video/four-years-of-russias-war-of-aggression-against-ukraine-and-european-contributions-to-a-just-peace-and-sustained-security-for-ukraine-one-round-of-political-group-leaders_I285499,3,3,2,2,True
kling_v3::L1-03_L2-03b_0009__scene_066,L1-03_L2-03b_0009__scene_066,kling_v3,Kling,closed_source,media/main/generated/kling_v3/L1-03_L2-03b_0009__scene_066.mp4,media,media/main/real/L1-03/L1-03_L2-03b_0009__scene_066.mp4,https://multimedia.europarl.europa.eu/en/video/four-years-of-russias-war-of-aggression-against-ukraine-and-european-contributions-to-a-just-peace-and-sustained-security-for-ukraine-one-round-of-political-group-leaders_I285499,3,3,2,2,True
kling_v3::L1-03_L2-03c_0003__scene_021,L1-03_L2-03c_0003__scene_021,kling_v3,Kling,closed_source,media/main/generated/kling_v3/L1-03_L2-03c_0003__scene_021.mp4,media,media/main/real/L1-03/L1-03_L2-03c_0003__scene_021.mp4,https://multimedia.europarl.europa.eu/en/video/four-years-of-russias-war-of-aggression-against-ukraine-and-european-contributions-to-a-just-peace-and-sustained-security-for-ukraine-statement-by-volodymyr-zelenskyy-president-of-ukraine-remote_I285249,3,3,2,2,True
kling_v3::L1-03_L2-03d_0001__scene_010,L1-03_L2-03d_0001__scene_010,kling_v3,Kling,closed_source,media/main/generated/kling_v3/L1-03_L2-03d_0001__scene_010.mp4,media,media/main/real/L1-03/L1-03_L2-03d_0001__scene_010.mp4,https://multimedia.europarl.europa.eu/en/video/roberta-metsola-ep-president-meets-with-rob-jetten-dutch-prime-minister-arrival-welcome-and-roundtable_I285760,3,3,2,2,True
kling_v3::L1-03_L2-03d_0001__scene_011,L1-03_L2-03d_0001__scene_011,kling_v3,Kling,closed_source,media/main/generated/kling_v3/L1-03_L2-03d_0001__scene_011.mp4,media,media/main/real/L1-03/L1-03_L2-03d_0001__scene_011.mp4,https://multimedia.europarl.europa.eu/en/video/roberta-metsola-ep-president-meets-with-rob-jetten-dutch-prime-minister-arrival-welcome-and-roundtable_I285760,3,3,2,2,True
kling_v3::L1-03_L2-03d_0006__scene_036,L1-03_L2-03d_0006__scene_036,kling_v3,Kling,closed_source,media/main/generated/kling_v3/L1-03_L2-03d_0006__scene_036.mp4,media,media/main/real/L1-03/L1-03_L2-03d_0006__scene_036.mp4,https://www.whitehouse.gov/videos/president-trump-and-the-first-lady-participate-in-a-dinner-with-the-crown-prince-of-saudi-arabia/,3,3,2,2,True
kling_v3::L1-03_L2-03d_0014__scene_016,L1-03_L2-03d_0014__scene_016,kling_v3,Kling,closed_source,media/main/generated/kling_v3/L1-03_L2-03d_0014__scene_016.mp4,media,media/main/real/L1-03/L1-03_L2-03d_0014__scene_016.mp4,https://www.whitehouse.gov/videos/president-trump-participates-in-a-nato-family-photo/,3,3,2,2,True
kling_v3::L1-04_L2-04a_0001__scene_008,L1-04_L2-04a_0001__scene_008,kling_v3,Kling,closed_source,media/main/generated/kling_v3/L1-04_L2-04a_0001__scene_008.mp4,media,media/main/real/L1-04/L1-04_L2-04a_0001__scene_008.mp4,https://www.dvidshub.net/video/994879/alabama-national-guard-continues-prescence-patrol-during-dc-safe-mission,3,3,2,2,True
kling_v3::L1-04_L2-04a_0007__scene_002,L1-04_L2-04a_0007__scene_002,kling_v3,Kling,closed_source,media/main/generated/kling_v3/L1-04_L2-04a_0007__scene_002.mp4,media,media/main/real/L1-04/L1-04_L2-04a_0007__scene_002.mp4,https://www.dvidshub.net/video/968080/b-roll-california-national-guard-supports-security-operations-los-angeles,3,3,2,2,True
kling_v3::L1-04_L2-04a_0008__scene_002,L1-04_L2-04a_0008__scene_002,kling_v3,Kling,closed_source,media/main/generated/kling_v3/L1-04_L2-04a_0008__scene_002.mp4,media,media/main/real/L1-04/L1-04_L2-04a_0008__scene_002.mp4,https://www.dvidshub.net/video/949348/california-army-national-guard-supports-local-law-enforcement-during-la-wildfires,3,3,2,2,True
kling_v3::L1-04_L2-04a_0010__scene_001,L1-04_L2-04a_0010__scene_001,kling_v3,Kling,closed_source,media/main/generated/kling_v3/L1-04_L2-04a_0010__scene_001.mp4,media,media/main/real/L1-04/L1-04_L2-04a_0010__scene_001.mp4,https://www.dvidshub.net/video/792081/minnesota-guardsmen-provide-security-brooklyn-center-police-department,3,3,2,2,True
kling_v3::L1-04_L2-04a_0011__scene_004,L1-04_L2-04a_0011__scene_004,kling_v3,Kling,closed_source,media/main/generated/kling_v3/L1-04_L2-04a_0011__scene_004.mp4,media,media/main/real/L1-04/L1-04_L2-04a_0011__scene_004.mp4,https://www.dvidshub.net/video/781567/cal-guard-sacramento-during-2021-inauguration,3,3,2,2,True
kling_v3::L1-04_L2-04a_0011__scene_005,L1-04_L2-04a_0011__scene_005,kling_v3,Kling,closed_source,media/main/generated/kling_v3/L1-04_L2-04a_0011__scene_005.mp4,media,media/main/real/L1-04/L1-04_L2-04a_0011__scene_005.mp4,https://www.dvidshub.net/video/781567/cal-guard-sacramento-during-2021-inauguration,3,3,2,2,True
kling_v3::L1-04_L2-04a_0013__scene_010,L1-04_L2-04a_0013__scene_010,kling_v3,Kling,closed_source,media/main/generated/kling_v3/L1-04_L2-04a_0013__scene_010.mp4,media,media/main/real/L1-04/L1-04_L2-04a_0013__scene_010.mp4,https://www.dvidshub.net/video/756806/cal-guard-supports-sacramento-peace-officers-during-civil-unrest,3,3,2,2,True
kling_v3::L1-04_L2-04b_0016__scene_004,L1-04_L2-04b_0016__scene_004,kling_v3,Kling,closed_source,media/main/generated/kling_v3/L1-04_L2-04b_0016__scene_004.mp4,url_only,,https://www.youtube.com/watch?v=MbspKeMop6g,3,3,2,2,True
kling_v3::L1-04_L2-04b_0016__scene_014,L1-04_L2-04b_0016__scene_014,kling_v3,Kling,closed_source,media/main/generated/kling_v3/L1-04_L2-04b_0016__scene_014.mp4,url_only,,https://www.youtube.com/watch?v=MbspKeMop6g,3,3,2,2,True
kling_v3::L1-04_L2-04b_0024__scene_002,L1-04_L2-04b_0024__scene_002,kling_v3,Kling,closed_source,media/main/generated/kling_v3/L1-04_L2-04b_0024__scene_002.mp4,url_only,,https://www.youtube.com/watch?v=YeIlPx5ausg,3,3,2,2,True
kling_v3::L1-04_L2-04c_0001__scene_004,L1-04_L2-04c_0001__scene_004,kling_v3,Kling,closed_source,media/main/generated/kling_v3/L1-04_L2-04c_0001__scene_004.mp4,media,media/main/real/L1-04/L1-04_L2-04c_0001__scene_004.mp4,https://www.dvidshub.net/video/998358/146-aes-conductsaeromedical-evacuation-exercise-with-139-aw-c-130-hercules-missouri-ang,3,3,2,2,True
kling_v3::L1-04_L2-04d_0011__scene_016,L1-04_L2-04d_0011__scene_016,kling_v3,Kling,closed_source,media/main/generated/kling_v3/L1-04_L2-04d_0011__scene_016.mp4,media,media/main/real/L1-04/L1-04_L2-04d_0011__scene_016.mp4,https://www.dvidshub.net/video/952285/usar-k9-dogs-conduct-search-missions-pacific-palisades,3,3,2,2,True
kling_v3::L1-04_L2-04d_0011__scene_031,L1-04_L2-04d_0011__scene_031,kling_v3,Kling,closed_source,media/main/generated/kling_v3/L1-04_L2-04d_0011__scene_031.mp4,media,media/main/real/L1-04/L1-04_L2-04d_0011__scene_031.mp4,https://www.dvidshub.net/video/952285/usar-k9-dogs-conduct-search-missions-pacific-palisades,3,3,2,2,True
kling_v3::L1-04_L2-04d_0011__scene_036,L1-04_L2-04d_0011__scene_036,kling_v3,Kling,closed_source,media/main/generated/kling_v3/L1-04_L2-04d_0011__scene_036.mp4,media,media/main/real/L1-04/L1-04_L2-04d_0011__scene_036.mp4,https://www.dvidshub.net/video/952285/usar-k9-dogs-conduct-search-missions-pacific-palisades,3,3,2,2,True
kling_v3::L1-04_L2-04d_0014__scene_023,L1-04_L2-04d_0014__scene_023,kling_v3,Kling,closed_source,media/main/generated/kling_v3/L1-04_L2-04d_0014__scene_023.mp4,media,media/main/real/L1-04/L1-04_L2-04d_0014__scene_023.mp4,https://www.dvidshub.net/video/936318/pp24-2-phl-urban-search-and-rescue,3,3,2,2,True
kling_v3::L1-05_L2-05a_0013__scene_012,L1-05_L2-05a_0013__scene_012,kling_v3,Kling,closed_source,media/main/generated/kling_v3/L1-05_L2-05a_0013__scene_012.mp4,url_only,,https://www.youtube.com/watch?v=VO8HdzYa6f4,3,3,2,2,True
kling_v3::L1-05_L2-05a_0013__scene_019,L1-05_L2-05a_0013__scene_019,kling_v3,Kling,closed_source,media/main/generated/kling_v3/L1-05_L2-05a_0013__scene_019.mp4,url_only,,https://www.youtube.com/watch?v=VO8HdzYa6f4,3,3,2,2,True
kling_v3::L1-05_L2-05a_0015__scene_006,L1-05_L2-05a_0015__scene_006,kling_v3,Kling,closed_source,media/main/generated/kling_v3/L1-05_L2-05a_0015__scene_006.mp4,url_only,,https://www.youtube.com/watch?v=TzNX5tJ-OcU,3,3,2,2,True
kling_v3::L1-05_L2-05a_0015__scene_012,L1-05_L2-05a_0015__scene_012,kling_v3,Kling,closed_source,media/main/generated/kling_v3/L1-05_L2-05a_0015__scene_012.mp4,url_only,,https://www.youtube.com/watch?v=TzNX5tJ-OcU,3,3,2,2,True
kling_v3::L1-05_L2-05a_0016__scene_023,L1-05_L2-05a_0016__scene_023,kling_v3,Kling,closed_source,media/main/generated/kling_v3/L1-05_L2-05a_0016__scene_023.mp4,url_only,,https://www.youtube.com/watch?v=XKfF_CLANNU,3,3,2,2,True
kling_v3::L1-05_L2-05a_0016__scene_025,L1-05_L2-05a_0016__scene_025,kling_v3,Kling,closed_source,media/main/generated/kling_v3/L1-05_L2-05a_0016__scene_025.mp4,url_only,,https://www.youtube.com/watch?v=XKfF_CLANNU,3,3,2,2,True
kling_v3::L1-05_L2-05a_0019__scene_004,L1-05_L2-05a_0019__scene_004,kling_v3,Kling,closed_source,media/main/generated/kling_v3/L1-05_L2-05a_0019__scene_004.mp4,url_only,,https://www.youtube.com/watch?v=3TA8VWF2O8k,3,3,2,2,True
kling_v3::L1-05_L2-05a_0020__scene_006,L1-05_L2-05a_0020__scene_006,kling_v3,Kling,closed_source,media/main/generated/kling_v3/L1-05_L2-05a_0020__scene_006.mp4,url_only,,https://www.youtube.com/watch?v=JpkRK9o8SSo,3,3,2,2,True
kling_v3::L1-05_L2-05a_0020__scene_010,L1-05_L2-05a_0020__scene_010,kling_v3,Kling,closed_source,media/main/generated/kling_v3/L1-05_L2-05a_0020__scene_010.mp4,url_only,,https://www.youtube.com/watch?v=JpkRK9o8SSo,3,3,2,2,True
kling_v3::L1-05_L2-05a_0020__scene_011,L1-05_L2-05a_0020__scene_011,kling_v3,Kling,closed_source,media/main/generated/kling_v3/L1-05_L2-05a_0020__scene_011.mp4,url_only,,https://www.youtube.com/watch?v=JpkRK9o8SSo,3,3,2,2,True
kling_v3::L1-05_L2-05a_0020__scene_014,L1-05_L2-05a_0020__scene_014,kling_v3,Kling,closed_source,media/main/generated/kling_v3/L1-05_L2-05a_0020__scene_014.mp4,url_only,,https://www.youtube.com/watch?v=JpkRK9o8SSo,3,3,2,2,True
kling_v3::L1-05_L2-05a_0022__scene_008,L1-05_L2-05a_0022__scene_008,kling_v3,Kling,closed_source,media/main/generated/kling_v3/L1-05_L2-05a_0022__scene_008.mp4,url_only,,https://www.youtube.com/watch?v=Tmu8y7ZPLnU,3,3,2,2,True
kling_v3::L1-05_L2-05a_0022__scene_009,L1-05_L2-05a_0022__scene_009,kling_v3,Kling,closed_source,media/main/generated/kling_v3/L1-05_L2-05a_0022__scene_009.mp4,url_only,,https://www.youtube.com/watch?v=Tmu8y7ZPLnU,3,3,2,2,True
kling_v3::L1-05_L2-05a_0022__scene_014,L1-05_L2-05a_0022__scene_014,kling_v3,Kling,closed_source,media/main/generated/kling_v3/L1-05_L2-05a_0022__scene_014.mp4,url_only,,https://www.youtube.com/watch?v=Tmu8y7ZPLnU,3,3,2,2,True
kling_v3::L1-05_L2-05c_0015__scene_005,L1-05_L2-05c_0015__scene_005,kling_v3,Kling,closed_source,media/main/generated/kling_v3/L1-05_L2-05c_0015__scene_005.mp4,url_only,,https://www.youtube.com/watch?v=hGj_zvoIQ7w,3,3,2,2,True
kling_v3::L1-05_L2-05d_0014__scene_003,L1-05_L2-05d_0014__scene_003,kling_v3,Kling,closed_source,media/main/generated/kling_v3/L1-05_L2-05d_0014__scene_003.mp4,url_only,,https://www.youtube.com/watch?v=O0bZtjXQHms,3,3,2,2,True
kling_v3::L1-05_L2-05d_0014__scene_004,L1-05_L2-05d_0014__scene_004,kling_v3,Kling,closed_source,media/main/generated/kling_v3/L1-05_L2-05d_0014__scene_004.mp4,url_only,,https://www.youtube.com/watch?v=O0bZtjXQHms,3,3,2,2,True
kling_v3::L1-05_L2-05e_0015__scene_006,L1-05_L2-05e_0015__scene_006,kling_v3,Kling,closed_source,media/main/generated/kling_v3/L1-05_L2-05e_0015__scene_006.mp4,url_only,,https://www.youtube.com/watch?v=OGyAXbVH8Qs,3,3,2,2,True
kling_v3::L1-05_L2-05e_0016__scene_014,L1-05_L2-05e_0016__scene_014,kling_v3,Kling,closed_source,media/main/generated/kling_v3/L1-05_L2-05e_0016__scene_014.mp4,url_only,,https://www.youtube.com/watch?v=aeJKqojmHgY,3,3,2,2,True
kling_v3::L1-05_L2-05e_0025__scene_008,L1-05_L2-05e_0025__scene_008,kling_v3,Kling,closed_source,media/main/generated/kling_v3/L1-05_L2-05e_0025__scene_008.mp4,url_only,,https://www.youtube.com/watch?v=qCbtWKa4m1Q,3,3,2,2,True
kling_v3::L1-05_L2-05e_0025__scene_015,L1-05_L2-05e_0025__scene_015,kling_v3,Kling,closed_source,media/main/generated/kling_v3/L1-05_L2-05e_0025__scene_015.mp4,url_only,,https://www.youtube.com/watch?v=qCbtWKa4m1Q,3,3,2,2,True
kling_v3::L1-05_L2-05e_0025__scene_020,L1-05_L2-05e_0025__scene_020,kling_v3,Kling,closed_source,media/main/generated/kling_v3/L1-05_L2-05e_0025__scene_020.mp4,url_only,,https://www.youtube.com/watch?v=qCbtWKa4m1Q,3,3,2,2,True
kling_v3::L1-06_L2-06a_0001__scene_005,L1-06_L2-06a_0001__scene_005,kling_v3,Kling,closed_source,media/main/generated/kling_v3/L1-06_L2-06a_0001__scene_005.mp4,url_only,,https://www.youtube.com/watch?v=mKjg9CARIFQ,3,3,2,2,True
kling_v3::L1-06_L2-06a_0001__scene_010,L1-06_L2-06a_0001__scene_010,kling_v3,Kling,closed_source,media/main/generated/kling_v3/L1-06_L2-06a_0001__scene_010.mp4,url_only,,https://www.youtube.com/watch?v=mKjg9CARIFQ,3,3,2,2,True
kling_v3::L1-06_L2-06a_0004__scene_008,L1-06_L2-06a_0004__scene_008,kling_v3,Kling,closed_source,media/main/generated/kling_v3/L1-06_L2-06a_0004__scene_008.mp4,url_only,,https://www.youtube.com/watch?v=HWt76-ji1Kc,3,3,2,2,True
kling_v3::L1-06_L2-06a_0006__scene_003,L1-06_L2-06a_0006__scene_003,kling_v3,Kling,closed_source,media/main/generated/kling_v3/L1-06_L2-06a_0006__scene_003.mp4,url_only,,https://www.youtube.com/watch?v=faus3Ff9deQ,3,3,2,2,True
kling_v3::L1-06_L2-06a_0006__scene_008,L1-06_L2-06a_0006__scene_008,kling_v3,Kling,closed_source,media/main/generated/kling_v3/L1-06_L2-06a_0006__scene_008.mp4,url_only,,https://www.youtube.com/watch?v=faus3Ff9deQ,3,3,2,2,True
kling_v3::L1-06_L2-06a_0008__scene_001,L1-06_L2-06a_0008__scene_001,kling_v3,Kling,closed_source,media/main/generated/kling_v3/L1-06_L2-06a_0008__scene_001.mp4,url_only,,https://www.youtube.com/watch?v=AN3h9Qcjxn4,3,3,2,2,True
kling_v3::L1-06_L2-06a_0011__scene_004,L1-06_L2-06a_0011__scene_004,kling_v3,Kling,closed_source,media/main/generated/kling_v3/L1-06_L2-06a_0011__scene_004.mp4,url_only,,https://www.youtube.com/watch?v=RWTsRcHkcis,3,3,2,2,True
kling_v3::L1-06_L2-06c_0006__scene_007,L1-06_L2-06c_0006__scene_007,kling_v3,Kling,closed_source,media/main/generated/kling_v3/L1-06_L2-06c_0006__scene_007.mp4,url_only,,https://www.youtube.com/watch?v=9smwQFJB680,3,3,2,2,True
kling_v3::L1-06_L2-06c_0008__scene_009,L1-06_L2-06c_0008__scene_009,kling_v3,Kling,closed_source,media/main/generated/kling_v3/L1-06_L2-06c_0008__scene_009.mp4,url_only,,https://www.youtube.com/watch?v=dJ5F2xpmt-Q,3,3,2,2,True
kling_v3::L1-06_L2-06c_0008__scene_012,L1-06_L2-06c_0008__scene_012,kling_v3,Kling,closed_source,media/main/generated/kling_v3/L1-06_L2-06c_0008__scene_012.mp4,url_only,,https://www.youtube.com/watch?v=dJ5F2xpmt-Q,3,3,2,2,True
kling_v3::L1-06_L2-06c_0008__scene_025,L1-06_L2-06c_0008__scene_025,kling_v3,Kling,closed_source,media/main/generated/kling_v3/L1-06_L2-06c_0008__scene_025.mp4,url_only,,https://www.youtube.com/watch?v=dJ5F2xpmt-Q,3,3,2,2,True
kling_v3::L1-06_L2-06c_0010__scene_010,L1-06_L2-06c_0010__scene_010,kling_v3,Kling,closed_source,media/main/generated/kling_v3/L1-06_L2-06c_0010__scene_010.mp4,url_only,,https://www.youtube.com/watch?v=rxZj21ZKa2k,3,3,2,2,True
kling_v3::L1-06_L2-06c_0010__scene_015,L1-06_L2-06c_0010__scene_015,kling_v3,Kling,closed_source,media/main/generated/kling_v3/L1-06_L2-06c_0010__scene_015.mp4,url_only,,https://www.youtube.com/watch?v=rxZj21ZKa2k,3,3,2,2,True
kling_v3::L1-06_L2-06c_0010__scene_021,L1-06_L2-06c_0010__scene_021,kling_v3,Kling,closed_source,media/main/generated/kling_v3/L1-06_L2-06c_0010__scene_021.mp4,url_only,,https://www.youtube.com/watch?v=rxZj21ZKa2k,3,3,2,2,True
kling_v3::L1-06_L2-06c_0011__scene_009,L1-06_L2-06c_0011__scene_009,kling_v3,Kling,closed_source,media/main/generated/kling_v3/L1-06_L2-06c_0011__scene_009.mp4,url_only,,https://www.youtube.com/watch?v=1w5efaTcngo,3,3,2,2,True
kling_v3::L1-06_L2-06c_0012__scene_001,L1-06_L2-06c_0012__scene_001,kling_v3,Kling,closed_source,media/main/generated/kling_v3/L1-06_L2-06c_0012__scene_001.mp4,url_only,,https://www.youtube.com/watch?v=lOQoD5Stv8w,3,3,2,2,True
kling_v3::L1-06_L2-06d_0007__scene_005,L1-06_L2-06d_0007__scene_005,kling_v3,Kling,closed_source,media/main/generated/kling_v3/L1-06_L2-06d_0007__scene_005.mp4,url_only,,https://www.youtube.com/watch?v=GoogeGk9qe4,3,3,2,2,True
kling_v3::L1-06_L2-06d_0007__scene_007,L1-06_L2-06d_0007__scene_007,kling_v3,Kling,closed_source,media/main/generated/kling_v3/L1-06_L2-06d_0007__scene_007.mp4,url_only,,https://www.youtube.com/watch?v=GoogeGk9qe4,3,3,2,2,True
kling_v3::L1-06_L2-06d_0008__scene_004,L1-06_L2-06d_0008__scene_004,kling_v3,Kling,closed_source,media/main/generated/kling_v3/L1-06_L2-06d_0008__scene_004.mp4,url_only,,https://www.youtube.com/watch?v=UqY8f6MGQGk,3,3,2,2,True
kling_v3::L1-06_L2-06d_0008__scene_009,L1-06_L2-06d_0008__scene_009,kling_v3,Kling,closed_source,media/main/generated/kling_v3/L1-06_L2-06d_0008__scene_009.mp4,url_only,,https://www.youtube.com/watch?v=UqY8f6MGQGk,3,3,2,2,True
kling_v3::L1-06_L2-06e_0008__scene_005,L1-06_L2-06e_0008__scene_005,kling_v3,Kling,closed_source,media/main/generated/kling_v3/L1-06_L2-06e_0008__scene_005.mp4,url_only,,https://www.youtube.com/watch?v=TmtjokysDVc,3,3,2,2,True
kling_v3::L1-07_L2-07a_0001__scene_015,L1-07_L2-07a_0001__scene_015,kling_v3,Kling,closed_source,media/main/generated/kling_v3/L1-07_L2-07a_0001__scene_015.mp4,media,media/main/real/L1-07/L1-07_L2-07a_0001__scene_015.mp4,https://www.dvidshub.net/video/837741,3,3,2,2,True
kling_v3::L1-07_L2-07a_0011__scene_003,L1-07_L2-07a_0011__scene_003,kling_v3,Kling,closed_source,media/main/generated/kling_v3/L1-07_L2-07a_0011__scene_003.mp4,media,media/main/real/L1-07/L1-07_L2-07a_0011__scene_003.mp4,https://www.dvidshub.net/video/773973,3,3,2,2,True
kling_v3::L1-07_L2-07a_0011__scene_035,L1-07_L2-07a_0011__scene_035,kling_v3,Kling,closed_source,media/main/generated/kling_v3/L1-07_L2-07a_0011__scene_035.mp4,media,media/main/real/L1-07/L1-07_L2-07a_0011__scene_035.mp4,https://www.dvidshub.net/video/773973,3,3,2,2,True
kling_v3::L1-07_L2-07a_0014__scene_007,L1-07_L2-07a_0014__scene_007,kling_v3,Kling,closed_source,media/main/generated/kling_v3/L1-07_L2-07a_0014__scene_007.mp4,media,media/main/real/L1-07/L1-07_L2-07a_0014__scene_007.mp4,https://www.dvidshub.net/video/745937,3,3,2,2,True
kling_v3::L1-07_L2-07a_0014__scene_017,L1-07_L2-07a_0014__scene_017,kling_v3,Kling,closed_source,media/main/generated/kling_v3/L1-07_L2-07a_0014__scene_017.mp4,media,media/main/real/L1-07/L1-07_L2-07a_0014__scene_017.mp4,https://www.dvidshub.net/video/745937,3,3,2,2,True
kling_v3::L1-07_L2-07b_0004__scene_006,L1-07_L2-07b_0004__scene_006,kling_v3,Kling,closed_source,media/main/generated/kling_v3/L1-07_L2-07b_0004__scene_006.mp4,media,media/main/real/L1-07/L1-07_L2-07b_0004__scene_006.mp4,https://www.dvidshub.net/video/830346,3,3,2,2,True
kling_v3::L1-07_L2-07b_0004__scene_014,L1-07_L2-07b_0004__scene_014,kling_v3,Kling,closed_source,media/main/generated/kling_v3/L1-07_L2-07b_0004__scene_014.mp4,media,media/main/real/L1-07/L1-07_L2-07b_0004__scene_014.mp4,https://www.dvidshub.net/video/830346,3,3,2,2,True
kling_v3::L1-07_L2-07b_0004__scene_019,L1-07_L2-07b_0004__scene_019,kling_v3,Kling,closed_source,media/main/generated/kling_v3/L1-07_L2-07b_0004__scene_019.mp4,media,media/main/real/L1-07/L1-07_L2-07b_0004__scene_019.mp4,https://www.dvidshub.net/video/830346,3,3,2,2,True
kling_v3::L1-07_L2-07b_0007__scene_008,L1-07_L2-07b_0007__scene_008,kling_v3,Kling,closed_source,media/main/generated/kling_v3/L1-07_L2-07b_0007__scene_008.mp4,media,media/main/real/L1-07/L1-07_L2-07b_0007__scene_008.mp4,https://www.dvidshub.net/video/829867,3,3,2,2,True
kling_v3::L1-07_L2-07b_0007__scene_009,L1-07_L2-07b_0007__scene_009,kling_v3,Kling,closed_source,media/main/generated/kling_v3/L1-07_L2-07b_0007__scene_009.mp4,media,media/main/real/L1-07/L1-07_L2-07b_0007__scene_009.mp4,https://www.dvidshub.net/video/829867,3,3,2,2,True
kling_v3::L1-07_L2-07b_0007__scene_011,L1-07_L2-07b_0007__scene_011,kling_v3,Kling,closed_source,media/main/generated/kling_v3/L1-07_L2-07b_0007__scene_011.mp4,media,media/main/real/L1-07/L1-07_L2-07b_0007__scene_011.mp4,https://www.dvidshub.net/video/829867,3,3,2,2,True
kling_v3::L1-07_L2-07b_0009__scene_001,L1-07_L2-07b_0009__scene_001,kling_v3,Kling,closed_source,media/main/generated/kling_v3/L1-07_L2-07b_0009__scene_001.mp4,media,media/main/real/L1-07/L1-07_L2-07b_0009__scene_001.mp4,https://www.dvidshub.net/video/827802,3,3,2,2,True
kling_v3::L1-07_L2-07b_0011__scene_001,L1-07_L2-07b_0011__scene_001,kling_v3,Kling,closed_source,media/main/generated/kling_v3/L1-07_L2-07b_0011__scene_001.mp4,media,media/main/real/L1-07/L1-07_L2-07b_0011__scene_001.mp4,https://www.dvidshub.net/video/775741,3,3,2,2,True
kling_v3::L1-07_L2-07b_0011__scene_002,L1-07_L2-07b_0011__scene_002,kling_v3,Kling,closed_source,media/main/generated/kling_v3/L1-07_L2-07b_0011__scene_002.mp4,media,media/main/real/L1-07/L1-07_L2-07b_0011__scene_002.mp4,https://www.dvidshub.net/video/775741,3,3,2,2,True
kling_v3::L1-07_L2-07b_0011__scene_003,L1-07_L2-07b_0011__scene_003,kling_v3,Kling,closed_source,media/main/generated/kling_v3/L1-07_L2-07b_0011__scene_003.mp4,media,media/main/real/L1-07/L1-07_L2-07b_0011__scene_003.mp4,https://www.dvidshub.net/video/775741,3,3,2,2,True
kling_v3::L1-07_L2-07b_0013__scene_002,L1-07_L2-07b_0013__scene_002,kling_v3,Kling,closed_source,media/main/generated/kling_v3/L1-07_L2-07b_0013__scene_002.mp4,media,media/main/real/L1-07/L1-07_L2-07b_0013__scene_002.mp4,https://www.dvidshub.net/video/749448,3,3,2,2,True
kling_v3::L1-07_L2-07b_0013__scene_017,L1-07_L2-07b_0013__scene_017,kling_v3,Kling,closed_source,media/main/generated/kling_v3/L1-07_L2-07b_0013__scene_017.mp4,media,media/main/real/L1-07/L1-07_L2-07b_0013__scene_017.mp4,https://www.dvidshub.net/video/749448,3,3,2,2,True
kling_v3::L1-07_L2-07b_0013__scene_026,L1-07_L2-07b_0013__scene_026,kling_v3,Kling,closed_source,media/main/generated/kling_v3/L1-07_L2-07b_0013__scene_026.mp4,media,media/main/real/L1-07/L1-07_L2-07b_0013__scene_026.mp4,https://www.dvidshub.net/video/749448,3,3,2,2,True
kling_v3::L1-07_L2-07c_0008__scene_016,L1-07_L2-07c_0008__scene_016,kling_v3,Kling,closed_source,media/main/generated/kling_v3/L1-07_L2-07c_0008__scene_016.mp4,media,media/main/real/L1-07/L1-07_L2-07c_0008__scene_016.mp4,https://www.dvidshub.net/video/786048,3,3,2,2,True
kling_v3::L1-07_L2-07c_0012__scene_003,L1-07_L2-07c_0012__scene_003,kling_v3,Kling,closed_source,media/main/generated/kling_v3/L1-07_L2-07c_0012__scene_003.mp4,media,media/main/real/L1-07/L1-07_L2-07c_0012__scene_003.mp4,https://www.dvidshub.net/video/783671,3,3,2,2,True
kling_v3::L1-07_L2-07c_0012__scene_005,L1-07_L2-07c_0012__scene_005,kling_v3,Kling,closed_source,media/main/generated/kling_v3/L1-07_L2-07c_0012__scene_005.mp4,media,media/main/real/L1-07/L1-07_L2-07c_0012__scene_005.mp4,https://www.dvidshub.net/video/783671,3,3,2,2,True
kling_v3::L1-07_L2-07d_0003__scene_006,L1-07_L2-07d_0003__scene_006,kling_v3,Kling,closed_source,media/main/generated/kling_v3/L1-07_L2-07d_0003__scene_006.mp4,media,media/main/real/L1-07/L1-07_L2-07d_0003__scene_006.mp4,https://www.dvidshub.net/video/756899,3,3,2,2,True
kling_v3::L1-07_L2-07d_0008__scene_003,L1-07_L2-07d_0008__scene_003,kling_v3,Kling,closed_source,media/main/generated/kling_v3/L1-07_L2-07d_0008__scene_003.mp4,media,media/main/real/L1-07/L1-07_L2-07d_0008__scene_003.mp4,https://www.dvidshub.net/video/748824,3,3,2,2,True
kling_v3::L1-07_L2-07d_0009__scene_005,L1-07_L2-07d_0009__scene_005,kling_v3,Kling,closed_source,media/main/generated/kling_v3/L1-07_L2-07d_0009__scene_005.mp4,media,media/main/real/L1-07/L1-07_L2-07d_0009__scene_005.mp4,https://www.dvidshub.net/video/748275,3,3,2,2,True
kling_v3::L1-07_L2-07d_0012__scene_004,L1-07_L2-07d_0012__scene_004,kling_v3,Kling,closed_source,media/main/generated/kling_v3/L1-07_L2-07d_0012__scene_004.mp4,media,media/main/real/L1-07/L1-07_L2-07d_0012__scene_004.mp4,https://www.dvidshub.net/video/746385,3,3,2,2,True
kling_v3::L1-07_L2-07d_0013__scene_006,L1-07_L2-07d_0013__scene_006,kling_v3,Kling,closed_source,media/main/generated/kling_v3/L1-07_L2-07d_0013__scene_006.mp4,media,media/main/real/L1-07/L1-07_L2-07d_0013__scene_006.mp4,https://www.dvidshub.net/video/746060,3,3,2,2,True
kling_v3::L1-07_L2-07d_0013__scene_011,L1-07_L2-07d_0013__scene_011,kling_v3,Kling,closed_source,media/main/generated/kling_v3/L1-07_L2-07d_0013__scene_011.mp4,media,media/main/real/L1-07/L1-07_L2-07d_0013__scene_011.mp4,https://www.dvidshub.net/video/746060,3,3,2,2,True
kling_v3::L1-08_L2-08a_0002__scene_032,L1-08_L2-08a_0002__scene_032,kling_v3,Kling,closed_source,media/main/generated/kling_v3/L1-08_L2-08a_0002__scene_032.mp4,url_only,,https://www.youtube.com/watch?v=hS1YqcewH0c,3,3,2,2,True
kling_v3::L1-08_L2-08a_0003__scene_036,L1-08_L2-08a_0003__scene_036,kling_v3,Kling,closed_source,media/main/generated/kling_v3/L1-08_L2-08a_0003__scene_036.mp4,url_only,,https://www.youtube.com/watch?v=auXCQ9-721o,3,3,2,2,True
kling_v3::L1-08_L2-08a_0003__scene_073,L1-08_L2-08a_0003__scene_073,kling_v3,Kling,closed_source,media/main/generated/kling_v3/L1-08_L2-08a_0003__scene_073.mp4,url_only,,https://www.youtube.com/watch?v=auXCQ9-721o,3,3,2,2,True
kling_v3::L1-08_L2-08b_0011__scene_003,L1-08_L2-08b_0011__scene_003,kling_v3,Kling,closed_source,media/main/generated/kling_v3/L1-08_L2-08b_0011__scene_003.mp4,url_only,,https://www.nexaiot.com/en/video/NexMOV,3,3,2,2,True
kling_v3::L1-08_L2-08c_0010__scene_002,L1-08_L2-08c_0010__scene_002,kling_v3,Kling,closed_source,media/main/generated/kling_v3/L1-08_L2-08c_0010__scene_002.mp4,url_only,,https://www.youtube.com/watch?v=XZmGGAbHqa0,3,3,2,2,True
kling_v3::L1-08_L2-08d_0001__scene_086,L1-08_L2-08d_0001__scene_086,kling_v3,Kling,closed_source,media/main/generated/kling_v3/L1-08_L2-08d_0001__scene_086.mp4,url_only,,https://www.youtube.com/watch?v=r1R3RDPvPeg,3,3,2,2,True
kling_v3::L1-08_L2-08d_0001__scene_123,L1-08_L2-08d_0001__scene_123,kling_v3,Kling,closed_source,media/main/generated/kling_v3/L1-08_L2-08d_0001__scene_123.mp4,url_only,,https://www.youtube.com/watch?v=r1R3RDPvPeg,3,3,2,2,True
kling_v3::L1-08_L2-08d_0001__scene_154,L1-08_L2-08d_0001__scene_154,kling_v3,Kling,closed_source,media/main/generated/kling_v3/L1-08_L2-08d_0001__scene_154.mp4,url_only,,https://www.youtube.com/watch?v=r1R3RDPvPeg,3,3,2,2,True
kling_v3::L1-08_L2-08d_0015__scene_031,L1-08_L2-08d_0015__scene_031,kling_v3,Kling,closed_source,media/main/generated/kling_v3/L1-08_L2-08d_0015__scene_031.mp4,url_only,,https://www.youtube.com/watch?v=ztl25aRlnWE,3,3,2,2,True
kling_v3::L1-08_L2-08d_0015__scene_159,L1-08_L2-08d_0015__scene_159,kling_v3,Kling,closed_source,media/main/generated/kling_v3/L1-08_L2-08d_0015__scene_159.mp4,url_only,,https://www.youtube.com/watch?v=ztl25aRlnWE,3,3,2,2,True
kling_v3::L1-10_L2-10c_0002__scene_001,L1-10_L2-10c_0002__scene_001,kling_v3,Kling,closed_source,media/main/generated/kling_v3/L1-10_L2-10c_0002__scene_001.mp4,media,media/main/real/L1-10/L1-10_L2-10c_0002__scene_001.mp4,https://www.pexels.com/video/vibrant-nighttime-concert-with-purple-lighting-35484382/,3,3,2,2,True
kling_v3::L1-10_L2-10c_0003__scene_001,L1-10_L2-10c_0003__scene_001,kling_v3,Kling,closed_source,media/main/generated/kling_v3/L1-10_L2-10c_0003__scene_001.mp4,media,media/main/real/L1-10/L1-10_L2-10c_0003__scene_001.mp4,https://www.pexels.com/video/dynamic-concert-audience-with-raised-hands-34594434/,3,3,2,2,True
kling_v3::L1-10_L2-10e_0015__scene_003,L1-10_L2-10e_0015__scene_003,kling_v3,Kling,closed_source,media/main/generated/kling_v3/L1-10_L2-10e_0015__scene_003.mp4,media,media/main/real/L1-10/L1-10_L2-10e_0015__scene_003.mp4,https://www.pexels.com/video/fireworks-display-in-dubai-during-new-year-s-celebrations-14980605/,3,3,2,2,True
ltx_seed0::L1-01_L2-01a_0006__scene_002,L1-01_L2-01a_0006__scene_002,ltx_seed0,LTX,open_source,media/main/generated/ltx_seed0/L1-01_L2-01a_0006__scene_002.mp4,media,media/main/real/L1-01/L1-01_L2-01a_0006__scene_002.mp4,https://www.dvidshub.net/video/901663/jbsa-fort-sam-houston-tornado-b-roll,3,3,2,2,True
ltx_seed0::L1-01_L2-01b_0005__scene_010,L1-01_L2-01b_0005__scene_010,ltx_seed0,LTX,open_source,media/main/generated/ltx_seed0/L1-01_L2-01b_0005__scene_010.mp4,media,media/main/real/L1-01/L1-01_L2-01b_0005__scene_010.mp4,https://www.dvidshub.net/video/951064/palisades-fire-b-roll,3,3,2,2,True
ltx_seed0::L1-01_L2-01b_0012__scene_006,L1-01_L2-01b_0012__scene_006,ltx_seed0,LTX,open_source,media/main/generated/ltx_seed0/L1-01_L2-01b_0012__scene_006.mp4,media,media/main/real/L1-01/L1-01_L2-01b_0012__scene_006.mp4,https://www.dvidshub.net/video/893990/b-roll-cjtf-50-command-visits-wildfire-devastation,3,3,2,2,True
ltx_seed0::L1-01_L2-01d_0008__scene_005,L1-01_L2-01d_0008__scene_005,ltx_seed0,LTX,open_source,media/main/generated/ltx_seed0/L1-01_L2-01d_0008__scene_005.mp4,media,media/main/real/L1-01/L1-01_L2-01d_0008__scene_005.mp4,https://www.dvidshub.net/video/944596/usace-removes-debris-lake-lure-north-carolina,3,3,2,2,True
ltx_seed0::L1-01_L2-01d_0016__scene_008,L1-01_L2-01d_0016__scene_008,ltx_seed0,LTX,open_source,media/main/generated/ltx_seed0/L1-01_L2-01d_0016__scene_008.mp4,media,media/main/real/L1-01/L1-01_L2-01d_0016__scene_008.mp4,https://www.dvidshub.net/video/506476/camp-pendleton-flood-areas,3,3,2,2,True
ltx_seed0::L1-02_L2-02a_0008__scene_005,L1-02_L2-02a_0008__scene_005,ltx_seed0,LTX,open_source,media/main/generated/ltx_seed0/L1-02_L2-02a_0008__scene_005.mp4,media,media/main/real/L1-02/L1-02_L2-02a_0008__scene_005.mp4,https://www.dvidshub.net/video/13579/marines-patrol-fallujah-with-iraqi-army,3,3,2,2,True
ltx_seed0::L1-02_L2-02a_0008__scene_016,L1-02_L2-02a_0008__scene_016,ltx_seed0,LTX,open_source,media/main/generated/ltx_seed0/L1-02_L2-02a_0008__scene_016.mp4,media,media/main/real/L1-02/L1-02_L2-02a_0008__scene_016.mp4,https://www.dvidshub.net/video/13579/marines-patrol-fallujah-with-iraqi-army,3,3,2,2,True
ltx_seed0::L1-02_L2-02b_0004__scene_019,L1-02_L2-02b_0004__scene_019,ltx_seed0,LTX,open_source,media/main/generated/ltx_seed0/L1-02_L2-02b_0004__scene_019.mp4,media,media/main/real/L1-02/L1-02_L2-02b_0004__scene_019.mp4,https://www.dvidshub.net/video/944147/stinger-missile-live-fire-exercise-afn-broll,3,3,2,2,True
ltx_seed0::L1-02_L2-02c_0010__scene_005,L1-02_L2-02c_0010__scene_005,ltx_seed0,LTX,open_source,media/main/generated/ltx_seed0/L1-02_L2-02c_0010__scene_005.mp4,media,media/main/real/L1-02/L1-02_L2-02c_0010__scene_005.mp4,https://www.dvidshub.net/video/952156/us-jasdf-and-raaf-aircraft-fly-formation-during-cn25,3,3,2,2,True
ltx_seed0::L1-02_L2-02c_0011__scene_021,L1-02_L2-02c_0011__scene_021,ltx_seed0,LTX,open_source,media/main/generated/ltx_seed0/L1-02_L2-02c_0011__scene_021.mp4,media,media/main/real/L1-02/L1-02_L2-02c_0011__scene_021.mp4,https://www.dvidshub.net/video/952173/marine-kc-130js-fly-formation-over-arizona,3,3,2,2,True
ltx_seed0::L1-02_L2-02d_0001__scene_010,L1-02_L2-02d_0001__scene_010,ltx_seed0,LTX,open_source,media/main/generated/ltx_seed0/L1-02_L2-02d_0001__scene_010.mp4,media,media/main/real/L1-02/L1-02_L2-02d_0001__scene_010.mp4,https://www.dvidshub.net/video/998309/b-roll-task-force-ashland-conducts-counter-landing-defense-during-exercise-cobra-gold-2026,3,3,2,2,True
ltx_seed0::L1-02_L2-02d_0005__scene_002,L1-02_L2-02d_0005__scene_002,ltx_seed0,LTX,open_source,media/main/generated/ltx_seed0/L1-02_L2-02d_0005__scene_002.mp4,media,media/main/real/L1-02/L1-02_L2-02d_0005__scene_002.mp4,https://www.dvidshub.net/video/967170/broll-saber-guardians-multinational-combined-live-fire-exercise,3,3,2,2,True
ltx_seed0::L1-02_L2-02d_0012__scene_017,L1-02_L2-02d_0012__scene_017,ltx_seed0,LTX,open_source,media/main/generated/ltx_seed0/L1-02_L2-02d_0012__scene_017.mp4,media,media/main/real/L1-02/L1-02_L2-02d_0012__scene_017.mp4,https://www.dvidshub.net/video/963299/swift-response-25-sky-soldiers-conduct-blank-fire-exercise,3,3,2,2,True
ltx_seed0::L1-02_L2-02d_0015__scene_001,L1-02_L2-02d_0015__scene_001,ltx_seed0,LTX,open_source,media/main/generated/ltx_seed0/L1-02_L2-02d_0015__scene_001.mp4,media,media/main/real/L1-02/L1-02_L2-02d_0015__scene_001.mp4,https://www.dvidshub.net/video/945046/parade-celebrates-20-years-nato-restoration-lithuanian-armed-forces,3,3,2,2,True
ltx_seed0::L1-03_L2-03a_0010__scene_068,L1-03_L2-03a_0010__scene_068,ltx_seed0,LTX,open_source,media/main/generated/ltx_seed0/L1-03_L2-03a_0010__scene_068.mp4,media,media/main/real/L1-03/L1-03_L2-03a_0010__scene_068.mp4,https://www.whitehouse.gov/videos/press-secretary-karoline-leavitt-briefs-members-of-the-media-nov-4-2025/,3,3,2,2,True
ltx_seed0::L1-03_L2-03a_0011__scene_014,L1-03_L2-03a_0011__scene_014,ltx_seed0,LTX,open_source,media/main/generated/ltx_seed0/L1-03_L2-03a_0011__scene_014.mp4,media,media/main/real/L1-03/L1-03_L2-03a_0011__scene_014.mp4,https://www.whitehouse.gov/videos/press-secretary-karoline-leavitt-briefs-members-of-the-media-oct-23-2025/,3,3,2,2,True
ltx_seed0::L1-03_L2-03b_0009__scene_026,L1-03_L2-03b_0009__scene_026,ltx_seed0,LTX,open_source,media/main/generated/ltx_seed0/L1-03_L2-03b_0009__scene_026.mp4,media,media/main/real/L1-03/L1-03_L2-03b_0009__scene_026.mp4,https://multimedia.europarl.europa.eu/en/video/four-years-of-russias-war-of-aggression-against-ukraine-and-european-contributions-to-a-just-peace-and-sustained-security-for-ukraine-one-round-of-political-group-leaders_I285499,3,3,2,2,True
ltx_seed0::L1-03_L2-03d_0014__scene_022,L1-03_L2-03d_0014__scene_022,ltx_seed0,LTX,open_source,media/main/generated/ltx_seed0/L1-03_L2-03d_0014__scene_022.mp4,media,media/main/real/L1-03/L1-03_L2-03d_0014__scene_022.mp4,https://www.whitehouse.gov/videos/president-trump-participates-in-a-nato-family-photo/,3,3,2,2,True
ltx_seed0::L1-04_L2-04a_0001__scene_010,L1-04_L2-04a_0001__scene_010,ltx_seed0,LTX,open_source,media/main/generated/ltx_seed0/L1-04_L2-04a_0001__scene_010.mp4,media,media/main/real/L1-04/L1-04_L2-04a_0001__scene_010.mp4,https://www.dvidshub.net/video/994879/alabama-national-guard-continues-prescence-patrol-during-dc-safe-mission,3,3,2,2,True
ltx_seed0::L1-04_L2-04a_0009__scene_001,L1-04_L2-04a_0009__scene_001,ltx_seed0,LTX,open_source,media/main/generated/ltx_seed0/L1-04_L2-04a_0009__scene_001.mp4,media,media/main/real/L1-04/L1-04_L2-04a_0009__scene_001.mp4,https://www.dvidshub.net/video/949329/california-army-national-guard-military-police-provide-traffic-check-point-support-near-eaton-fire-area,3,3,2,2,True
ltx_seed0::L1-04_L2-04a_0013__scene_002,L1-04_L2-04a_0013__scene_002,ltx_seed0,LTX,open_source,media/main/generated/ltx_seed0/L1-04_L2-04a_0013__scene_002.mp4,media,media/main/real/L1-04/L1-04_L2-04a_0013__scene_002.mp4,https://www.dvidshub.net/video/756806/cal-guard-supports-sacramento-peace-officers-during-civil-unrest,3,3,2,2,True
ltx_seed0::L1-04_L2-04b_0016__scene_003,L1-04_L2-04b_0016__scene_003,ltx_seed0,LTX,open_source,media/main/generated/ltx_seed0/L1-04_L2-04b_0016__scene_003.mp4,url_only,,https://www.youtube.com/watch?v=MbspKeMop6g,3,3,2,2,True
ltx_seed0::L1-04_L2-04b_0016__scene_004,L1-04_L2-04b_0016__scene_004,ltx_seed0,LTX,open_source,media/main/generated/ltx_seed0/L1-04_L2-04b_0016__scene_004.mp4,url_only,,https://www.youtube.com/watch?v=MbspKeMop6g,3,3,2,2,True
ltx_seed0::L1-04_L2-04b_0016__scene_019,L1-04_L2-04b_0016__scene_019,ltx_seed0,LTX,open_source,media/main/generated/ltx_seed0/L1-04_L2-04b_0016__scene_019.mp4,url_only,,https://www.youtube.com/watch?v=MbspKeMop6g,3,3,2,2,True
ltx_seed0::L1-04_L2-04c_0001__scene_009,L1-04_L2-04c_0001__scene_009,ltx_seed0,LTX,open_source,media/main/generated/ltx_seed0/L1-04_L2-04c_0001__scene_009.mp4,media,media/main/real/L1-04/L1-04_L2-04c_0001__scene_009.mp4,https://www.dvidshub.net/video/998358/146-aes-conductsaeromedical-evacuation-exercise-with-139-aw-c-130-hercules-missouri-ang,3,3,2,2,True
ltx_seed0::L1-04_L2-04c_0014__scene_005,L1-04_L2-04c_0014__scene_005,ltx_seed0,LTX,open_source,media/main/generated/ltx_seed0/L1-04_L2-04c_0014__scene_005.mp4,media,media/main/real/L1-04/L1-04_L2-04c_0014__scene_005.mp4,https://www.dvidshub.net/video/917997/mass-casualty-exercise,3,3,2,2,True
ltx_seed0::L1-04_L2-04d_0006__scene_002,L1-04_L2-04d_0006__scene_002,ltx_seed0,LTX,open_source,media/main/generated/ltx_seed0/L1-04_L2-04d_0006__scene_002.mp4,media,media/main/real/L1-04/L1-04_L2-04d_0006__scene_002.mp4,https://www.dvidshub.net/video/976106/coast-guard-air-force-conduct-search-and-rescue-exercise,3,3,2,2,True
ltx_seed0::L1-04_L2-04d_0011__scene_036,L1-04_L2-04d_0011__scene_036,ltx_seed0,LTX,open_source,media/main/generated/ltx_seed0/L1-04_L2-04d_0011__scene_036.mp4,media,media/main/real/L1-04/L1-04_L2-04d_0011__scene_036.mp4,https://www.dvidshub.net/video/952285/usar-k9-dogs-conduct-search-missions-pacific-palisades,3,3,2,2,True
ltx_seed0::L1-04_L2-04d_0014__scene_007,L1-04_L2-04d_0014__scene_007,ltx_seed0,LTX,open_source,media/main/generated/ltx_seed0/L1-04_L2-04d_0014__scene_007.mp4,media,media/main/real/L1-04/L1-04_L2-04d_0014__scene_007.mp4,https://www.dvidshub.net/video/936318/pp24-2-phl-urban-search-and-rescue,3,3,2,2,True
ltx_seed0::L1-05_L2-05a_0013__scene_007,L1-05_L2-05a_0013__scene_007,ltx_seed0,LTX,open_source,media/main/generated/ltx_seed0/L1-05_L2-05a_0013__scene_007.mp4,url_only,,https://www.youtube.com/watch?v=VO8HdzYa6f4,3,3,2,2,True
ltx_seed0::L1-05_L2-05a_0015__scene_015,L1-05_L2-05a_0015__scene_015,ltx_seed0,LTX,open_source,media/main/generated/ltx_seed0/L1-05_L2-05a_0015__scene_015.mp4,url_only,,https://www.youtube.com/watch?v=TzNX5tJ-OcU,3,3,2,2,True
ltx_seed0::L1-05_L2-05a_0016__scene_037,L1-05_L2-05a_0016__scene_037,ltx_seed0,LTX,open_source,media/main/generated/ltx_seed0/L1-05_L2-05a_0016__scene_037.mp4,url_only,,https://www.youtube.com/watch?v=XKfF_CLANNU,3,3,2,2,True
ltx_seed0::L1-05_L2-05e_0025__scene_005,L1-05_L2-05e_0025__scene_005,ltx_seed0,LTX,open_source,media/main/generated/ltx_seed0/L1-05_L2-05e_0025__scene_005.mp4,url_only,,https://www.youtube.com/watch?v=qCbtWKa4m1Q,3,3,2,2,True
ltx_seed0::L1-06_L2-06a_0008__scene_004,L1-06_L2-06a_0008__scene_004,ltx_seed0,LTX,open_source,media/main/generated/ltx_seed0/L1-06_L2-06a_0008__scene_004.mp4,url_only,,https://www.youtube.com/watch?v=AN3h9Qcjxn4,3,3,2,2,True
ltx_seed0::L1-06_L2-06c_0008__scene_012,L1-06_L2-06c_0008__scene_012,ltx_seed0,LTX,open_source,media/main/generated/ltx_seed0/L1-06_L2-06c_0008__scene_012.mp4,url_only,,https://www.youtube.com/watch?v=dJ5F2xpmt-Q,3,3,2,2,True
ltx_seed0::L1-06_L2-06e_0008__scene_003,L1-06_L2-06e_0008__scene_003,ltx_seed0,LTX,open_source,media/main/generated/ltx_seed0/L1-06_L2-06e_0008__scene_003.mp4,url_only,,https://www.youtube.com/watch?v=TmtjokysDVc,3,3,2,2,True
ltx_seed0::L1-06_L2-06e_0008__scene_005,L1-06_L2-06e_0008__scene_005,ltx_seed0,LTX,open_source,media/main/generated/ltx_seed0/L1-06_L2-06e_0008__scene_005.mp4,url_only,,https://www.youtube.com/watch?v=TmtjokysDVc,3,3,2,2,True
ltx_seed0::L1-07_L2-07b_0005__scene_009,L1-07_L2-07b_0005__scene_009,ltx_seed0,LTX,open_source,media/main/generated/ltx_seed0/L1-07_L2-07b_0005__scene_009.mp4,media,media/main/real/L1-07/L1-07_L2-07b_0005__scene_009.mp4,https://www.dvidshub.net/video/830060,3,3,2,2,True
ltx_seed0::L1-07_L2-07b_0006__scene_004,L1-07_L2-07b_0006__scene_004,ltx_seed0,LTX,open_source,media/main/generated/ltx_seed0/L1-07_L2-07b_0006__scene_004.mp4,media,media/main/real/L1-07/L1-07_L2-07b_0006__scene_004.mp4,https://www.dvidshub.net/video/829884,3,3,2,2,True
ltx_seed0::L1-08_L2-08c_0010__scene_007,L1-08_L2-08c_0010__scene_007,ltx_seed0,LTX,open_source,media/main/generated/ltx_seed0/L1-08_L2-08c_0010__scene_007.mp4,url_only,,https://www.youtube.com/watch?v=XZmGGAbHqa0,3,3,2,2,True
ltx_seed0::L1-08_L2-08d_0001__scene_154,L1-08_L2-08d_0001__scene_154,ltx_seed0,LTX,open_source,media/main/generated/ltx_seed0/L1-08_L2-08d_0001__scene_154.mp4,url_only,,https://www.youtube.com/watch?v=r1R3RDPvPeg,3,3,2,2,True
ltx_seed0::L1-08_L2-08d_0005__scene_224,L1-08_L2-08d_0005__scene_224,ltx_seed0,LTX,open_source,media/main/generated/ltx_seed0/L1-08_L2-08d_0005__scene_224.mp4,url_only,,https://www.youtube.com/watch?v=51iONeETSng,3,3,2,2,True
ltx_seed0::L1-08_L2-08d_0015__scene_049,L1-08_L2-08d_0015__scene_049,ltx_seed0,LTX,open_source,media/main/generated/ltx_seed0/L1-08_L2-08d_0015__scene_049.mp4,url_only,,https://www.youtube.com/watch?v=ztl25aRlnWE,3,3,2,2,True
ltx_seed0::L1-08_L2-08d_0015__scene_085,L1-08_L2-08d_0015__scene_085,ltx_seed0,LTX,open_source,media/main/generated/ltx_seed0/L1-08_L2-08d_0015__scene_085.mp4,url_only,,https://www.youtube.com/watch?v=ztl25aRlnWE,3,3,2,2,True
ltx_seed0::L1-08_L2-08d_0015__scene_234,L1-08_L2-08d_0015__scene_234,ltx_seed0,LTX,open_source,media/main/generated/ltx_seed0/L1-08_L2-08d_0015__scene_234.mp4,url_only,,https://www.youtube.com/watch?v=ztl25aRlnWE,3,3,2,2,True
ltx_seed0::L1-08_L2-08d_0015__scene_251,L1-08_L2-08d_0015__scene_251,ltx_seed0,LTX,open_source,media/main/generated/ltx_seed0/L1-08_L2-08d_0015__scene_251.mp4,url_only,,https://www.youtube.com/watch?v=ztl25aRlnWE,3,3,2,2,True
ltx_seed0::L1-09_L2-09a_0011__scene_005,L1-09_L2-09a_0011__scene_005,ltx_seed0,LTX,open_source,media/main/generated/ltx_seed0/L1-09_L2-09a_0011__scene_005.mp4,media,media/main/real/L1-09/L1-09_L2-09a_0011__scene_005.mp4,https://www.dvidshub.net/video/952863/minuteman-iii-test-launch-showcases-readiness-us-nuclear-forces-safe-effective-deterrent-narrated,3,3,2,2,True
ltx_seed0::L1-09_L2-09d_0009__scene_002,L1-09_L2-09d_0009__scene_002,ltx_seed0,LTX,open_source,media/main/generated/ltx_seed0/L1-09_L2-09d_0009__scene_002.mp4,media,media/main/real/L1-09/L1-09_L2-09d_0009__scene_002.mp4,https://oceanexplorer.noaa.gov/expedition-feature/okeanos-ex2104-features-ctenophore/,3,3,2,2,True
ltx_seed0::L1-10_L2-10c_0004__scene_001,L1-10_L2-10c_0004__scene_001,ltx_seed0,LTX,open_source,media/main/generated/ltx_seed0/L1-10_L2-10c_0004__scene_001.mp4,media,media/main/real/L1-10/L1-10_L2-10c_0004__scene_001.mp4,https://www.pexels.com/video/energetic-nighttime-concert-crowd-excitement-34059044/,3,3,2,2,True
omniweaving_seed0::L1-02_L2-02a_0010__scene_008,L1-02_L2-02a_0010__scene_008,omniweaving_seed0,OmniWeaving,open_source,media/main/generated/omniweaving_seed0/L1-02_L2-02a_0010__scene_008.mp4,media,media/main/real/L1-02/L1-02_L2-02a_0010__scene_008.mp4,https://www.dvidshub.net/video/1459/infantry-goes-into-fallujah,3,3,2,2,True
omniweaving_seed0::L1-04_L2-04a_0010__scene_012,L1-04_L2-04a_0010__scene_012,omniweaving_seed0,OmniWeaving,open_source,media/main/generated/omniweaving_seed0/L1-04_L2-04a_0010__scene_012.mp4,media,media/main/real/L1-04/L1-04_L2-04a_0010__scene_012.mp4,https://www.dvidshub.net/video/792081/minnesota-guardsmen-provide-security-brooklyn-center-police-department,3,3,2,2,True
omniweaving_seed0::L1-04_L2-04a_0012__scene_001,L1-04_L2-04a_0012__scene_001,omniweaving_seed0,OmniWeaving,open_source,media/main/generated/omniweaving_seed0/L1-04_L2-04a_0012__scene_001.mp4,media,media/main/real/L1-04/L1-04_L2-04a_0012__scene_001.mp4,https://www.dvidshub.net/video/755447/idaho-national-guard-support-dc-civil-unrest-response-efforts,3,3,2,2,True
omniweaving_seed0::L1-04_L2-04b_0019__scene_005,L1-04_L2-04b_0019__scene_005,omniweaving_seed0,OmniWeaving,open_source,media/main/generated/omniweaving_seed0/L1-04_L2-04b_0019__scene_005.mp4,url_only,,https://www.youtube.com/watch?v=FV_lyDuddxA,3,3,2,2,True
omniweaving_seed0::L1-05_L2-05e_0015__scene_004,L1-05_L2-05e_0015__scene_004,omniweaving_seed0,OmniWeaving,open_source,media/main/generated/omniweaving_seed0/L1-05_L2-05e_0015__scene_004.mp4,url_only,,https://www.youtube.com/watch?v=OGyAXbVH8Qs,3,3,2,2,True
omniweaving_seed0::L1-05_L2-05e_0016__scene_015,L1-05_L2-05e_0016__scene_015,omniweaving_seed0,OmniWeaving,open_source,media/main/generated/omniweaving_seed0/L1-05_L2-05e_0016__scene_015.mp4,url_only,,https://www.youtube.com/watch?v=aeJKqojmHgY,3,3,2,2,True
omniweaving_seed0::L1-07_L2-07c_0010__scene_010,L1-07_L2-07c_0010__scene_010,omniweaving_seed0,OmniWeaving,open_source,media/main/generated/omniweaving_seed0/L1-07_L2-07c_0010__scene_010.mp4,media,media/main/real/L1-07/L1-07_L2-07c_0010__scene_010.mp4,https://www.dvidshub.net/video/789976,3,3,2,2,True
omniweaving_seed0::L1-08_L2-08a_0003__scene_095,L1-08_L2-08a_0003__scene_095,omniweaving_seed0,OmniWeaving,open_source,media/main/generated/omniweaving_seed0/L1-08_L2-08a_0003__scene_095.mp4,url_only,,https://www.youtube.com/watch?v=auXCQ9-721o,3,3,2,2,True
omniweaving_seed0::L1-09_L2-09d_0005__scene_010,L1-09_L2-09d_0005__scene_010,omniweaving_seed0,OmniWeaving,open_source,media/main/generated/omniweaving_seed0/L1-09_L2-09d_0005__scene_010.mp4,media,media/main/real/L1-09/L1-09_L2-09d_0005__scene_010.mp4,https://oceanexplorer.noaa.gov/expedition-feature/okeanos-seascape-alaska-ex2304-features-summary/,3,3,2,2,True
runway::L1-01_L2-01a_0005__scene_003,L1-01_L2-01a_0005__scene_003,runway,Runway,closed_source,media/main/generated/runway/L1-01_L2-01a_0005__scene_003.mp4,media,media/main/real/L1-01/L1-01_L2-01a_0005__scene_003.mp4,https://www.dvidshub.net/video/914127/tornado-sustained-damage-and-clean-up-wright-patterson-air-force-base-2,3,3,2,2,True
runway::L1-01_L2-01a_0005__scene_016,L1-01_L2-01a_0005__scene_016,runway,Runway,closed_source,media/main/generated/runway/L1-01_L2-01a_0005__scene_016.mp4,media,media/main/real/L1-01/L1-01_L2-01a_0005__scene_016.mp4,https://www.dvidshub.net/video/914127/tornado-sustained-damage-and-clean-up-wright-patterson-air-force-base-2,3,3,2,2,True
runway::L1-01_L2-01a_0007__scene_005,L1-01_L2-01a_0007__scene_005,runway,Runway,closed_source,media/main/generated/runway/L1-01_L2-01a_0007__scene_005.mp4,media,media/main/real/L1-01/L1-01_L2-01a_0007__scene_005.mp4,https://www.dvidshub.net/video/892606/damage-plaza-housing-typhoon-khanun,3,3,2,2,True
runway::L1-01_L2-01a_0010__scene_045,L1-01_L2-01a_0010__scene_045,runway,Runway,closed_source,media/main/generated/runway/L1-01_L2-01a_0010__scene_045.mp4,media,media/main/real/L1-01/L1-01_L2-01a_0010__scene_045.mp4,https://www.dvidshub.net/video/766610/hurlburt-field-hurricane-sally-damage-assessment,3,3,2,2,True
runway::L1-01_L2-01b_0009__scene_005,L1-01_L2-01b_0009__scene_005,runway,Runway,closed_source,media/main/generated/runway/L1-01_L2-01b_0009__scene_005.mp4,media,media/main/real/L1-01/L1-01_L2-01b_0009__scene_005.mp4,https://www.dvidshub.net/video/902990/b-roll-hawaii-army-national-guard-provides-aerial-fire-suppression-mililani-wildfire,3,3,2,2,True
runway::L1-01_L2-01b_0010__scene_010,L1-01_L2-01b_0010__scene_010,runway,Runway,closed_source,media/main/generated/runway/L1-01_L2-01b_0010__scene_010.mp4,media,media/main/real/L1-01/L1-01_L2-01b_0010__scene_010.mp4,https://www.dvidshub.net/video/977626/wildfire-and-rain,3,3,2,2,True
runway::L1-01_L2-01b_0012__scene_002,L1-01_L2-01b_0012__scene_002,runway,Runway,closed_source,media/main/generated/runway/L1-01_L2-01b_0012__scene_002.mp4,media,media/main/real/L1-01/L1-01_L2-01b_0012__scene_002.mp4,https://www.dvidshub.net/video/893990/b-roll-cjtf-50-command-visits-wildfire-devastation,3,3,2,2,True
runway::L1-01_L2-01d_0009__scene_008,L1-01_L2-01d_0009__scene_008,runway,Runway,closed_source,media/main/generated/runway/L1-01_L2-01d_0009__scene_008.mp4,media,media/main/real/L1-01/L1-01_L2-01d_0009__scene_008.mp4,https://www.dvidshub.net/video/941490/hurricane-helene-causes-flood-damage-western-north-carolina,3,3,2,2,True
runway::L1-01_L2-01d_0010__scene_006,L1-01_L2-01d_0010__scene_006,runway,Runway,closed_source,media/main/generated/runway/L1-01_L2-01d_0010__scene_006.mp4,media,media/main/real/L1-01/L1-01_L2-01d_0010__scene_006.mp4,https://www.dvidshub.net/video/940064/hurricane-helene-leaves-ashville-ruins,3,3,2,2,True
runway::L1-02_L2-02a_0004__scene_037,L1-02_L2-02a_0004__scene_037,runway,Runway,closed_source,media/main/generated/runway/L1-02_L2-02a_0004__scene_037.mp4,media,media/main/real/L1-02/L1-02_L2-02a_0004__scene_037.mp4,https://www.dvidshub.net/video/32368/insurgents-haifa-street,3,3,2,2,True
runway::L1-02_L2-02a_0008__scene_005,L1-02_L2-02a_0008__scene_005,runway,Runway,closed_source,media/main/generated/runway/L1-02_L2-02a_0008__scene_005.mp4,media,media/main/real/L1-02/L1-02_L2-02a_0008__scene_005.mp4,https://www.dvidshub.net/video/13579/marines-patrol-fallujah-with-iraqi-army,3,3,2,2,True
runway::L1-02_L2-02a_0011__scene_038,L1-02_L2-02a_0011__scene_038,runway,Runway,closed_source,media/main/generated/runway/L1-02_L2-02a_0011__scene_038.mp4,media,media/main/real/L1-02/L1-02_L2-02a_0011__scene_038.mp4,https://www.dvidshub.net/video/1292/3-1-marines-fallujah,3,3,2,2,True
runway::L1-02_L2-02a_0013__scene_002,L1-02_L2-02a_0013__scene_002,runway,Runway,closed_source,media/main/generated/runway/L1-02_L2-02a_0013__scene_002.mp4,media,media/main/real/L1-02/L1-02_L2-02a_0013__scene_002.mp4,https://www.dvidshub.net/video/301797/operation-phantom-fury-combat-footage-fallujah-rooftop-fighting-breaching-night-fighting,3,3,2,2,True
runway::L1-02_L2-02a_0014__scene_009,L1-02_L2-02a_0014__scene_009,runway,Runway,closed_source,media/main/generated/runway/L1-02_L2-02a_0014__scene_009.mp4,media,media/main/real/L1-02/L1-02_L2-02a_0014__scene_009.mp4,https://www.dvidshub.net/video/301800/operation-phantom-fury-combat-footage-marines-and-tanks-fallujah,3,3,2,2,True
runway::L1-02_L2-02b_0008__scene_015,L1-02_L2-02b_0008__scene_015,runway,Runway,closed_source,media/main/generated/runway/L1-02_L2-02b_0008__scene_015.mp4,media,media/main/real/L1-02/L1-02_L2-02b_0008__scene_015.mp4,https://www.dvidshub.net/video/858956/aim-9x-sidewinder-live-fire-missile-exercise-b-roll,3,3,2,2,True
runway::L1-02_L2-02c_0011__scene_013,L1-02_L2-02c_0011__scene_013,runway,Runway,closed_source,media/main/generated/runway/L1-02_L2-02c_0011__scene_013.mp4,media,media/main/real/L1-02/L1-02_L2-02c_0011__scene_013.mp4,https://www.dvidshub.net/video/952173/marine-kc-130js-fly-formation-over-arizona,3,3,2,2,True
runway::L1-02_L2-02d_0009__scene_019,L1-02_L2-02d_0009__scene_019,runway,Runway,closed_source,media/main/generated/runway/L1-02_L2-02d_0009__scene_019.mp4,media,media/main/real/L1-02/L1-02_L2-02d_0009__scene_019.mp4,https://www.dvidshub.net/video/966247/immediate-response-25-live-fire-exercise,3,3,2,2,True
runway::L1-02_L2-02d_0015__scene_011,L1-02_L2-02d_0015__scene_011,runway,Runway,closed_source,media/main/generated/runway/L1-02_L2-02d_0015__scene_011.mp4,media,media/main/real/L1-02/L1-02_L2-02d_0015__scene_011.mp4,https://www.dvidshub.net/video/945046/parade-celebrates-20-years-nato-restoration-lithuanian-armed-forces,3,3,2,2,True
runway::L1-03_L2-03a_0010__scene_021,L1-03_L2-03a_0010__scene_021,runway,Runway,closed_source,media/main/generated/runway/L1-03_L2-03a_0010__scene_021.mp4,media,media/main/real/L1-03/L1-03_L2-03a_0010__scene_021.mp4,https://www.whitehouse.gov/videos/press-secretary-karoline-leavitt-briefs-members-of-the-media-nov-4-2025/,3,3,2,2,True
runway::L1-03_L2-03a_0011__scene_055,L1-03_L2-03a_0011__scene_055,runway,Runway,closed_source,media/main/generated/runway/L1-03_L2-03a_0011__scene_055.mp4,media,media/main/real/L1-03/L1-03_L2-03a_0011__scene_055.mp4,https://www.whitehouse.gov/videos/press-secretary-karoline-leavitt-briefs-members-of-the-media-oct-23-2025/,3,3,2,2,True
runway::L1-03_L2-03b_0009__scene_009,L1-03_L2-03b_0009__scene_009,runway,Runway,closed_source,media/main/generated/runway/L1-03_L2-03b_0009__scene_009.mp4,media,media/main/real/L1-03/L1-03_L2-03b_0009__scene_009.mp4,https://multimedia.europarl.europa.eu/en/video/four-years-of-russias-war-of-aggression-against-ukraine-and-european-contributions-to-a-just-peace-and-sustained-security-for-ukraine-one-round-of-political-group-leaders_I285499,3,3,2,2,True
runway::L1-03_L2-03b_0009__scene_042,L1-03_L2-03b_0009__scene_042,runway,Runway,closed_source,media/main/generated/runway/L1-03_L2-03b_0009__scene_042.mp4,media,media/main/real/L1-03/L1-03_L2-03b_0009__scene_042.mp4,https://multimedia.europarl.europa.eu/en/video/four-years-of-russias-war-of-aggression-against-ukraine-and-european-contributions-to-a-just-peace-and-sustained-security-for-ukraine-one-round-of-political-group-leaders_I285499,3,3,2,2,True
runway::L1-03_L2-03b_0009__scene_066,L1-03_L2-03b_0009__scene_066,runway,Runway,closed_source,media/main/generated/runway/L1-03_L2-03b_0009__scene_066.mp4,media,media/main/real/L1-03/L1-03_L2-03b_0009__scene_066.mp4,https://multimedia.europarl.europa.eu/en/video/four-years-of-russias-war-of-aggression-against-ukraine-and-european-contributions-to-a-just-peace-and-sustained-security-for-ukraine-one-round-of-political-group-leaders_I285499,3,3,2,2,True
runway::L1-03_L2-03d_0014__scene_018,L1-03_L2-03d_0014__scene_018,runway,Runway,closed_source,media/main/generated/runway/L1-03_L2-03d_0014__scene_018.mp4,media,media/main/real/L1-03/L1-03_L2-03d_0014__scene_018.mp4,https://www.whitehouse.gov/videos/president-trump-participates-in-a-nato-family-photo/,3,3,2,2,True
runway::L1-04_L2-04a_0007__scene_007,L1-04_L2-04a_0007__scene_007,runway,Runway,closed_source,media/main/generated/runway/L1-04_L2-04a_0007__scene_007.mp4,media,media/main/real/L1-04/L1-04_L2-04a_0007__scene_007.mp4,https://www.dvidshub.net/video/968080/b-roll-california-national-guard-supports-security-operations-los-angeles,3,3,2,2,True
runway::L1-04_L2-04a_0008__scene_002,L1-04_L2-04a_0008__scene_002,runway,Runway,closed_source,media/main/generated/runway/L1-04_L2-04a_0008__scene_002.mp4,media,media/main/real/L1-04/L1-04_L2-04a_0008__scene_002.mp4,https://www.dvidshub.net/video/949348/california-army-national-guard-supports-local-law-enforcement-during-la-wildfires,3,3,2,2,True
runway::L1-04_L2-04a_0008__scene_006,L1-04_L2-04a_0008__scene_006,runway,Runway,closed_source,media/main/generated/runway/L1-04_L2-04a_0008__scene_006.mp4,media,media/main/real/L1-04/L1-04_L2-04a_0008__scene_006.mp4,https://www.dvidshub.net/video/949348/california-army-national-guard-supports-local-law-enforcement-during-la-wildfires,3,3,2,2,True
runway::L1-04_L2-04b_0018__scene_012,L1-04_L2-04b_0018__scene_012,runway,Runway,closed_source,media/main/generated/runway/L1-04_L2-04b_0018__scene_012.mp4,url_only,,https://www.youtube.com/watch?v=5tvker-nNtA,3,3,2,2,True
runway::L1-04_L2-04b_0019__scene_004,L1-04_L2-04b_0019__scene_004,runway,Runway,closed_source,media/main/generated/runway/L1-04_L2-04b_0019__scene_004.mp4,url_only,,https://www.youtube.com/watch?v=FV_lyDuddxA,3,3,2,2,True
runway::L1-04_L2-04c_0001__scene_005,L1-04_L2-04c_0001__scene_005,runway,Runway,closed_source,media/main/generated/runway/L1-04_L2-04c_0001__scene_005.mp4,media,media/main/real/L1-04/L1-04_L2-04c_0001__scene_005.mp4,https://www.dvidshub.net/video/998358/146-aes-conductsaeromedical-evacuation-exercise-with-139-aw-c-130-hercules-missouri-ang,3,3,2,2,True
runway::L1-04_L2-04d_0011__scene_011,L1-04_L2-04d_0011__scene_011,runway,Runway,closed_source,media/main/generated/runway/L1-04_L2-04d_0011__scene_011.mp4,media,media/main/real/L1-04/L1-04_L2-04d_0011__scene_011.mp4,https://www.dvidshub.net/video/952285/usar-k9-dogs-conduct-search-missions-pacific-palisades,3,3,2,2,True
runway::L1-05_L2-05a_0013__scene_007,L1-05_L2-05a_0013__scene_007,runway,Runway,closed_source,media/main/generated/runway/L1-05_L2-05a_0013__scene_007.mp4,url_only,,https://www.youtube.com/watch?v=VO8HdzYa6f4,3,3,2,2,True
runway::L1-05_L2-05a_0013__scene_008,L1-05_L2-05a_0013__scene_008,runway,Runway,closed_source,media/main/generated/runway/L1-05_L2-05a_0013__scene_008.mp4,url_only,,https://www.youtube.com/watch?v=VO8HdzYa6f4,3,3,2,2,True
runway::L1-05_L2-05a_0015__scene_007,L1-05_L2-05a_0015__scene_007,runway,Runway,closed_source,media/main/generated/runway/L1-05_L2-05a_0015__scene_007.mp4,url_only,,https://www.youtube.com/watch?v=TzNX5tJ-OcU,3,3,2,2,True
runway::L1-05_L2-05a_0016__scene_034,L1-05_L2-05a_0016__scene_034,runway,Runway,closed_source,media/main/generated/runway/L1-05_L2-05a_0016__scene_034.mp4,url_only,,https://www.youtube.com/watch?v=XKfF_CLANNU,3,3,2,2,True
runway::L1-05_L2-05a_0017__scene_004,L1-05_L2-05a_0017__scene_004,runway,Runway,closed_source,media/main/generated/runway/L1-05_L2-05a_0017__scene_004.mp4,url_only,,https://www.youtube.com/watch?v=WFIqxo4QMu4,3,3,2,2,True
runway::L1-05_L2-05a_0019__scene_010,L1-05_L2-05a_0019__scene_010,runway,Runway,closed_source,media/main/generated/runway/L1-05_L2-05a_0019__scene_010.mp4,url_only,,https://www.youtube.com/watch?v=3TA8VWF2O8k,3,3,2,2,True
runway::L1-05_L2-05a_0019__scene_012,L1-05_L2-05a_0019__scene_012,runway,Runway,closed_source,media/main/generated/runway/L1-05_L2-05a_0019__scene_012.mp4,url_only,,https://www.youtube.com/watch?v=3TA8VWF2O8k,3,3,2,2,True
runway::L1-05_L2-05a_0020__scene_009,L1-05_L2-05a_0020__scene_009,runway,Runway,closed_source,media/main/generated/runway/L1-05_L2-05a_0020__scene_009.mp4,url_only,,https://www.youtube.com/watch?v=JpkRK9o8SSo,3,3,2,2,True
runway::L1-05_L2-05a_0020__scene_011,L1-05_L2-05a_0020__scene_011,runway,Runway,closed_source,media/main/generated/runway/L1-05_L2-05a_0020__scene_011.mp4,url_only,,https://www.youtube.com/watch?v=JpkRK9o8SSo,3,3,2,2,True
runway::L1-05_L2-05b_0011__scene_014,L1-05_L2-05b_0011__scene_014,runway,Runway,closed_source,media/main/generated/runway/L1-05_L2-05b_0011__scene_014.mp4,url_only,,https://www.youtube.com/watch?v=7AyXTVkVBT4,3,3,2,2,True
runway::L1-05_L2-05c_0013__scene_023,L1-05_L2-05c_0013__scene_023,runway,Runway,closed_source,media/main/generated/runway/L1-05_L2-05c_0013__scene_023.mp4,url_only,,https://www.youtube.com/watch?v=3OBB3N7yZPU,3,3,2,2,True
runway::L1-06_L2-06a_0010__scene_004,L1-06_L2-06a_0010__scene_004,runway,Runway,closed_source,media/main/generated/runway/L1-06_L2-06a_0010__scene_004.mp4,url_only,,https://www.youtube.com/watch?v=33qAlFyaIk4,3,3,2,2,True
runway::L1-06_L2-06d_0007__scene_001,L1-06_L2-06d_0007__scene_001,runway,Runway,closed_source,media/main/generated/runway/L1-06_L2-06d_0007__scene_001.mp4,url_only,,https://www.youtube.com/watch?v=GoogeGk9qe4,3,3,2,2,True
runway::L1-06_L2-06d_0010__scene_007,L1-06_L2-06d_0010__scene_007,runway,Runway,closed_source,media/main/generated/runway/L1-06_L2-06d_0010__scene_007.mp4,url_only,,https://www.youtube.com/watch?v=EA1XWYIH42E,3,3,2,2,True
runway::L1-06_L2-06e_0008__scene_003,L1-06_L2-06e_0008__scene_003,runway,Runway,closed_source,media/main/generated/runway/L1-06_L2-06e_0008__scene_003.mp4,url_only,,https://www.youtube.com/watch?v=TmtjokysDVc,3,3,2,2,True
runway::L1-07_L2-07a_0011__scene_058,L1-07_L2-07a_0011__scene_058,runway,Runway,closed_source,media/main/generated/runway/L1-07_L2-07a_0011__scene_058.mp4,media,media/main/real/L1-07/L1-07_L2-07a_0011__scene_058.mp4,https://www.dvidshub.net/video/773973,3,3,2,2,True
runway::L1-07_L2-07a_0013__scene_058,L1-07_L2-07a_0013__scene_058,runway,Runway,closed_source,media/main/generated/runway/L1-07_L2-07a_0013__scene_058.mp4,media,media/main/real/L1-07/L1-07_L2-07a_0013__scene_058.mp4,https://www.dvidshub.net/video/747459,3,3,2,2,True
runway::L1-07_L2-07a_0014__scene_007,L1-07_L2-07a_0014__scene_007,runway,Runway,closed_source,media/main/generated/runway/L1-07_L2-07a_0014__scene_007.mp4,media,media/main/real/L1-07/L1-07_L2-07a_0014__scene_007.mp4,https://www.dvidshub.net/video/745937,3,3,2,2,True
runway::L1-07_L2-07a_0014__scene_010,L1-07_L2-07a_0014__scene_010,runway,Runway,closed_source,media/main/generated/runway/L1-07_L2-07a_0014__scene_010.mp4,media,media/main/real/L1-07/L1-07_L2-07a_0014__scene_010.mp4,https://www.dvidshub.net/video/745937,3,3,2,2,True
runway::L1-07_L2-07a_0014__scene_034,L1-07_L2-07a_0014__scene_034,runway,Runway,closed_source,media/main/generated/runway/L1-07_L2-07a_0014__scene_034.mp4,media,media/main/real/L1-07/L1-07_L2-07a_0014__scene_034.mp4,https://www.dvidshub.net/video/745937,3,3,2,2,True
runway::L1-07_L2-07a_0015__scene_003,L1-07_L2-07a_0015__scene_003,runway,Runway,closed_source,media/main/generated/runway/L1-07_L2-07a_0015__scene_003.mp4,media,media/main/real/L1-07/L1-07_L2-07a_0015__scene_003.mp4,https://www.dvidshub.net/video/742071,3,3,2,2,True
runway::L1-07_L2-07a_0015__scene_035,L1-07_L2-07a_0015__scene_035,runway,Runway,closed_source,media/main/generated/runway/L1-07_L2-07a_0015__scene_035.mp4,media,media/main/real/L1-07/L1-07_L2-07a_0015__scene_035.mp4,https://www.dvidshub.net/video/742071,3,3,2,2,True
runway::L1-07_L2-07a_0015__scene_042,L1-07_L2-07a_0015__scene_042,runway,Runway,closed_source,media/main/generated/runway/L1-07_L2-07a_0015__scene_042.mp4,media,media/main/real/L1-07/L1-07_L2-07a_0015__scene_042.mp4,https://www.dvidshub.net/video/742071,3,3,2,2,True
runway::L1-07_L2-07b_0001__scene_004,L1-07_L2-07b_0001__scene_004,runway,Runway,closed_source,media/main/generated/runway/L1-07_L2-07b_0001__scene_004.mp4,media,media/main/real/L1-07/L1-07_L2-07b_0001__scene_004.mp4,https://www.dvidshub.net/video/833974,3,3,2,2,True
runway::L1-07_L2-07b_0005__scene_009,L1-07_L2-07b_0005__scene_009,runway,Runway,closed_source,media/main/generated/runway/L1-07_L2-07b_0005__scene_009.mp4,media,media/main/real/L1-07/L1-07_L2-07b_0005__scene_009.mp4,https://www.dvidshub.net/video/830060,3,3,2,2,True
runway::L1-07_L2-07b_0009__scene_005,L1-07_L2-07b_0009__scene_005,runway,Runway,closed_source,media/main/generated/runway/L1-07_L2-07b_0009__scene_005.mp4,media,media/main/real/L1-07/L1-07_L2-07b_0009__scene_005.mp4,https://www.dvidshub.net/video/827802,3,3,2,2,True
runway::L1-07_L2-07b_0013__scene_024,L1-07_L2-07b_0013__scene_024,runway,Runway,closed_source,media/main/generated/runway/L1-07_L2-07b_0013__scene_024.mp4,media,media/main/real/L1-07/L1-07_L2-07b_0013__scene_024.mp4,https://www.dvidshub.net/video/749448,3,3,2,2,True
runway::L1-07_L2-07b_0013__scene_026,L1-07_L2-07b_0013__scene_026,runway,Runway,closed_source,media/main/generated/runway/L1-07_L2-07b_0013__scene_026.mp4,media,media/main/real/L1-07/L1-07_L2-07b_0013__scene_026.mp4,https://www.dvidshub.net/video/749448,3,3,2,2,True
runway::L1-07_L2-07b_0014__scene_006,L1-07_L2-07b_0014__scene_006,runway,Runway,closed_source,media/main/generated/runway/L1-07_L2-07b_0014__scene_006.mp4,media,media/main/real/L1-07/L1-07_L2-07b_0014__scene_006.mp4,https://www.dvidshub.net/video/746913,3,3,2,2,True
runway::L1-07_L2-07c_0015__scene_001,L1-07_L2-07c_0015__scene_001,runway,Runway,closed_source,media/main/generated/runway/L1-07_L2-07c_0015__scene_001.mp4,media,media/main/real/L1-07/L1-07_L2-07c_0015__scene_001.mp4,https://www.dvidshub.net/video/781530,3,3,2,2,True
runway::L1-07_L2-07d_0002__scene_001,L1-07_L2-07d_0002__scene_001,runway,Runway,closed_source,media/main/generated/runway/L1-07_L2-07d_0002__scene_001.mp4,media,media/main/real/L1-07/L1-07_L2-07d_0002__scene_001.mp4,https://www.dvidshub.net/video/760327,3,3,2,2,True
runway::L1-07_L2-07d_0010__scene_010,L1-07_L2-07d_0010__scene_010,runway,Runway,closed_source,media/main/generated/runway/L1-07_L2-07d_0010__scene_010.mp4,media,media/main/real/L1-07/L1-07_L2-07d_0010__scene_010.mp4,https://www.dvidshub.net/video/748251,3,3,2,2,True
runway::L1-07_L2-07d_0013__scene_004,L1-07_L2-07d_0013__scene_004,runway,Runway,closed_source,media/main/generated/runway/L1-07_L2-07d_0013__scene_004.mp4,media,media/main/real/L1-07/L1-07_L2-07d_0013__scene_004.mp4,https://www.dvidshub.net/video/746060,3,3,2,2,True
runway::L1-08_L2-08a_0002__scene_086,L1-08_L2-08a_0002__scene_086,runway,Runway,closed_source,media/main/generated/runway/L1-08_L2-08a_0002__scene_086.mp4,url_only,,https://www.youtube.com/watch?v=hS1YqcewH0c,3,3,2,2,True
runway::L1-08_L2-08a_0003__scene_018,L1-08_L2-08a_0003__scene_018,runway,Runway,closed_source,media/main/generated/runway/L1-08_L2-08a_0003__scene_018.mp4,url_only,,https://www.youtube.com/watch?v=auXCQ9-721o,3,3,2,2,True
runway::L1-08_L2-08c_0001__scene_031,L1-08_L2-08c_0001__scene_031,runway,Runway,closed_source,media/main/generated/runway/L1-08_L2-08c_0001__scene_031.mp4,url_only,,"https://commons.wikimedia.org/wiki/File:Data_Center_Tour_&_Technical_Deep_Dive_into_the_Power,_Data_and_Cooling_Infrastructure!.webm",3,3,2,2,True
runway::L1-08_L2-08d_0001__scene_018,L1-08_L2-08d_0001__scene_018,runway,Runway,closed_source,media/main/generated/runway/L1-08_L2-08d_0001__scene_018.mp4,url_only,,https://www.youtube.com/watch?v=r1R3RDPvPeg,3,3,2,2,True
runway::L1-08_L2-08d_0015__scene_044,L1-08_L2-08d_0015__scene_044,runway,Runway,closed_source,media/main/generated/runway/L1-08_L2-08d_0015__scene_044.mp4,url_only,,https://www.youtube.com/watch?v=ztl25aRlnWE,3,3,2,2,True
runway::L1-08_L2-08d_0015__scene_064,L1-08_L2-08d_0015__scene_064,runway,Runway,closed_source,media/main/generated/runway/L1-08_L2-08d_0015__scene_064.mp4,url_only,,https://www.youtube.com/watch?v=ztl25aRlnWE,3,3,2,2,True
runway::L1-08_L2-08d_0015__scene_159,L1-08_L2-08d_0015__scene_159,runway,Runway,closed_source,media/main/generated/runway/L1-08_L2-08d_0015__scene_159.mp4,url_only,,https://www.youtube.com/watch?v=ztl25aRlnWE,3,3,2,2,True
runway::L1-08_L2-08d_0015__scene_242,L1-08_L2-08d_0015__scene_242,runway,Runway,closed_source,media/main/generated/runway/L1-08_L2-08d_0015__scene_242.mp4,url_only,,https://www.youtube.com/watch?v=ztl25aRlnWE,3,3,2,2,True
runway::L1-09_L2-09a_0011__scene_002,L1-09_L2-09a_0011__scene_002,runway,Runway,closed_source,media/main/generated/runway/L1-09_L2-09a_0011__scene_002.mp4,media,media/main/real/L1-09/L1-09_L2-09a_0011__scene_002.mp4,https://www.dvidshub.net/video/952863/minuteman-iii-test-launch-showcases-readiness-us-nuclear-forces-safe-effective-deterrent-narrated,3,3,2,2,True
runway::L1-09_L2-09d_0005__scene_007,L1-09_L2-09d_0005__scene_007,runway,Runway,closed_source,media/main/generated/runway/L1-09_L2-09d_0005__scene_007.mp4,media,media/main/real/L1-09/L1-09_L2-09d_0005__scene_007.mp4,https://oceanexplorer.noaa.gov/expedition-feature/okeanos-seascape-alaska-ex2304-features-summary/,3,3,2,2,True
seedance2::L1-01_L2-01a_0006__scene_003,L1-01_L2-01a_0006__scene_003,seedance2,Seedance2.0,closed_source,media/main/generated/seedance2/L1-01_L2-01a_0006__scene_003.mp4,media,media/main/real/L1-01/L1-01_L2-01a_0006__scene_003.mp4,https://www.dvidshub.net/video/901663/jbsa-fort-sam-houston-tornado-b-roll,3,3,2,2,True
seedance2::L1-01_L2-01a_0010__scene_045,L1-01_L2-01a_0010__scene_045,seedance2,Seedance2.0,closed_source,media/main/generated/seedance2/L1-01_L2-01a_0010__scene_045.mp4,media,media/main/real/L1-01/L1-01_L2-01a_0010__scene_045.mp4,https://www.dvidshub.net/video/766610/hurlburt-field-hurricane-sally-damage-assessment,3,3,2,2,True
seedance2::L1-01_L2-01a_0010__scene_047,L1-01_L2-01a_0010__scene_047,seedance2,Seedance2.0,closed_source,media/main/generated/seedance2/L1-01_L2-01a_0010__scene_047.mp4,media,media/main/real/L1-01/L1-01_L2-01a_0010__scene_047.mp4,https://www.dvidshub.net/video/766610/hurlburt-field-hurricane-sally-damage-assessment,3,3,2,2,True
seedance2::L1-01_L2-01a_0012__scene_003,L1-01_L2-01a_0012__scene_003,seedance2,Seedance2.0,closed_source,media/main/generated/seedance2/L1-01_L2-01a_0012__scene_003.mp4,media,media/main/real/L1-01/L1-01_L2-01a_0012__scene_003.mp4,https://www.dvidshub.net/video/625765/hurricane-florence-damage-mcb-camp-lejeune,3,3,2,2,True
seedance2::L1-01_L2-01a_0012__scene_009,L1-01_L2-01a_0012__scene_009,seedance2,Seedance2.0,closed_source,media/main/generated/seedance2/L1-01_L2-01a_0012__scene_009.mp4,media,media/main/real/L1-01/L1-01_L2-01a_0012__scene_009.mp4,https://www.dvidshub.net/video/625765/hurricane-florence-damage-mcb-camp-lejeune,3,3,2,2,True
seedance2::L1-01_L2-01b_0005__scene_004,L1-01_L2-01b_0005__scene_004,seedance2,Seedance2.0,closed_source,media/main/generated/seedance2/L1-01_L2-01b_0005__scene_004.mp4,media,media/main/real/L1-01/L1-01_L2-01b_0005__scene_004.mp4,https://www.dvidshub.net/video/951064/palisades-fire-b-roll,3,3,2,2,True
seedance2::L1-01_L2-01b_0005__scene_014,L1-01_L2-01b_0005__scene_014,seedance2,Seedance2.0,closed_source,media/main/generated/seedance2/L1-01_L2-01b_0005__scene_014.mp4,media,media/main/real/L1-01/L1-01_L2-01b_0005__scene_014.mp4,https://www.dvidshub.net/video/951064/palisades-fire-b-roll,3,3,2,2,True
seedance2::L1-01_L2-01b_0005__scene_016,L1-01_L2-01b_0005__scene_016,seedance2,Seedance2.0,closed_source,media/main/generated/seedance2/L1-01_L2-01b_0005__scene_016.mp4,media,media/main/real/L1-01/L1-01_L2-01b_0005__scene_016.mp4,https://www.dvidshub.net/video/951064/palisades-fire-b-roll,3,3,2,2,True
seedance2::L1-01_L2-01b_0007__scene_002,L1-01_L2-01b_0007__scene_002,seedance2,Seedance2.0,closed_source,media/main/generated/seedance2/L1-01_L2-01b_0007__scene_002.mp4,media,media/main/real/L1-01/L1-01_L2-01b_0007__scene_002.mp4,https://www.dvidshub.net/video/949356/inside-cockpit-california-national-guards-maffs-6-c-130j-supporting-firefighting-efforts-against-palisades-fire,3,3,2,2,True
seedance2::L1-01_L2-01b_0009__scene_016,L1-01_L2-01b_0009__scene_016,seedance2,Seedance2.0,closed_source,media/main/generated/seedance2/L1-01_L2-01b_0009__scene_016.mp4,media,media/main/real/L1-01/L1-01_L2-01b_0009__scene_016.mp4,https://www.dvidshub.net/video/902990/b-roll-hawaii-army-national-guard-provides-aerial-fire-suppression-mililani-wildfire,3,3,2,2,True
seedance2::L1-01_L2-01b_0010__scene_015,L1-01_L2-01b_0010__scene_015,seedance2,Seedance2.0,closed_source,media/main/generated/seedance2/L1-01_L2-01b_0010__scene_015.mp4,media,media/main/real/L1-01/L1-01_L2-01b_0010__scene_015.mp4,https://www.dvidshub.net/video/977626/wildfire-and-rain,3,3,2,2,True
seedance2::L1-01_L2-01b_0010__scene_016,L1-01_L2-01b_0010__scene_016,seedance2,Seedance2.0,closed_source,media/main/generated/seedance2/L1-01_L2-01b_0010__scene_016.mp4,media,media/main/real/L1-01/L1-01_L2-01b_0010__scene_016.mp4,https://www.dvidshub.net/video/977626/wildfire-and-rain,3,3,2,2,True
seedance2::L1-01_L2-01b_0012__scene_002,L1-01_L2-01b_0012__scene_002,seedance2,Seedance2.0,closed_source,media/main/generated/seedance2/L1-01_L2-01b_0012__scene_002.mp4,media,media/main/real/L1-01/L1-01_L2-01b_0012__scene_002.mp4,https://www.dvidshub.net/video/893990/b-roll-cjtf-50-command-visits-wildfire-devastation,3,3,2,2,True
seedance2::L1-01_L2-01b_0012__scene_008,L1-01_L2-01b_0012__scene_008,seedance2,Seedance2.0,closed_source,media/main/generated/seedance2/L1-01_L2-01b_0012__scene_008.mp4,media,media/main/real/L1-01/L1-01_L2-01b_0012__scene_008.mp4,https://www.dvidshub.net/video/893990/b-roll-cjtf-50-command-visits-wildfire-devastation,3,3,2,2,True
seedance2::L1-01_L2-01b_0014__scene_009,L1-01_L2-01b_0014__scene_009,seedance2,Seedance2.0,closed_source,media/main/generated/seedance2/L1-01_L2-01b_0014__scene_009.mp4,media,media/main/real/L1-01/L1-01_L2-01b_0014__scene_009.mp4,https://www.dvidshub.net/video/838399/joint-base-san-antonio-camp-bullis-fire-april-10-2022-b-roll-ii,3,3,2,2,True
seedance2::L1-01_L2-01d_0008__scene_013,L1-01_L2-01d_0008__scene_013,seedance2,Seedance2.0,closed_source,media/main/generated/seedance2/L1-01_L2-01d_0008__scene_013.mp4,media,media/main/real/L1-01/L1-01_L2-01d_0008__scene_013.mp4,https://www.dvidshub.net/video/944596/usace-removes-debris-lake-lure-north-carolina,3,3,2,2,True
seedance2::L1-01_L2-01d_0009__scene_008,L1-01_L2-01d_0009__scene_008,seedance2,Seedance2.0,closed_source,media/main/generated/seedance2/L1-01_L2-01d_0009__scene_008.mp4,media,media/main/real/L1-01/L1-01_L2-01d_0009__scene_008.mp4,https://www.dvidshub.net/video/941490/hurricane-helene-causes-flood-damage-western-north-carolina,3,3,2,2,True
seedance2::L1-01_L2-01d_0016__scene_008,L1-01_L2-01d_0016__scene_008,seedance2,Seedance2.0,closed_source,media/main/generated/seedance2/L1-01_L2-01d_0016__scene_008.mp4,media,media/main/real/L1-01/L1-01_L2-01d_0016__scene_008.mp4,https://www.dvidshub.net/video/506476/camp-pendleton-flood-areas,3,3,2,2,True
seedance2::L1-02_L2-02a_0001__scene_011,L1-02_L2-02a_0001__scene_011,seedance2,Seedance2.0,closed_source,media/main/generated/seedance2/L1-02_L2-02a_0001__scene_011.mp4,media,media/main/real/L1-02/L1-02_L2-02a_0001__scene_011.mp4,https://www.dvidshub.net/video/622459/revitalizing-commerce-mosul,3,3,2,2,True
seedance2::L1-02_L2-02a_0004__scene_014,L1-02_L2-02a_0004__scene_014,seedance2,Seedance2.0,closed_source,media/main/generated/seedance2/L1-02_L2-02a_0004__scene_014.mp4,media,media/main/real/L1-02/L1-02_L2-02a_0004__scene_014.mp4,https://www.dvidshub.net/video/32368/insurgents-haifa-street,3,3,2,2,True
seedance2::L1-02_L2-02a_0004__scene_015,L1-02_L2-02a_0004__scene_015,seedance2,Seedance2.0,closed_source,media/main/generated/seedance2/L1-02_L2-02a_0004__scene_015.mp4,media,media/main/real/L1-02/L1-02_L2-02a_0004__scene_015.mp4,https://www.dvidshub.net/video/32368/insurgents-haifa-street,3,3,2,2,True
seedance2::L1-02_L2-02a_0004__scene_022,L1-02_L2-02a_0004__scene_022,seedance2,Seedance2.0,closed_source,media/main/generated/seedance2/L1-02_L2-02a_0004__scene_022.mp4,media,media/main/real/L1-02/L1-02_L2-02a_0004__scene_022.mp4,https://www.dvidshub.net/video/32368/insurgents-haifa-street,3,3,2,2,True
seedance2::L1-02_L2-02a_0004__scene_045,L1-02_L2-02a_0004__scene_045,seedance2,Seedance2.0,closed_source,media/main/generated/seedance2/L1-02_L2-02a_0004__scene_045.mp4,media,media/main/real/L1-02/L1-02_L2-02a_0004__scene_045.mp4,https://www.dvidshub.net/video/32368/insurgents-haifa-street,3,3,2,2,True
seedance2::L1-02_L2-02a_0004__scene_055,L1-02_L2-02a_0004__scene_055,seedance2,Seedance2.0,closed_source,media/main/generated/seedance2/L1-02_L2-02a_0004__scene_055.mp4,media,media/main/real/L1-02/L1-02_L2-02a_0004__scene_055.mp4,https://www.dvidshub.net/video/32368/insurgents-haifa-street,3,3,2,2,True
seedance2::L1-02_L2-02a_0005__scene_005,L1-02_L2-02a_0005__scene_005,seedance2,Seedance2.0,closed_source,media/main/generated/seedance2/L1-02_L2-02a_0005__scene_005.mp4,media,media/main/real/L1-02/L1-02_L2-02a_0005__scene_005.mp4,https://www.dvidshub.net/video/27956/controlling-haifa-area-operation,3,3,2,2,True
seedance2::L1-02_L2-02a_0007__scene_013,L1-02_L2-02a_0007__scene_013,seedance2,Seedance2.0,closed_source,media/main/generated/seedance2/L1-02_L2-02a_0007__scene_013.mp4,media,media/main/real/L1-02/L1-02_L2-02a_0007__scene_013.mp4,https://www.dvidshub.net/video/14107/stryker-brigade-mosul,3,3,2,2,True
seedance2::L1-02_L2-02a_0007__scene_026,L1-02_L2-02a_0007__scene_026,seedance2,Seedance2.0,closed_source,media/main/generated/seedance2/L1-02_L2-02a_0007__scene_026.mp4,media,media/main/real/L1-02/L1-02_L2-02a_0007__scene_026.mp4,https://www.dvidshub.net/video/14107/stryker-brigade-mosul,3,3,2,2,True
seedance2::L1-02_L2-02a_0008__scene_002,L1-02_L2-02a_0008__scene_002,seedance2,Seedance2.0,closed_source,media/main/generated/seedance2/L1-02_L2-02a_0008__scene_002.mp4,media,media/main/real/L1-02/L1-02_L2-02a_0008__scene_002.mp4,https://www.dvidshub.net/video/13579/marines-patrol-fallujah-with-iraqi-army,3,3,2,2,True
seedance2::L1-02_L2-02a_0008__scene_003,L1-02_L2-02a_0008__scene_003,seedance2,Seedance2.0,closed_source,media/main/generated/seedance2/L1-02_L2-02a_0008__scene_003.mp4,media,media/main/real/L1-02/L1-02_L2-02a_0008__scene_003.mp4,https://www.dvidshub.net/video/13579/marines-patrol-fallujah-with-iraqi-army,3,3,2,2,True
seedance2::L1-02_L2-02a_0008__scene_005,L1-02_L2-02a_0008__scene_005,seedance2,Seedance2.0,closed_source,media/main/generated/seedance2/L1-02_L2-02a_0008__scene_005.mp4,media,media/main/real/L1-02/L1-02_L2-02a_0008__scene_005.mp4,https://www.dvidshub.net/video/13579/marines-patrol-fallujah-with-iraqi-army,3,3,2,2,True
seedance2::L1-02_L2-02a_0010__scene_004,L1-02_L2-02a_0010__scene_004,seedance2,Seedance2.0,closed_source,media/main/generated/seedance2/L1-02_L2-02a_0010__scene_004.mp4,media,media/main/real/L1-02/L1-02_L2-02a_0010__scene_004.mp4,https://www.dvidshub.net/video/1459/infantry-goes-into-fallujah,3,3,2,2,True
seedance2::L1-02_L2-02a_0011__scene_021,L1-02_L2-02a_0011__scene_021,seedance2,Seedance2.0,closed_source,media/main/generated/seedance2/L1-02_L2-02a_0011__scene_021.mp4,media,media/main/real/L1-02/L1-02_L2-02a_0011__scene_021.mp4,https://www.dvidshub.net/video/1292/3-1-marines-fallujah,3,3,2,2,True
seedance2::L1-02_L2-02a_0011__scene_045,L1-02_L2-02a_0011__scene_045,seedance2,Seedance2.0,closed_source,media/main/generated/seedance2/L1-02_L2-02a_0011__scene_045.mp4,media,media/main/real/L1-02/L1-02_L2-02a_0011__scene_045.mp4,https://www.dvidshub.net/video/1292/3-1-marines-fallujah,3,3,2,2,True
seedance2::L1-02_L2-02a_0012__scene_004,L1-02_L2-02a_0012__scene_004,seedance2,Seedance2.0,closed_source,media/main/generated/seedance2/L1-02_L2-02a_0012__scene_004.mp4,media,media/main/real/L1-02/L1-02_L2-02a_0012__scene_004.mp4,https://www.dvidshub.net/video/301796/operation-phantom-fury-combat-footage-fallujah-marine-house-searches,3,3,2,2,True
seedance2::L1-02_L2-02a_0012__scene_013,L1-02_L2-02a_0012__scene_013,seedance2,Seedance2.0,closed_source,media/main/generated/seedance2/L1-02_L2-02a_0012__scene_013.mp4,media,media/main/real/L1-02/L1-02_L2-02a_0012__scene_013.mp4,https://www.dvidshub.net/video/301796/operation-phantom-fury-combat-footage-fallujah-marine-house-searches,3,3,2,2,True
seedance2::L1-02_L2-02a_0013__scene_002,L1-02_L2-02a_0013__scene_002,seedance2,Seedance2.0,closed_source,media/main/generated/seedance2/L1-02_L2-02a_0013__scene_002.mp4,media,media/main/real/L1-02/L1-02_L2-02a_0013__scene_002.mp4,https://www.dvidshub.net/video/301797/operation-phantom-fury-combat-footage-fallujah-rooftop-fighting-breaching-night-fighting,3,3,2,2,True
seedance2::L1-02_L2-02a_0013__scene_009,L1-02_L2-02a_0013__scene_009,seedance2,Seedance2.0,closed_source,media/main/generated/seedance2/L1-02_L2-02a_0013__scene_009.mp4,media,media/main/real/L1-02/L1-02_L2-02a_0013__scene_009.mp4,https://www.dvidshub.net/video/301797/operation-phantom-fury-combat-footage-fallujah-rooftop-fighting-breaching-night-fighting,3,3,2,2,True
seedance2::L1-02_L2-02a_0014__scene_005,L1-02_L2-02a_0014__scene_005,seedance2,Seedance2.0,closed_source,media/main/generated/seedance2/L1-02_L2-02a_0014__scene_005.mp4,media,media/main/real/L1-02/L1-02_L2-02a_0014__scene_005.mp4,https://www.dvidshub.net/video/301800/operation-phantom-fury-combat-footage-marines-and-tanks-fallujah,3,3,2,2,True
seedance2::L1-02_L2-02b_0008__scene_016,L1-02_L2-02b_0008__scene_016,seedance2,Seedance2.0,closed_source,media/main/generated/seedance2/L1-02_L2-02b_0008__scene_016.mp4,media,media/main/real/L1-02/L1-02_L2-02b_0008__scene_016.mp4,https://www.dvidshub.net/video/858956/aim-9x-sidewinder-live-fire-missile-exercise-b-roll,3,3,2,2,True
seedance2::L1-02_L2-02c_0002__scene_004,L1-02_L2-02c_0002__scene_004,seedance2,Seedance2.0,closed_source,media/main/generated/seedance2/L1-02_L2-02c_0002__scene_004.mp4,media,media/main/real/L1-02/L1-02_L2-02c_0002__scene_004.mp4,https://www.dvidshub.net/video/991049/b-roll-operation-christmas-drop-2025s-elephant-walk,3,3,2,2,True
seedance2::L1-02_L2-02c_0003__scene_003,L1-02_L2-02c_0003__scene_003,seedance2,Seedance2.0,closed_source,media/main/generated/seedance2/L1-02_L2-02c_0003__scene_003.mp4,media,media/main/real/L1-02/L1-02_L2-02c_0003__scene_003.mp4,https://www.dvidshub.net/video/985972/1st-maw-holds-elephant-walk-mcas-futenma,3,3,2,2,True
seedance2::L1-02_L2-02c_0012__scene_006,L1-02_L2-02c_0012__scene_006,seedance2,Seedance2.0,closed_source,media/main/generated/seedance2/L1-02_L2-02c_0012__scene_006.mp4,media,media/main/real/L1-02/L1-02_L2-02c_0012__scene_006.mp4,https://www.dvidshub.net/video/931424/multinational-ships-sail-formation-during-rimpac-2024-4k,3,3,2,2,True
seedance2::L1-02_L2-02d_0001__scene_001,L1-02_L2-02d_0001__scene_001,seedance2,Seedance2.0,closed_source,media/main/generated/seedance2/L1-02_L2-02d_0001__scene_001.mp4,media,media/main/real/L1-02/L1-02_L2-02d_0001__scene_001.mp4,https://www.dvidshub.net/video/998309/b-roll-task-force-ashland-conducts-counter-landing-defense-during-exercise-cobra-gold-2026,3,3,2,2,True
seedance2::L1-02_L2-02d_0001__scene_013,L1-02_L2-02d_0001__scene_013,seedance2,Seedance2.0,closed_source,media/main/generated/seedance2/L1-02_L2-02d_0001__scene_013.mp4,media,media/main/real/L1-02/L1-02_L2-02d_0001__scene_013.mp4,https://www.dvidshub.net/video/998309/b-roll-task-force-ashland-conducts-counter-landing-defense-during-exercise-cobra-gold-2026,3,3,2,2,True
seedance2::L1-02_L2-02d_0002__scene_010,L1-02_L2-02d_0002__scene_010,seedance2,Seedance2.0,closed_source,media/main/generated/seedance2/L1-02_L2-02d_0002__scene_010.mp4,media,media/main/real/L1-02/L1-02_L2-02d_0002__scene_010.mp4,https://www.dvidshub.net/video/997776/b-roll-spanish-air-force-nh90-helicopter-during-touch-and-go-training-during-exercise-sentry-south-26-2,3,3,2,2,True
seedance2::L1-02_L2-02d_0003__scene_005,L1-02_L2-02d_0003__scene_005,seedance2,Seedance2.0,closed_source,media/main/generated/seedance2/L1-02_L2-02d_0003__scene_005.mp4,media,media/main/real/L1-02/L1-02_L2-02d_0003__scene_005.mp4,https://www.dvidshub.net/video/998318/core26-us-marines-conduct-cold-weather-training-during-arctic-exercise-b-roll,3,3,2,2,True
seedance2::L1-02_L2-02d_0008__scene_011,L1-02_L2-02d_0008__scene_011,seedance2,Seedance2.0,closed_source,media/main/generated/seedance2/L1-02_L2-02d_0008__scene_011.mp4,media,media/main/real/L1-02/L1-02_L2-02d_0008__scene_011.mp4,https://www.dvidshub.net/video/965885/us-soldiers-rehearse-saber-guardian-25,3,3,2,2,True
seedance2::L1-02_L2-02d_0008__scene_014,L1-02_L2-02d_0008__scene_014,seedance2,Seedance2.0,closed_source,media/main/generated/seedance2/L1-02_L2-02d_0008__scene_014.mp4,media,media/main/real/L1-02/L1-02_L2-02d_0008__scene_014.mp4,https://www.dvidshub.net/video/965885/us-soldiers-rehearse-saber-guardian-25,3,3,2,2,True
seedance2::L1-02_L2-02d_0008__scene_019,L1-02_L2-02d_0008__scene_019,seedance2,Seedance2.0,closed_source,media/main/generated/seedance2/L1-02_L2-02d_0008__scene_019.mp4,media,media/main/real/L1-02/L1-02_L2-02d_0008__scene_019.mp4,https://www.dvidshub.net/video/965885/us-soldiers-rehearse-saber-guardian-25,3,3,2,2,True
seedance2::L1-02_L2-02d_0008__scene_022,L1-02_L2-02d_0008__scene_022,seedance2,Seedance2.0,closed_source,media/main/generated/seedance2/L1-02_L2-02d_0008__scene_022.mp4,media,media/main/real/L1-02/L1-02_L2-02d_0008__scene_022.mp4,https://www.dvidshub.net/video/965885/us-soldiers-rehearse-saber-guardian-25,3,3,2,2,True
seedance2::L1-02_L2-02d_0009__scene_014,L1-02_L2-02d_0009__scene_014,seedance2,Seedance2.0,closed_source,media/main/generated/seedance2/L1-02_L2-02d_0009__scene_014.mp4,media,media/main/real/L1-02/L1-02_L2-02d_0009__scene_014.mp4,https://www.dvidshub.net/video/966247/immediate-response-25-live-fire-exercise,3,3,2,2,True
seedance2::L1-02_L2-02d_0009__scene_016,L1-02_L2-02d_0009__scene_016,seedance2,Seedance2.0,closed_source,media/main/generated/seedance2/L1-02_L2-02d_0009__scene_016.mp4,media,media/main/real/L1-02/L1-02_L2-02d_0009__scene_016.mp4,https://www.dvidshub.net/video/966247/immediate-response-25-live-fire-exercise,3,3,2,2,True
seedance2::L1-02_L2-02d_0012__scene_003,L1-02_L2-02d_0012__scene_003,seedance2,Seedance2.0,closed_source,media/main/generated/seedance2/L1-02_L2-02d_0012__scene_003.mp4,media,media/main/real/L1-02/L1-02_L2-02d_0012__scene_003.mp4,https://www.dvidshub.net/video/963299/swift-response-25-sky-soldiers-conduct-blank-fire-exercise,3,3,2,2,True
seedance2::L1-02_L2-02d_0012__scene_005,L1-02_L2-02d_0012__scene_005,seedance2,Seedance2.0,closed_source,media/main/generated/seedance2/L1-02_L2-02d_0012__scene_005.mp4,media,media/main/real/L1-02/L1-02_L2-02d_0012__scene_005.mp4,https://www.dvidshub.net/video/963299/swift-response-25-sky-soldiers-conduct-blank-fire-exercise,3,3,2,2,True
seedance2::L1-02_L2-02d_0014__scene_010,L1-02_L2-02d_0014__scene_010,seedance2,Seedance2.0,closed_source,media/main/generated/seedance2/L1-02_L2-02d_0014__scene_010.mp4,media,media/main/real/L1-02/L1-02_L2-02d_0014__scene_010.mp4,https://www.dvidshub.net/video/962878/b-roll-force-force-training-swift-response-25,3,3,2,2,True
seedance2::L1-02_L2-02d_0014__scene_017,L1-02_L2-02d_0014__scene_017,seedance2,Seedance2.0,closed_source,media/main/generated/seedance2/L1-02_L2-02d_0014__scene_017.mp4,media,media/main/real/L1-02/L1-02_L2-02d_0014__scene_017.mp4,https://www.dvidshub.net/video/962878/b-roll-force-force-training-swift-response-25,3,3,2,2,True
seedance2::L1-02_L2-02d_0015__scene_006,L1-02_L2-02d_0015__scene_006,seedance2,Seedance2.0,closed_source,media/main/generated/seedance2/L1-02_L2-02d_0015__scene_006.mp4,media,media/main/real/L1-02/L1-02_L2-02d_0015__scene_006.mp4,https://www.dvidshub.net/video/945046/parade-celebrates-20-years-nato-restoration-lithuanian-armed-forces,3,3,2,2,True
seedance2::L1-02_L2-02d_0015__scene_007,L1-02_L2-02d_0015__scene_007,seedance2,Seedance2.0,closed_source,media/main/generated/seedance2/L1-02_L2-02d_0015__scene_007.mp4,media,media/main/real/L1-02/L1-02_L2-02d_0015__scene_007.mp4,https://www.dvidshub.net/video/945046/parade-celebrates-20-years-nato-restoration-lithuanian-armed-forces,3,3,2,2,True
seedance2::L1-03_L2-03a_0010__scene_064,L1-03_L2-03a_0010__scene_064,seedance2,Seedance2.0,closed_source,media/main/generated/seedance2/L1-03_L2-03a_0010__scene_064.mp4,media,media/main/real/L1-03/L1-03_L2-03a_0010__scene_064.mp4,https://www.whitehouse.gov/videos/press-secretary-karoline-leavitt-briefs-members-of-the-media-nov-4-2025/,3,3,2,2,True
seedance2::L1-03_L2-03c_0013__scene_014,L1-03_L2-03c_0013__scene_014,seedance2,Seedance2.0,closed_source,media/main/generated/seedance2/L1-03_L2-03c_0013__scene_014.mp4,media,media/main/real/L1-03/L1-03_L2-03c_0013__scene_014.mp4,https://www.whitehouse.gov/videos/president-trump-delivers-investing-in-america-remarks/,3,3,2,2,True
seedance2::L1-03_L2-03d_0007__scene_003,L1-03_L2-03d_0007__scene_003,seedance2,Seedance2.0,closed_source,media/main/generated/seedance2/L1-03_L2-03d_0007__scene_003.mp4,media,media/main/real/L1-03/L1-03_L2-03d_0007__scene_003.mp4,https://www.whitehouse.gov/videos/president-trump-participates-in-an-arrival-ceremony-with-the-crown-prince-of-saudi-arabia/,3,3,2,2,True
seedance2::L1-04_L2-04a_0004__scene_006,L1-04_L2-04a_0004__scene_006,seedance2,Seedance2.0,closed_source,media/main/generated/seedance2/L1-04_L2-04a_0004__scene_006.mp4,media,media/main/real/L1-04/L1-04_L2-04a_0004__scene_006.mp4,https://www.dvidshub.net/video/984823/dc-safe-and-beautiful,3,3,2,2,True
seedance2::L1-04_L2-04a_0007__scene_009,L1-04_L2-04a_0007__scene_009,seedance2,Seedance2.0,closed_source,media/main/generated/seedance2/L1-04_L2-04a_0007__scene_009.mp4,media,media/main/real/L1-04/L1-04_L2-04a_0007__scene_009.mp4,https://www.dvidshub.net/video/968080/b-roll-california-national-guard-supports-security-operations-los-angeles,3,3,2,2,True
seedance2::L1-04_L2-04a_0008__scene_002,L1-04_L2-04a_0008__scene_002,seedance2,Seedance2.0,closed_source,media/main/generated/seedance2/L1-04_L2-04a_0008__scene_002.mp4,media,media/main/real/L1-04/L1-04_L2-04a_0008__scene_002.mp4,https://www.dvidshub.net/video/949348/california-army-national-guard-supports-local-law-enforcement-during-la-wildfires,3,3,2,2,True
seedance2::L1-04_L2-04a_0008__scene_003,L1-04_L2-04a_0008__scene_003,seedance2,Seedance2.0,closed_source,media/main/generated/seedance2/L1-04_L2-04a_0008__scene_003.mp4,media,media/main/real/L1-04/L1-04_L2-04a_0008__scene_003.mp4,https://www.dvidshub.net/video/949348/california-army-national-guard-supports-local-law-enforcement-during-la-wildfires,3,3,2,2,True
seedance2::L1-04_L2-04a_0009__scene_018,L1-04_L2-04a_0009__scene_018,seedance2,Seedance2.0,closed_source,media/main/generated/seedance2/L1-04_L2-04a_0009__scene_018.mp4,media,media/main/real/L1-04/L1-04_L2-04a_0009__scene_018.mp4,https://www.dvidshub.net/video/949329/california-army-national-guard-military-police-provide-traffic-check-point-support-near-eaton-fire-area,3,3,2,2,True
seedance2::L1-04_L2-04a_0009__scene_019,L1-04_L2-04a_0009__scene_019,seedance2,Seedance2.0,closed_source,media/main/generated/seedance2/L1-04_L2-04a_0009__scene_019.mp4,media,media/main/real/L1-04/L1-04_L2-04a_0009__scene_019.mp4,https://www.dvidshub.net/video/949329/california-army-national-guard-military-police-provide-traffic-check-point-support-near-eaton-fire-area,3,3,2,2,True
seedance2::L1-04_L2-04a_0010__scene_012,L1-04_L2-04a_0010__scene_012,seedance2,Seedance2.0,closed_source,media/main/generated/seedance2/L1-04_L2-04a_0010__scene_012.mp4,media,media/main/real/L1-04/L1-04_L2-04a_0010__scene_012.mp4,https://www.dvidshub.net/video/792081/minnesota-guardsmen-provide-security-brooklyn-center-police-department,3,3,2,2,True
seedance2::L1-04_L2-04a_0010__scene_016,L1-04_L2-04a_0010__scene_016,seedance2,Seedance2.0,closed_source,media/main/generated/seedance2/L1-04_L2-04a_0010__scene_016.mp4,media,media/main/real/L1-04/L1-04_L2-04a_0010__scene_016.mp4,https://www.dvidshub.net/video/792081/minnesota-guardsmen-provide-security-brooklyn-center-police-department,3,3,2,2,True
seedance2::L1-04_L2-04a_0011__scene_002,L1-04_L2-04a_0011__scene_002,seedance2,Seedance2.0,closed_source,media/main/generated/seedance2/L1-04_L2-04a_0011__scene_002.mp4,media,media/main/real/L1-04/L1-04_L2-04a_0011__scene_002.mp4,https://www.dvidshub.net/video/781567/cal-guard-sacramento-during-2021-inauguration,3,3,2,2,True
seedance2::L1-04_L2-04a_0013__scene_010,L1-04_L2-04a_0013__scene_010,seedance2,Seedance2.0,closed_source,media/main/generated/seedance2/L1-04_L2-04a_0013__scene_010.mp4,media,media/main/real/L1-04/L1-04_L2-04a_0013__scene_010.mp4,https://www.dvidshub.net/video/756806/cal-guard-supports-sacramento-peace-officers-during-civil-unrest,3,3,2,2,True
seedance2::L1-04_L2-04a_0014__scene_003,L1-04_L2-04a_0014__scene_003,seedance2,Seedance2.0,closed_source,media/main/generated/seedance2/L1-04_L2-04a_0014__scene_003.mp4,media,media/main/real/L1-04/L1-04_L2-04a_0014__scene_003.mp4,https://www.dvidshub.net/video/754798/cal-guard-assists-los-angeles-law-enforcement-providing-security-during-ongoing-demonstrations,3,3,2,2,True
seedance2::L1-04_L2-04b_0016__scene_004,L1-04_L2-04b_0016__scene_004,seedance2,Seedance2.0,closed_source,media/main/generated/seedance2/L1-04_L2-04b_0016__scene_004.mp4,url_only,,https://www.youtube.com/watch?v=MbspKeMop6g,3,3,2,2,True
seedance2::L1-04_L2-04b_0018__scene_015,L1-04_L2-04b_0018__scene_015,seedance2,Seedance2.0,closed_source,media/main/generated/seedance2/L1-04_L2-04b_0018__scene_015.mp4,url_only,,https://www.youtube.com/watch?v=5tvker-nNtA,3,3,2,2,True
seedance2::L1-04_L2-04b_0024__scene_011,L1-04_L2-04b_0024__scene_011,seedance2,Seedance2.0,closed_source,media/main/generated/seedance2/L1-04_L2-04b_0024__scene_011.mp4,url_only,,https://www.youtube.com/watch?v=YeIlPx5ausg,3,3,2,2,True
seedance2::L1-04_L2-04c_0001__scene_005,L1-04_L2-04c_0001__scene_005,seedance2,Seedance2.0,closed_source,media/main/generated/seedance2/L1-04_L2-04c_0001__scene_005.mp4,media,media/main/real/L1-04/L1-04_L2-04c_0001__scene_005.mp4,https://www.dvidshub.net/video/998358/146-aes-conductsaeromedical-evacuation-exercise-with-139-aw-c-130-hercules-missouri-ang,3,3,2,2,True
seedance2::L1-04_L2-04c_0006__scene_005,L1-04_L2-04c_0006__scene_005,seedance2,Seedance2.0,closed_source,media/main/generated/seedance2/L1-04_L2-04c_0006__scene_005.mp4,media,media/main/real/L1-04/L1-04_L2-04c_0006__scene_005.mp4,https://www.dvidshub.net/video/977950/os25-mass-casualty-and-aviation-exercise-broll,3,3,2,2,True
seedance2::L1-04_L2-04d_0006__scene_002,L1-04_L2-04d_0006__scene_002,seedance2,Seedance2.0,closed_source,media/main/generated/seedance2/L1-04_L2-04d_0006__scene_002.mp4,media,media/main/real/L1-04/L1-04_L2-04d_0006__scene_002.mp4,https://www.dvidshub.net/video/976106/coast-guard-air-force-conduct-search-and-rescue-exercise,3,3,2,2,True
seedance2::L1-04_L2-04d_0006__scene_007,L1-04_L2-04d_0006__scene_007,seedance2,Seedance2.0,closed_source,media/main/generated/seedance2/L1-04_L2-04d_0006__scene_007.mp4,media,media/main/real/L1-04/L1-04_L2-04d_0006__scene_007.mp4,https://www.dvidshub.net/video/976106/coast-guard-air-force-conduct-search-and-rescue-exercise,3,3,2,2,True
seedance2::L1-04_L2-04d_0006__scene_008,L1-04_L2-04d_0006__scene_008,seedance2,Seedance2.0,closed_source,media/main/generated/seedance2/L1-04_L2-04d_0006__scene_008.mp4,media,media/main/real/L1-04/L1-04_L2-04d_0006__scene_008.mp4,https://www.dvidshub.net/video/976106/coast-guard-air-force-conduct-search-and-rescue-exercise,3,3,2,2,True
seedance2::L1-04_L2-04d_0006__scene_009,L1-04_L2-04d_0006__scene_009,seedance2,Seedance2.0,closed_source,media/main/generated/seedance2/L1-04_L2-04d_0006__scene_009.mp4,media,media/main/real/L1-04/L1-04_L2-04d_0006__scene_009.mp4,https://www.dvidshub.net/video/976106/coast-guard-air-force-conduct-search-and-rescue-exercise,3,3,2,2,True
seedance2::L1-04_L2-04d_0006__scene_014,L1-04_L2-04d_0006__scene_014,seedance2,Seedance2.0,closed_source,media/main/generated/seedance2/L1-04_L2-04d_0006__scene_014.mp4,media,media/main/real/L1-04/L1-04_L2-04d_0006__scene_014.mp4,https://www.dvidshub.net/video/976106/coast-guard-air-force-conduct-search-and-rescue-exercise,3,3,2,2,True
seedance2::L1-04_L2-04d_0009__scene_009,L1-04_L2-04d_0009__scene_009,seedance2,Seedance2.0,closed_source,media/main/generated/seedance2/L1-04_L2-04d_0009__scene_009.mp4,media,media/main/real/L1-04/L1-04_L2-04d_0009__scene_009.mp4,https://www.dvidshub.net/video/960275/combat-search-and-rescue-training-exercise,3,3,2,2,True
seedance2::L1-04_L2-04d_0011__scene_041,L1-04_L2-04d_0011__scene_041,seedance2,Seedance2.0,closed_source,media/main/generated/seedance2/L1-04_L2-04d_0011__scene_041.mp4,media,media/main/real/L1-04/L1-04_L2-04d_0011__scene_041.mp4,https://www.dvidshub.net/video/952285/usar-k9-dogs-conduct-search-missions-pacific-palisades,3,3,2,2,True
seedance2::L1-04_L2-04d_0014__scene_028,L1-04_L2-04d_0014__scene_028,seedance2,Seedance2.0,closed_source,media/main/generated/seedance2/L1-04_L2-04d_0014__scene_028.mp4,media,media/main/real/L1-04/L1-04_L2-04d_0014__scene_028.mp4,https://www.dvidshub.net/video/936318/pp24-2-phl-urban-search-and-rescue,3,3,2,2,True
seedance2::L1-04_L2-04d_0014__scene_036,L1-04_L2-04d_0014__scene_036,seedance2,Seedance2.0,closed_source,media/main/generated/seedance2/L1-04_L2-04d_0014__scene_036.mp4,media,media/main/real/L1-04/L1-04_L2-04d_0014__scene_036.mp4,https://www.dvidshub.net/video/936318/pp24-2-phl-urban-search-and-rescue,3,3,2,2,True
seedance2::L1-04_L2-04d_0014__scene_053,L1-04_L2-04d_0014__scene_053,seedance2,Seedance2.0,closed_source,media/main/generated/seedance2/L1-04_L2-04d_0014__scene_053.mp4,media,media/main/real/L1-04/L1-04_L2-04d_0014__scene_053.mp4,https://www.dvidshub.net/video/936318/pp24-2-phl-urban-search-and-rescue,3,3,2,2,True
seedance2::L1-04_L2-04d_0015__scene_002,L1-04_L2-04d_0015__scene_002,seedance2,Seedance2.0,closed_source,media/main/generated/seedance2/L1-04_L2-04d_0015__scene_002.mp4,media,media/main/real/L1-04/L1-04_L2-04d_0015__scene_002.mp4,https://www.dvidshub.net/video/922411/coast-guard-air-force-sitka-mountain-rescue-crews-conduct-exercises-near-sitka-alaska-sarex-2024,3,3,2,2,True
seedance2::L1-05_L2-05a_0013__scene_005,L1-05_L2-05a_0013__scene_005,seedance2,Seedance2.0,closed_source,media/main/generated/seedance2/L1-05_L2-05a_0013__scene_005.mp4,url_only,,https://www.youtube.com/watch?v=VO8HdzYa6f4,3,3,2,2,True
seedance2::L1-05_L2-05a_0013__scene_012,L1-05_L2-05a_0013__scene_012,seedance2,Seedance2.0,closed_source,media/main/generated/seedance2/L1-05_L2-05a_0013__scene_012.mp4,url_only,,https://www.youtube.com/watch?v=VO8HdzYa6f4,3,3,2,2,True
seedance2::L1-05_L2-05a_0014__scene_006,L1-05_L2-05a_0014__scene_006,seedance2,Seedance2.0,closed_source,media/main/generated/seedance2/L1-05_L2-05a_0014__scene_006.mp4,url_only,,https://www.youtube.com/watch?v=CnZa3DWoFT8,3,3,2,2,True
seedance2::L1-05_L2-05a_0014__scene_010,L1-05_L2-05a_0014__scene_010,seedance2,Seedance2.0,closed_source,media/main/generated/seedance2/L1-05_L2-05a_0014__scene_010.mp4,url_only,,https://www.youtube.com/watch?v=CnZa3DWoFT8,3,3,2,2,True
seedance2::L1-05_L2-05a_0016__scene_013,L1-05_L2-05a_0016__scene_013,seedance2,Seedance2.0,closed_source,media/main/generated/seedance2/L1-05_L2-05a_0016__scene_013.mp4,url_only,,https://www.youtube.com/watch?v=XKfF_CLANNU,3,3,2,2,True
seedance2::L1-05_L2-05a_0016__scene_023,L1-05_L2-05a_0016__scene_023,seedance2,Seedance2.0,closed_source,media/main/generated/seedance2/L1-05_L2-05a_0016__scene_023.mp4,url_only,,https://www.youtube.com/watch?v=XKfF_CLANNU,3,3,2,2,True
seedance2::L1-05_L2-05a_0016__scene_031,L1-05_L2-05a_0016__scene_031,seedance2,Seedance2.0,closed_source,media/main/generated/seedance2/L1-05_L2-05a_0016__scene_031.mp4,url_only,,https://www.youtube.com/watch?v=XKfF_CLANNU,3,3,2,2,True
seedance2::L1-05_L2-05a_0016__scene_034,L1-05_L2-05a_0016__scene_034,seedance2,Seedance2.0,closed_source,media/main/generated/seedance2/L1-05_L2-05a_0016__scene_034.mp4,url_only,,https://www.youtube.com/watch?v=XKfF_CLANNU,3,3,2,2,True
seedance2::L1-05_L2-05a_0019__scene_010,L1-05_L2-05a_0019__scene_010,seedance2,Seedance2.0,closed_source,media/main/generated/seedance2/L1-05_L2-05a_0019__scene_010.mp4,url_only,,https://www.youtube.com/watch?v=3TA8VWF2O8k,3,3,2,2,True
seedance2::L1-05_L2-05a_0020__scene_010,L1-05_L2-05a_0020__scene_010,seedance2,Seedance2.0,closed_source,media/main/generated/seedance2/L1-05_L2-05a_0020__scene_010.mp4,url_only,,https://www.youtube.com/watch?v=JpkRK9o8SSo,3,3,2,2,True
seedance2::L1-05_L2-05a_0020__scene_011,L1-05_L2-05a_0020__scene_011,seedance2,Seedance2.0,closed_source,media/main/generated/seedance2/L1-05_L2-05a_0020__scene_011.mp4,url_only,,https://www.youtube.com/watch?v=JpkRK9o8SSo,3,3,2,2,True
seedance2::L1-05_L2-05a_0022__scene_008,L1-05_L2-05a_0022__scene_008,seedance2,Seedance2.0,closed_source,media/main/generated/seedance2/L1-05_L2-05a_0022__scene_008.mp4,url_only,,https://www.youtube.com/watch?v=Tmu8y7ZPLnU,3,3,2,2,True
seedance2::L1-05_L2-05b_0011__scene_007,L1-05_L2-05b_0011__scene_007,seedance2,Seedance2.0,closed_source,media/main/generated/seedance2/L1-05_L2-05b_0011__scene_007.mp4,url_only,,https://www.youtube.com/watch?v=7AyXTVkVBT4,3,3,2,2,True
seedance2::L1-05_L2-05c_0013__scene_008,L1-05_L2-05c_0013__scene_008,seedance2,Seedance2.0,closed_source,media/main/generated/seedance2/L1-05_L2-05c_0013__scene_008.mp4,url_only,,https://www.youtube.com/watch?v=3OBB3N7yZPU,3,3,2,2,True
seedance2::L1-05_L2-05d_0014__scene_004,L1-05_L2-05d_0014__scene_004,seedance2,Seedance2.0,closed_source,media/main/generated/seedance2/L1-05_L2-05d_0014__scene_004.mp4,url_only,,https://www.youtube.com/watch?v=O0bZtjXQHms,3,3,2,2,True
seedance2::L1-05_L2-05d_0014__scene_008,L1-05_L2-05d_0014__scene_008,seedance2,Seedance2.0,closed_source,media/main/generated/seedance2/L1-05_L2-05d_0014__scene_008.mp4,url_only,,https://www.youtube.com/watch?v=O0bZtjXQHms,3,3,2,2,True
seedance2::L1-05_L2-05d_0015__scene_001,L1-05_L2-05d_0015__scene_001,seedance2,Seedance2.0,closed_source,media/main/generated/seedance2/L1-05_L2-05d_0015__scene_001.mp4,url_only,,https://www.youtube.com/watch?v=QrepW4sP2Sk,3,3,2,2,True
seedance2::L1-05_L2-05e_0015__scene_006,L1-05_L2-05e_0015__scene_006,seedance2,Seedance2.0,closed_source,media/main/generated/seedance2/L1-05_L2-05e_0015__scene_006.mp4,url_only,,https://www.youtube.com/watch?v=OGyAXbVH8Qs,3,3,2,2,True
seedance2::L1-05_L2-05e_0015__scene_013,L1-05_L2-05e_0015__scene_013,seedance2,Seedance2.0,closed_source,media/main/generated/seedance2/L1-05_L2-05e_0015__scene_013.mp4,url_only,,https://www.youtube.com/watch?v=OGyAXbVH8Qs,3,3,2,2,True
seedance2::L1-05_L2-05e_0016__scene_014,L1-05_L2-05e_0016__scene_014,seedance2,Seedance2.0,closed_source,media/main/generated/seedance2/L1-05_L2-05e_0016__scene_014.mp4,url_only,,https://www.youtube.com/watch?v=aeJKqojmHgY,3,3,2,2,True
seedance2::L1-06_L2-06a_0009__scene_002,L1-06_L2-06a_0009__scene_002,seedance2,Seedance2.0,closed_source,media/main/generated/seedance2/L1-06_L2-06a_0009__scene_002.mp4,url_only,,https://www.youtube.com/watch?v=Oltr-3ShOC4,3,3,2,2,True
seedance2::L1-06_L2-06a_0010__scene_003,L1-06_L2-06a_0010__scene_003,seedance2,Seedance2.0,closed_source,media/main/generated/seedance2/L1-06_L2-06a_0010__scene_003.mp4,url_only,,https://www.youtube.com/watch?v=33qAlFyaIk4,3,3,2,2,True
seedance2::L1-06_L2-06c_0004__scene_002,L1-06_L2-06c_0004__scene_002,seedance2,Seedance2.0,closed_source,media/main/generated/seedance2/L1-06_L2-06c_0004__scene_002.mp4,url_only,,https://www.youtube.com/watch?v=PPoMRaD4lbk,3,3,2,2,True
seedance2::L1-06_L2-06c_0005__scene_003,L1-06_L2-06c_0005__scene_003,seedance2,Seedance2.0,closed_source,media/main/generated/seedance2/L1-06_L2-06c_0005__scene_003.mp4,url_only,,https://www.youtube.com/watch?v=NuGuJn5Rs4U,3,3,2,2,True
seedance2::L1-06_L2-06c_0006__scene_008,L1-06_L2-06c_0006__scene_008,seedance2,Seedance2.0,closed_source,media/main/generated/seedance2/L1-06_L2-06c_0006__scene_008.mp4,url_only,,https://www.youtube.com/watch?v=9smwQFJB680,3,3,2,2,True
seedance2::L1-06_L2-06c_0009__scene_011,L1-06_L2-06c_0009__scene_011,seedance2,Seedance2.0,closed_source,media/main/generated/seedance2/L1-06_L2-06c_0009__scene_011.mp4,url_only,,https://www.youtube.com/watch?v=4vd9PZNMcKk,3,3,2,2,True
seedance2::L1-06_L2-06c_0009__scene_022,L1-06_L2-06c_0009__scene_022,seedance2,Seedance2.0,closed_source,media/main/generated/seedance2/L1-06_L2-06c_0009__scene_022.mp4,url_only,,https://www.youtube.com/watch?v=4vd9PZNMcKk,3,3,2,2,True
seedance2::L1-06_L2-06c_0009__scene_023,L1-06_L2-06c_0009__scene_023,seedance2,Seedance2.0,closed_source,media/main/generated/seedance2/L1-06_L2-06c_0009__scene_023.mp4,url_only,,https://www.youtube.com/watch?v=4vd9PZNMcKk,3,3,2,2,True
seedance2::L1-06_L2-06d_0007__scene_007,L1-06_L2-06d_0007__scene_007,seedance2,Seedance2.0,closed_source,media/main/generated/seedance2/L1-06_L2-06d_0007__scene_007.mp4,url_only,,https://www.youtube.com/watch?v=GoogeGk9qe4,3,3,2,2,True
seedance2::L1-06_L2-06d_0008__scene_002,L1-06_L2-06d_0008__scene_002,seedance2,Seedance2.0,closed_source,media/main/generated/seedance2/L1-06_L2-06d_0008__scene_002.mp4,url_only,,https://www.youtube.com/watch?v=UqY8f6MGQGk,3,3,2,2,True
seedance2::L1-06_L2-06d_0008__scene_007,L1-06_L2-06d_0008__scene_007,seedance2,Seedance2.0,closed_source,media/main/generated/seedance2/L1-06_L2-06d_0008__scene_007.mp4,url_only,,https://www.youtube.com/watch?v=UqY8f6MGQGk,3,3,2,2,True
seedance2::L1-06_L2-06d_0008__scene_012,L1-06_L2-06d_0008__scene_012,seedance2,Seedance2.0,closed_source,media/main/generated/seedance2/L1-06_L2-06d_0008__scene_012.mp4,url_only,,https://www.youtube.com/watch?v=UqY8f6MGQGk,3,3,2,2,True
seedance2::L1-06_L2-06d_0009__scene_002,L1-06_L2-06d_0009__scene_002,seedance2,Seedance2.0,closed_source,media/main/generated/seedance2/L1-06_L2-06d_0009__scene_002.mp4,url_only,,https://www.youtube.com/watch?v=qfp9Bdc2vXE,3,3,2,2,True
seedance2::L1-06_L2-06d_0010__scene_001,L1-06_L2-06d_0010__scene_001,seedance2,Seedance2.0,closed_source,media/main/generated/seedance2/L1-06_L2-06d_0010__scene_001.mp4,url_only,,https://www.youtube.com/watch?v=EA1XWYIH42E,3,3,2,2,True
seedance2::L1-07_L2-07a_0011__scene_053,L1-07_L2-07a_0011__scene_053,seedance2,Seedance2.0,closed_source,media/main/generated/seedance2/L1-07_L2-07a_0011__scene_053.mp4,media,media/main/real/L1-07/L1-07_L2-07a_0011__scene_053.mp4,https://www.dvidshub.net/video/773973,3,3,2,2,True
seedance2::L1-07_L2-07b_0004__scene_006,L1-07_L2-07b_0004__scene_006,seedance2,Seedance2.0,closed_source,media/main/generated/seedance2/L1-07_L2-07b_0004__scene_006.mp4,media,media/main/real/L1-07/L1-07_L2-07b_0004__scene_006.mp4,https://www.dvidshub.net/video/830346,3,3,2,2,True
seedance2::L1-07_L2-07b_0004__scene_008,L1-07_L2-07b_0004__scene_008,seedance2,Seedance2.0,closed_source,media/main/generated/seedance2/L1-07_L2-07b_0004__scene_008.mp4,media,media/main/real/L1-07/L1-07_L2-07b_0004__scene_008.mp4,https://www.dvidshub.net/video/830346,3,3,2,2,True
seedance2::L1-07_L2-07b_0004__scene_014,L1-07_L2-07b_0004__scene_014,seedance2,Seedance2.0,closed_source,media/main/generated/seedance2/L1-07_L2-07b_0004__scene_014.mp4,media,media/main/real/L1-07/L1-07_L2-07b_0004__scene_014.mp4,https://www.dvidshub.net/video/830346,3,3,2,2,True
seedance2::L1-07_L2-07b_0007__scene_002,L1-07_L2-07b_0007__scene_002,seedance2,Seedance2.0,closed_source,media/main/generated/seedance2/L1-07_L2-07b_0007__scene_002.mp4,media,media/main/real/L1-07/L1-07_L2-07b_0007__scene_002.mp4,https://www.dvidshub.net/video/829867,3,3,2,2,True
seedance2::L1-07_L2-07b_0007__scene_008,L1-07_L2-07b_0007__scene_008,seedance2,Seedance2.0,closed_source,media/main/generated/seedance2/L1-07_L2-07b_0007__scene_008.mp4,media,media/main/real/L1-07/L1-07_L2-07b_0007__scene_008.mp4,https://www.dvidshub.net/video/829867,3,3,2,2,True
seedance2::L1-07_L2-07b_0009__scene_013,L1-07_L2-07b_0009__scene_013,seedance2,Seedance2.0,closed_source,media/main/generated/seedance2/L1-07_L2-07b_0009__scene_013.mp4,media,media/main/real/L1-07/L1-07_L2-07b_0009__scene_013.mp4,https://www.dvidshub.net/video/827802,3,3,2,2,True
seedance2::L1-07_L2-07b_0011__scene_016,L1-07_L2-07b_0011__scene_016,seedance2,Seedance2.0,closed_source,media/main/generated/seedance2/L1-07_L2-07b_0011__scene_016.mp4,media,media/main/real/L1-07/L1-07_L2-07b_0011__scene_016.mp4,https://www.dvidshub.net/video/775741,3,3,2,2,True
seedance2::L1-07_L2-07b_0012__scene_003,L1-07_L2-07b_0012__scene_003,seedance2,Seedance2.0,closed_source,media/main/generated/seedance2/L1-07_L2-07b_0012__scene_003.mp4,media,media/main/real/L1-07/L1-07_L2-07b_0012__scene_003.mp4,https://www.dvidshub.net/video/760966,3,3,2,2,True
seedance2::L1-07_L2-07b_0013__scene_017,L1-07_L2-07b_0013__scene_017,seedance2,Seedance2.0,closed_source,media/main/generated/seedance2/L1-07_L2-07b_0013__scene_017.mp4,media,media/main/real/L1-07/L1-07_L2-07b_0013__scene_017.mp4,https://www.dvidshub.net/video/749448,3,3,2,2,True
seedance2::L1-07_L2-07b_0013__scene_024,L1-07_L2-07b_0013__scene_024,seedance2,Seedance2.0,closed_source,media/main/generated/seedance2/L1-07_L2-07b_0013__scene_024.mp4,media,media/main/real/L1-07/L1-07_L2-07b_0013__scene_024.mp4,https://www.dvidshub.net/video/749448,3,3,2,2,True
seedance2::L1-07_L2-07b_0014__scene_006,L1-07_L2-07b_0014__scene_006,seedance2,Seedance2.0,closed_source,media/main/generated/seedance2/L1-07_L2-07b_0014__scene_006.mp4,media,media/main/real/L1-07/L1-07_L2-07b_0014__scene_006.mp4,https://www.dvidshub.net/video/746913,3,3,2,2,True
seedance2::L1-07_L2-07c_0001__scene_008,L1-07_L2-07c_0001__scene_008,seedance2,Seedance2.0,closed_source,media/main/generated/seedance2/L1-07_L2-07c_0001__scene_008.mp4,media,media/main/real/L1-07/L1-07_L2-07c_0001__scene_008.mp4,https://www.dvidshub.net/video/793364,3,3,2,2,True
seedance2::L1-07_L2-07c_0002__scene_005,L1-07_L2-07c_0002__scene_005,seedance2,Seedance2.0,closed_source,media/main/generated/seedance2/L1-07_L2-07c_0002__scene_005.mp4,media,media/main/real/L1-07/L1-07_L2-07c_0002__scene_005.mp4,https://www.dvidshub.net/video/791410,3,3,2,2,True
seedance2::L1-07_L2-07c_0006__scene_002,L1-07_L2-07c_0006__scene_002,seedance2,Seedance2.0,closed_source,media/main/generated/seedance2/L1-07_L2-07c_0006__scene_002.mp4,media,media/main/real/L1-07/L1-07_L2-07c_0006__scene_002.mp4,https://www.dvidshub.net/video/790776,3,3,2,2,True
seedance2::L1-07_L2-07c_0010__scene_010,L1-07_L2-07c_0010__scene_010,seedance2,Seedance2.0,closed_source,media/main/generated/seedance2/L1-07_L2-07c_0010__scene_010.mp4,media,media/main/real/L1-07/L1-07_L2-07c_0010__scene_010.mp4,https://www.dvidshub.net/video/789976,3,3,2,2,True
seedance2::L1-07_L2-07c_0012__scene_001,L1-07_L2-07c_0012__scene_001,seedance2,Seedance2.0,closed_source,media/main/generated/seedance2/L1-07_L2-07c_0012__scene_001.mp4,media,media/main/real/L1-07/L1-07_L2-07c_0012__scene_001.mp4,https://www.dvidshub.net/video/783671,3,3,2,2,True
seedance2::L1-07_L2-07c_0012__scene_007,L1-07_L2-07c_0012__scene_007,seedance2,Seedance2.0,closed_source,media/main/generated/seedance2/L1-07_L2-07c_0012__scene_007.mp4,media,media/main/real/L1-07/L1-07_L2-07c_0012__scene_007.mp4,https://www.dvidshub.net/video/783671,3,3,2,2,True
seedance2::L1-07_L2-07c_0012__scene_009,L1-07_L2-07c_0012__scene_009,seedance2,Seedance2.0,closed_source,media/main/generated/seedance2/L1-07_L2-07c_0012__scene_009.mp4,media,media/main/real/L1-07/L1-07_L2-07c_0012__scene_009.mp4,https://www.dvidshub.net/video/783671,3,3,2,2,True
seedance2::L1-07_L2-07c_0013__scene_010,L1-07_L2-07c_0013__scene_010,seedance2,Seedance2.0,closed_source,media/main/generated/seedance2/L1-07_L2-07c_0013__scene_010.mp4,media,media/main/real/L1-07/L1-07_L2-07c_0013__scene_010.mp4,https://www.dvidshub.net/video/783947,3,3,2,2,True
seedance2::L1-07_L2-07c_0013__scene_011,L1-07_L2-07c_0013__scene_011,seedance2,Seedance2.0,closed_source,media/main/generated/seedance2/L1-07_L2-07c_0013__scene_011.mp4,media,media/main/real/L1-07/L1-07_L2-07c_0013__scene_011.mp4,https://www.dvidshub.net/video/783947,3,3,2,2,True
seedance2::L1-07_L2-07d_0008__scene_003,L1-07_L2-07d_0008__scene_003,seedance2,Seedance2.0,closed_source,media/main/generated/seedance2/L1-07_L2-07d_0008__scene_003.mp4,media,media/main/real/L1-07/L1-07_L2-07d_0008__scene_003.mp4,https://www.dvidshub.net/video/748824,3,3,2,2,True
seedance2::L1-07_L2-07d_0009__scene_006,L1-07_L2-07d_0009__scene_006,seedance2,Seedance2.0,closed_source,media/main/generated/seedance2/L1-07_L2-07d_0009__scene_006.mp4,media,media/main/real/L1-07/L1-07_L2-07d_0009__scene_006.mp4,https://www.dvidshub.net/video/748275,3,3,2,2,True
seedance2::L1-08_L2-08a_0002__scene_020,L1-08_L2-08a_0002__scene_020,seedance2,Seedance2.0,closed_source,media/main/generated/seedance2/L1-08_L2-08a_0002__scene_020.mp4,url_only,,https://www.youtube.com/watch?v=hS1YqcewH0c,3,3,2,2,True
seedance2::L1-08_L2-08a_0002__scene_104,L1-08_L2-08a_0002__scene_104,seedance2,Seedance2.0,closed_source,media/main/generated/seedance2/L1-08_L2-08a_0002__scene_104.mp4,url_only,,https://www.youtube.com/watch?v=hS1YqcewH0c,3,3,2,2,True
seedance2::L1-08_L2-08b_0001__scene_016,L1-08_L2-08b_0001__scene_016,seedance2,Seedance2.0,closed_source,media/main/generated/seedance2/L1-08_L2-08b_0001__scene_016.mp4,url_only,,https://www.youtube.com/watch?v=xIyPHGDx9WY,3,3,2,2,True
seedance2::L1-08_L2-08c_0001__scene_028,L1-08_L2-08c_0001__scene_028,seedance2,Seedance2.0,closed_source,media/main/generated/seedance2/L1-08_L2-08c_0001__scene_028.mp4,url_only,,"https://commons.wikimedia.org/wiki/File:Data_Center_Tour_&_Technical_Deep_Dive_into_the_Power,_Data_and_Cooling_Infrastructure!.webm",3,3,2,2,True
seedance2::L1-08_L2-08c_0001__scene_031,L1-08_L2-08c_0001__scene_031,seedance2,Seedance2.0,closed_source,media/main/generated/seedance2/L1-08_L2-08c_0001__scene_031.mp4,url_only,,"https://commons.wikimedia.org/wiki/File:Data_Center_Tour_&_Technical_Deep_Dive_into_the_Power,_Data_and_Cooling_Infrastructure!.webm",3,3,2,2,True
seedance2::L1-08_L2-08d_0001__scene_018,L1-08_L2-08d_0001__scene_018,seedance2,Seedance2.0,closed_source,media/main/generated/seedance2/L1-08_L2-08d_0001__scene_018.mp4,url_only,,https://www.youtube.com/watch?v=r1R3RDPvPeg,3,3,2,2,True
seedance2::L1-08_L2-08d_0001__scene_123,L1-08_L2-08d_0001__scene_123,seedance2,Seedance2.0,closed_source,media/main/generated/seedance2/L1-08_L2-08d_0001__scene_123.mp4,url_only,,https://www.youtube.com/watch?v=r1R3RDPvPeg,3,3,2,2,True
seedance2::L1-09_L2-09a_0006__scene_009,L1-09_L2-09a_0006__scene_009,seedance2,Seedance2.0,closed_source,media/main/generated/seedance2/L1-09_L2-09a_0006__scene_009.mp4,media,media/main/real/L1-09/L1-09_L2-09a_0006__scene_009.mp4,https://www.dvidshub.net/video/998452/ula-vulcan-transported-vandenberg,3,3,2,2,True
seedance2::L1-09_L2-09a_0008__scene_001,L1-09_L2-09a_0008__scene_001,seedance2,Seedance2.0,closed_source,media/main/generated/seedance2/L1-09_L2-09a_0008__scene_001.mp4,media,media/main/real/L1-09/L1-09_L2-09a_0008__scene_001.mp4,https://www.dvidshub.net/video/978314/kuiper-3-launches-cape-canaveral-space-force-station,3,3,2,2,True
seedance2::L1-09_L2-09a_0010__scene_003,L1-09_L2-09a_0010__scene_003,seedance2,Seedance2.0,closed_source,media/main/generated/seedance2/L1-09_L2-09a_0010__scene_003.mp4,media,media/main/real/L1-09/L1-09_L2-09a_0010__scene_003.mp4,https://www.dvidshub.net/video/959153/vandenberg-launches-nrol-174-mission,3,3,2,2,True
seedance2::L1-10_L2-10e_0003__scene_001,L1-10_L2-10e_0003__scene_001,seedance2,Seedance2.0,closed_source,media/main/generated/seedance2/L1-10_L2-10e_0003__scene_001.mp4,media,media/main/real/L1-10/L1-10_L2-10e_0003__scene_001.mp4,https://www.pexels.com/video/vibrant-mexican-carnival-parade-in-hidalgo-36161290/,3,3,2,2,True
seedance2::L1-10_L2-10e_0004__scene_001,L1-10_L2-10e_0004__scene_001,seedance2,Seedance2.0,closed_source,media/main/generated/seedance2/L1-10_L2-10e_0004__scene_001.mp4,media,media/main/real/L1-10/L1-10_L2-10e_0004__scene_001.mp4,https://www.pexels.com/video/vibrant-parade-at-mexican-huejotzingo-carnival-36214834/,3,3,2,2,True
seedance2::L1-10_L2-10e_0005__scene_001,L1-10_L2-10e_0005__scene_001,seedance2,Seedance2.0,closed_source,media/main/generated/seedance2/L1-10_L2-10e_0005__scene_001.mp4,media,media/main/real/L1-10/L1-10_L2-10e_0005__scene_001.mp4,https://www.pexels.com/video/colorful-celebration-at-huejotzingo-carnival-36187015/,3,3,2,2,True
seedance2::L1-10_L2-10e_0015__scene_003,L1-10_L2-10e_0015__scene_003,seedance2,Seedance2.0,closed_source,media/main/generated/seedance2/L1-10_L2-10e_0015__scene_003.mp4,media,media/main/real/L1-10/L1-10_L2-10e_0015__scene_003.mp4,https://www.pexels.com/video/fireworks-display-in-dubai-during-new-year-s-celebrations-14980605/,3,3,2,2,True
wan22_dynamic_seed0::L1-01_L2-01a_0007__scene_005,L1-01_L2-01a_0007__scene_005,wan22_dynamic_seed0,Wan2.2,open_source,media/main/generated/wan22_dynamic_seed0/L1-01_L2-01a_0007__scene_005.mp4,media,media/main/real/L1-01/L1-01_L2-01a_0007__scene_005.mp4,https://www.dvidshub.net/video/892606/damage-plaza-housing-typhoon-khanun,3,3,2,2,True
wan22_dynamic_seed0::L1-01_L2-01a_0012__scene_008,L1-01_L2-01a_0012__scene_008,wan22_dynamic_seed0,Wan2.2,open_source,media/main/generated/wan22_dynamic_seed0/L1-01_L2-01a_0012__scene_008.mp4,media,media/main/real/L1-01/L1-01_L2-01a_0012__scene_008.mp4,https://www.dvidshub.net/video/625765/hurricane-florence-damage-mcb-camp-lejeune,3,3,2,2,True
wan22_dynamic_seed0::L1-01_L2-01a_0012__scene_009,L1-01_L2-01a_0012__scene_009,wan22_dynamic_seed0,Wan2.2,open_source,media/main/generated/wan22_dynamic_seed0/L1-01_L2-01a_0012__scene_009.mp4,media,media/main/real/L1-01/L1-01_L2-01a_0012__scene_009.mp4,https://www.dvidshub.net/video/625765/hurricane-florence-damage-mcb-camp-lejeune,3,3,2,2,True
wan22_dynamic_seed0::L1-01_L2-01a_0012__scene_011,L1-01_L2-01a_0012__scene_011,wan22_dynamic_seed0,Wan2.2,open_source,media/main/generated/wan22_dynamic_seed0/L1-01_L2-01a_0012__scene_011.mp4,media,media/main/real/L1-01/L1-01_L2-01a_0012__scene_011.mp4,https://www.dvidshub.net/video/625765/hurricane-florence-damage-mcb-camp-lejeune,3,3,2,2,True
wan22_dynamic_seed0::L1-02_L2-02a_0014__scene_004,L1-02_L2-02a_0014__scene_004,wan22_dynamic_seed0,Wan2.2,open_source,media/main/generated/wan22_dynamic_seed0/L1-02_L2-02a_0014__scene_004.mp4,media,media/main/real/L1-02/L1-02_L2-02a_0014__scene_004.mp4,https://www.dvidshub.net/video/301800/operation-phantom-fury-combat-footage-marines-and-tanks-fallujah,3,3,2,2,True
wan22_dynamic_seed0::L1-02_L2-02c_0003__scene_009,L1-02_L2-02c_0003__scene_009,wan22_dynamic_seed0,Wan2.2,open_source,media/main/generated/wan22_dynamic_seed0/L1-02_L2-02c_0003__scene_009.mp4,media,media/main/real/L1-02/L1-02_L2-02c_0003__scene_009.mp4,https://www.dvidshub.net/video/985972/1st-maw-holds-elephant-walk-mcas-futenma,3,3,2,2,True
wan22_dynamic_seed0::L1-02_L2-02c_0015__scene_002,L1-02_L2-02c_0015__scene_002,wan22_dynamic_seed0,Wan2.2,open_source,media/main/generated/wan22_dynamic_seed0/L1-02_L2-02c_0015__scene_002.mp4,media,media/main/real/L1-02/L1-02_L2-02c_0015__scene_002.mp4,https://www.dvidshub.net/video/902724/dwight-d-eisenhower-and-gerald-r-ford-csgs-sail-formation-mediterranean-sea,3,3,2,2,True
wan22_dynamic_seed0::L1-02_L2-02d_0003__scene_005,L1-02_L2-02d_0003__scene_005,wan22_dynamic_seed0,Wan2.2,open_source,media/main/generated/wan22_dynamic_seed0/L1-02_L2-02d_0003__scene_005.mp4,media,media/main/real/L1-02/L1-02_L2-02d_0003__scene_005.mp4,https://www.dvidshub.net/video/998318/core26-us-marines-conduct-cold-weather-training-during-arctic-exercise-b-roll,3,3,2,2,True
wan22_dynamic_seed0::L1-04_L2-04d_0011__scene_036,L1-04_L2-04d_0011__scene_036,wan22_dynamic_seed0,Wan2.2,open_source,media/main/generated/wan22_dynamic_seed0/L1-04_L2-04d_0011__scene_036.mp4,media,media/main/real/L1-04/L1-04_L2-04d_0011__scene_036.mp4,https://www.dvidshub.net/video/952285/usar-k9-dogs-conduct-search-missions-pacific-palisades,3,3,2,2,True
wan22_dynamic_seed0::L1-05_L2-05a_0015__scene_007,L1-05_L2-05a_0015__scene_007,wan22_dynamic_seed0,Wan2.2,open_source,media/main/generated/wan22_dynamic_seed0/L1-05_L2-05a_0015__scene_007.mp4,url_only,,https://www.youtube.com/watch?v=TzNX5tJ-OcU,3,3,2,2,True
wan22_dynamic_seed0::L1-05_L2-05a_0015__scene_016,L1-05_L2-05a_0015__scene_016,wan22_dynamic_seed0,Wan2.2,open_source,media/main/generated/wan22_dynamic_seed0/L1-05_L2-05a_0015__scene_016.mp4,url_only,,https://www.youtube.com/watch?v=TzNX5tJ-OcU,3,3,2,2,True
wan22_dynamic_seed0::L1-05_L2-05d_0016__scene_003,L1-05_L2-05d_0016__scene_003,wan22_dynamic_seed0,Wan2.2,open_source,media/main/generated/wan22_dynamic_seed0/L1-05_L2-05d_0016__scene_003.mp4,url_only,,https://www.youtube.com/watch?v=JGRq5OTtQcY,3,3,2,2,True
wan22_dynamic_seed0::L1-05_L2-05e_0015__scene_009,L1-05_L2-05e_0015__scene_009,wan22_dynamic_seed0,Wan2.2,open_source,media/main/generated/wan22_dynamic_seed0/L1-05_L2-05e_0015__scene_009.mp4,url_only,,https://www.youtube.com/watch?v=OGyAXbVH8Qs,3,3,2,2,True
wan22_dynamic_seed0::L1-06_L2-06c_0008__scene_025,L1-06_L2-06c_0008__scene_025,wan22_dynamic_seed0,Wan2.2,open_source,media/main/generated/wan22_dynamic_seed0/L1-06_L2-06c_0008__scene_025.mp4,url_only,,https://www.youtube.com/watch?v=dJ5F2xpmt-Q,3,3,2,2,True
wan22_dynamic_seed0::L1-06_L2-06e_0008__scene_013,L1-06_L2-06e_0008__scene_013,wan22_dynamic_seed0,Wan2.2,open_source,media/main/generated/wan22_dynamic_seed0/L1-06_L2-06e_0008__scene_013.mp4,url_only,,https://www.youtube.com/watch?v=TmtjokysDVc,3,3,2,2,True
wan22_dynamic_seed0::L1-07_L2-07a_0014__scene_002,L1-07_L2-07a_0014__scene_002,wan22_dynamic_seed0,Wan2.2,open_source,media/main/generated/wan22_dynamic_seed0/L1-07_L2-07a_0014__scene_002.mp4,media,media/main/real/L1-07/L1-07_L2-07a_0014__scene_002.mp4,https://www.dvidshub.net/video/745937,3,3,2,2,True
wan22_dynamic_seed0::L1-07_L2-07a_0014__scene_034,L1-07_L2-07a_0014__scene_034,wan22_dynamic_seed0,Wan2.2,open_source,media/main/generated/wan22_dynamic_seed0/L1-07_L2-07a_0014__scene_034.mp4,media,media/main/real/L1-07/L1-07_L2-07a_0014__scene_034.mp4,https://www.dvidshub.net/video/745937,3,3,2,2,True
wan22_dynamic_seed0::L1-07_L2-07b_0004__scene_004,L1-07_L2-07b_0004__scene_004,wan22_dynamic_seed0,Wan2.2,open_source,media/main/generated/wan22_dynamic_seed0/L1-07_L2-07b_0004__scene_004.mp4,media,media/main/real/L1-07/L1-07_L2-07b_0004__scene_004.mp4,https://www.dvidshub.net/video/830346,3,3,2,2,True
wan22_dynamic_seed0::L1-07_L2-07b_0008__scene_009,L1-07_L2-07b_0008__scene_009,wan22_dynamic_seed0,Wan2.2,open_source,media/main/generated/wan22_dynamic_seed0/L1-07_L2-07b_0008__scene_009.mp4,media,media/main/real/L1-07/L1-07_L2-07b_0008__scene_009.mp4,https://www.dvidshub.net/video/829885,3,3,2,2,True
wan22_dynamic_seed0::L1-08_L2-08d_0001__scene_064,L1-08_L2-08d_0001__scene_064,wan22_dynamic_seed0,Wan2.2,open_source,media/main/generated/wan22_dynamic_seed0/L1-08_L2-08d_0001__scene_064.mp4,url_only,,https://www.youtube.com/watch?v=r1R3RDPvPeg,3,3,2,2,True
wan22_dynamic_seed0::L1-08_L2-08d_0001__scene_095,L1-08_L2-08d_0001__scene_095,wan22_dynamic_seed0,Wan2.2,open_source,media/main/generated/wan22_dynamic_seed0/L1-08_L2-08d_0001__scene_095.mp4,url_only,,https://www.youtube.com/watch?v=r1R3RDPvPeg,3,3,2,2,True
wan22_lightning_seed0::L1-01_L2-01a_0005__scene_002,L1-01_L2-01a_0005__scene_002,wan22_lightning_seed0,Wan2.2-Lightning,open_source,media/main/generated/wan22_lightning_seed0/L1-01_L2-01a_0005__scene_002.mp4,media,media/main/real/L1-01/L1-01_L2-01a_0005__scene_002.mp4,https://www.dvidshub.net/video/914127/tornado-sustained-damage-and-clean-up-wright-patterson-air-force-base-2,3,3,2,2,True
wan22_lightning_seed0::L1-01_L2-01b_0012__scene_002,L1-01_L2-01b_0012__scene_002,wan22_lightning_seed0,Wan2.2-Lightning,open_source,media/main/generated/wan22_lightning_seed0/L1-01_L2-01b_0012__scene_002.mp4,media,media/main/real/L1-01/L1-01_L2-01b_0012__scene_002.mp4,https://www.dvidshub.net/video/893990/b-roll-cjtf-50-command-visits-wildfire-devastation,3,3,2,2,True
wan22_lightning_seed0::L1-01_L2-01d_0017__scene_003,L1-01_L2-01d_0017__scene_003,wan22_lightning_seed0,Wan2.2-Lightning,open_source,media/main/generated/wan22_lightning_seed0/L1-01_L2-01d_0017__scene_003.mp4,media,media/main/real/L1-01/L1-01_L2-01d_0017__scene_003.mp4,https://www.dvidshub.net/video/506501/camp-pendleton-flood-areas-aerial-view,3,3,2,2,True
wan22_lightning_seed0::L1-02_L2-02a_0002__scene_011,L1-02_L2-02a_0002__scene_011,wan22_lightning_seed0,Wan2.2-Lightning,open_source,media/main/generated/wan22_lightning_seed0/L1-02_L2-02a_0002__scene_011.mp4,media,media/main/real/L1-02/L1-02_L2-02a_0002__scene_011.mp4,https://www.dvidshub.net/video/526125/82nd-airborne-paratroopers-follow-iraqi-security-forces-through-liberated-mosul-streets,3,3,2,2,True
wan22_lightning_seed0::L1-02_L2-02a_0004__scene_022,L1-02_L2-02a_0004__scene_022,wan22_lightning_seed0,Wan2.2-Lightning,open_source,media/main/generated/wan22_lightning_seed0/L1-02_L2-02a_0004__scene_022.mp4,media,media/main/real/L1-02/L1-02_L2-02a_0004__scene_022.mp4,https://www.dvidshub.net/video/32368/insurgents-haifa-street,3,3,2,2,True
wan22_lightning_seed0::L1-02_L2-02a_0005__scene_007,L1-02_L2-02a_0005__scene_007,wan22_lightning_seed0,Wan2.2-Lightning,open_source,media/main/generated/wan22_lightning_seed0/L1-02_L2-02a_0005__scene_007.mp4,media,media/main/real/L1-02/L1-02_L2-02a_0005__scene_007.mp4,https://www.dvidshub.net/video/27956/controlling-haifa-area-operation,3,3,2,2,True
wan22_lightning_seed0::L1-02_L2-02a_0005__scene_011,L1-02_L2-02a_0005__scene_011,wan22_lightning_seed0,Wan2.2-Lightning,open_source,media/main/generated/wan22_lightning_seed0/L1-02_L2-02a_0005__scene_011.mp4,media,media/main/real/L1-02/L1-02_L2-02a_0005__scene_011.mp4,https://www.dvidshub.net/video/27956/controlling-haifa-area-operation,3,3,2,2,True
wan22_lightning_seed0::L1-02_L2-02a_0008__scene_005,L1-02_L2-02a_0008__scene_005,wan22_lightning_seed0,Wan2.2-Lightning,open_source,media/main/generated/wan22_lightning_seed0/L1-02_L2-02a_0008__scene_005.mp4,media,media/main/real/L1-02/L1-02_L2-02a_0008__scene_005.mp4,https://www.dvidshub.net/video/13579/marines-patrol-fallujah-with-iraqi-army,3,3,2,2,True
wan22_lightning_seed0::L1-02_L2-02a_0008__scene_011,L1-02_L2-02a_0008__scene_011,wan22_lightning_seed0,Wan2.2-Lightning,open_source,media/main/generated/wan22_lightning_seed0/L1-02_L2-02a_0008__scene_011.mp4,media,media/main/real/L1-02/L1-02_L2-02a_0008__scene_011.mp4,https://www.dvidshub.net/video/13579/marines-patrol-fallujah-with-iraqi-army,3,3,2,2,True
wan22_lightning_seed0::L1-02_L2-02c_0004__scene_009,L1-02_L2-02c_0004__scene_009,wan22_lightning_seed0,Wan2.2-Lightning,open_source,media/main/generated/wan22_lightning_seed0/L1-02_L2-02c_0004__scene_009.mp4,media,media/main/real/L1-02/L1-02_L2-02c_0004__scene_009.mp4,https://www.dvidshub.net/video/976504/us-and-egyptian-armored-operations-and-stinger-live-fire-bright-star-25,3,3,2,2,True
wan22_lightning_seed0::L1-02_L2-02d_0001__scene_010,L1-02_L2-02d_0001__scene_010,wan22_lightning_seed0,Wan2.2-Lightning,open_source,media/main/generated/wan22_lightning_seed0/L1-02_L2-02d_0001__scene_010.mp4,media,media/main/real/L1-02/L1-02_L2-02d_0001__scene_010.mp4,https://www.dvidshub.net/video/998309/b-roll-task-force-ashland-conducts-counter-landing-defense-during-exercise-cobra-gold-2026,3,3,2,2,True
wan22_lightning_seed0::L1-02_L2-02d_0001__scene_013,L1-02_L2-02d_0001__scene_013,wan22_lightning_seed0,Wan2.2-Lightning,open_source,media/main/generated/wan22_lightning_seed0/L1-02_L2-02d_0001__scene_013.mp4,media,media/main/real/L1-02/L1-02_L2-02d_0001__scene_013.mp4,https://www.dvidshub.net/video/998309/b-roll-task-force-ashland-conducts-counter-landing-defense-during-exercise-cobra-gold-2026,3,3,2,2,True
wan22_lightning_seed0::L1-02_L2-02d_0008__scene_010,L1-02_L2-02d_0008__scene_010,wan22_lightning_seed0,Wan2.2-Lightning,open_source,media/main/generated/wan22_lightning_seed0/L1-02_L2-02d_0008__scene_010.mp4,media,media/main/real/L1-02/L1-02_L2-02d_0008__scene_010.mp4,https://www.dvidshub.net/video/965885/us-soldiers-rehearse-saber-guardian-25,3,3,2,2,True
wan22_lightning_seed0::L1-02_L2-02d_0009__scene_003,L1-02_L2-02d_0009__scene_003,wan22_lightning_seed0,Wan2.2-Lightning,open_source,media/main/generated/wan22_lightning_seed0/L1-02_L2-02d_0009__scene_003.mp4,media,media/main/real/L1-02/L1-02_L2-02d_0009__scene_003.mp4,https://www.dvidshub.net/video/966247/immediate-response-25-live-fire-exercise,3,3,2,2,True
wan22_lightning_seed0::L1-02_L2-02d_0012__scene_015,L1-02_L2-02d_0012__scene_015,wan22_lightning_seed0,Wan2.2-Lightning,open_source,media/main/generated/wan22_lightning_seed0/L1-02_L2-02d_0012__scene_015.mp4,media,media/main/real/L1-02/L1-02_L2-02d_0012__scene_015.mp4,https://www.dvidshub.net/video/963299/swift-response-25-sky-soldiers-conduct-blank-fire-exercise,3,3,2,2,True
wan22_lightning_seed0::L1-02_L2-02d_0014__scene_001,L1-02_L2-02d_0014__scene_001,wan22_lightning_seed0,Wan2.2-Lightning,open_source,media/main/generated/wan22_lightning_seed0/L1-02_L2-02d_0014__scene_001.mp4,media,media/main/real/L1-02/L1-02_L2-02d_0014__scene_001.mp4,https://www.dvidshub.net/video/962878/b-roll-force-force-training-swift-response-25,3,3,2,2,True
wan22_lightning_seed0::L1-02_L2-02d_0014__scene_018,L1-02_L2-02d_0014__scene_018,wan22_lightning_seed0,Wan2.2-Lightning,open_source,media/main/generated/wan22_lightning_seed0/L1-02_L2-02d_0014__scene_018.mp4,media,media/main/real/L1-02/L1-02_L2-02d_0014__scene_018.mp4,https://www.dvidshub.net/video/962878/b-roll-force-force-training-swift-response-25,3,3,2,2,True
wan22_lightning_seed0::L1-02_L2-02d_0015__scene_004,L1-02_L2-02d_0015__scene_004,wan22_lightning_seed0,Wan2.2-Lightning,open_source,media/main/generated/wan22_lightning_seed0/L1-02_L2-02d_0015__scene_004.mp4,media,media/main/real/L1-02/L1-02_L2-02d_0015__scene_004.mp4,https://www.dvidshub.net/video/945046/parade-celebrates-20-years-nato-restoration-lithuanian-armed-forces,3,3,2,2,True
wan22_lightning_seed0::L1-02_L2-02d_0015__scene_008,L1-02_L2-02d_0015__scene_008,wan22_lightning_seed0,Wan2.2-Lightning,open_source,media/main/generated/wan22_lightning_seed0/L1-02_L2-02d_0015__scene_008.mp4,media,media/main/real/L1-02/L1-02_L2-02d_0015__scene_008.mp4,https://www.dvidshub.net/video/945046/parade-celebrates-20-years-nato-restoration-lithuanian-armed-forces,3,3,2,2,True
wan22_lightning_seed0::L1-03_L2-03a_0010__scene_010,L1-03_L2-03a_0010__scene_010,wan22_lightning_seed0,Wan2.2-Lightning,open_source,media/main/generated/wan22_lightning_seed0/L1-03_L2-03a_0010__scene_010.mp4,media,media/main/real/L1-03/L1-03_L2-03a_0010__scene_010.mp4,https://www.whitehouse.gov/videos/press-secretary-karoline-leavitt-briefs-members-of-the-media-nov-4-2025/,3,3,2,2,True
wan22_lightning_seed0::L1-03_L2-03a_0011__scene_044,L1-03_L2-03a_0011__scene_044,wan22_lightning_seed0,Wan2.2-Lightning,open_source,media/main/generated/wan22_lightning_seed0/L1-03_L2-03a_0011__scene_044.mp4,media,media/main/real/L1-03/L1-03_L2-03a_0011__scene_044.mp4,https://www.whitehouse.gov/videos/press-secretary-karoline-leavitt-briefs-members-of-the-media-oct-23-2025/,3,3,2,2,True
wan22_lightning_seed0::L1-03_L2-03b_0007__scene_007,L1-03_L2-03b_0007__scene_007,wan22_lightning_seed0,Wan2.2-Lightning,open_source,media/main/generated/wan22_lightning_seed0/L1-03_L2-03b_0007__scene_007.mp4,media,media/main/real/L1-03/L1-03_L2-03b_0007__scene_007.mp4,https://multimedia.europarl.europa.eu/en/video/four-years-of-russias-war-of-aggression-against-ukraine-and-european-contributions-to-a-just-peace-and-sustained-security-for-ukraine-meps-debate_I285177,3,3,2,2,True
wan22_lightning_seed0::L1-03_L2-03d_0010__scene_033,L1-03_L2-03d_0010__scene_033,wan22_lightning_seed0,Wan2.2-Lightning,open_source,media/main/generated/wan22_lightning_seed0/L1-03_L2-03d_0010__scene_033.mp4,media,media/main/real/L1-03/L1-03_L2-03d_0010__scene_033.mp4,https://www.whitehouse.gov/videos/president-trump-and-the-first-lady-participate-in-a-windsor-castle-arrival-ceremony/,3,3,2,2,True
wan22_lightning_seed0::L1-04_L2-04a_0004__scene_007,L1-04_L2-04a_0004__scene_007,wan22_lightning_seed0,Wan2.2-Lightning,open_source,media/main/generated/wan22_lightning_seed0/L1-04_L2-04a_0004__scene_007.mp4,media,media/main/real/L1-04/L1-04_L2-04a_0004__scene_007.mp4,https://www.dvidshub.net/video/984823/dc-safe-and-beautiful,3,3,2,2,True
wan22_lightning_seed0::L1-04_L2-04a_0007__scene_005,L1-04_L2-04a_0007__scene_005,wan22_lightning_seed0,Wan2.2-Lightning,open_source,media/main/generated/wan22_lightning_seed0/L1-04_L2-04a_0007__scene_005.mp4,media,media/main/real/L1-04/L1-04_L2-04a_0007__scene_005.mp4,https://www.dvidshub.net/video/968080/b-roll-california-national-guard-supports-security-operations-los-angeles,3,3,2,2,True
wan22_lightning_seed0::L1-04_L2-04a_0007__scene_010,L1-04_L2-04a_0007__scene_010,wan22_lightning_seed0,Wan2.2-Lightning,open_source,media/main/generated/wan22_lightning_seed0/L1-04_L2-04a_0007__scene_010.mp4,media,media/main/real/L1-04/L1-04_L2-04a_0007__scene_010.mp4,https://www.dvidshub.net/video/968080/b-roll-california-national-guard-supports-security-operations-los-angeles,3,3,2,2,True
wan22_lightning_seed0::L1-04_L2-04a_0010__scene_020,L1-04_L2-04a_0010__scene_020,wan22_lightning_seed0,Wan2.2-Lightning,open_source,media/main/generated/wan22_lightning_seed0/L1-04_L2-04a_0010__scene_020.mp4,media,media/main/real/L1-04/L1-04_L2-04a_0010__scene_020.mp4,https://www.dvidshub.net/video/792081/minnesota-guardsmen-provide-security-brooklyn-center-police-department,3,3,2,2,True
wan22_lightning_seed0::L1-05_L2-05a_0019__scene_005,L1-05_L2-05a_0019__scene_005,wan22_lightning_seed0,Wan2.2-Lightning,open_source,media/main/generated/wan22_lightning_seed0/L1-05_L2-05a_0019__scene_005.mp4,url_only,,https://www.youtube.com/watch?v=3TA8VWF2O8k,3,3,2,2,True
wan22_lightning_seed0::L1-05_L2-05e_0025__scene_008,L1-05_L2-05e_0025__scene_008,wan22_lightning_seed0,Wan2.2-Lightning,open_source,media/main/generated/wan22_lightning_seed0/L1-05_L2-05e_0025__scene_008.mp4,url_only,,https://www.youtube.com/watch?v=qCbtWKa4m1Q,3,3,2,2,True
wan22_lightning_seed0::L1-06_L2-06a_0006__scene_008,L1-06_L2-06a_0006__scene_008,wan22_lightning_seed0,Wan2.2-Lightning,open_source,media/main/generated/wan22_lightning_seed0/L1-06_L2-06a_0006__scene_008.mp4,url_only,,https://www.youtube.com/watch?v=faus3Ff9deQ,3,3,2,2,True
wan22_lightning_seed0::L1-06_L2-06c_0006__scene_008,L1-06_L2-06c_0006__scene_008,wan22_lightning_seed0,Wan2.2-Lightning,open_source,media/main/generated/wan22_lightning_seed0/L1-06_L2-06c_0006__scene_008.mp4,url_only,,https://www.youtube.com/watch?v=9smwQFJB680,3,3,2,2,True
wan22_lightning_seed0::L1-06_L2-06d_0008__scene_012,L1-06_L2-06d_0008__scene_012,wan22_lightning_seed0,Wan2.2-Lightning,open_source,media/main/generated/wan22_lightning_seed0/L1-06_L2-06d_0008__scene_012.mp4,url_only,,https://www.youtube.com/watch?v=UqY8f6MGQGk,3,3,2,2,True
wan22_lightning_seed0::L1-06_L2-06e_0008__scene_013,L1-06_L2-06e_0008__scene_013,wan22_lightning_seed0,Wan2.2-Lightning,open_source,media/main/generated/wan22_lightning_seed0/L1-06_L2-06e_0008__scene_013.mp4,url_only,,https://www.youtube.com/watch?v=TmtjokysDVc,3,3,2,2,True
wan22_lightning_seed0::L1-07_L2-07a_0014__scene_002,L1-07_L2-07a_0014__scene_002,wan22_lightning_seed0,Wan2.2-Lightning,open_source,media/main/generated/wan22_lightning_seed0/L1-07_L2-07a_0014__scene_002.mp4,media,media/main/real/L1-07/L1-07_L2-07a_0014__scene_002.mp4,https://www.dvidshub.net/video/745937,3,3,2,2,True
wan22_lightning_seed0::L1-07_L2-07b_0006__scene_013,L1-07_L2-07b_0006__scene_013,wan22_lightning_seed0,Wan2.2-Lightning,open_source,media/main/generated/wan22_lightning_seed0/L1-07_L2-07b_0006__scene_013.mp4,media,media/main/real/L1-07/L1-07_L2-07b_0006__scene_013.mp4,https://www.dvidshub.net/video/829884,3,3,2,2,True
wan22_lightning_seed0::L1-07_L2-07d_0015__scene_004,L1-07_L2-07d_0015__scene_004,wan22_lightning_seed0,Wan2.2-Lightning,open_source,media/main/generated/wan22_lightning_seed0/L1-07_L2-07d_0015__scene_004.mp4,media,media/main/real/L1-07/L1-07_L2-07d_0015__scene_004.mp4,https://www.dvidshub.net/video/744184,3,3,2,2,True
wan22_lightning_seed0::L1-08_L2-08a_0002__scene_041,L1-08_L2-08a_0002__scene_041,wan22_lightning_seed0,Wan2.2-Lightning,open_source,media/main/generated/wan22_lightning_seed0/L1-08_L2-08a_0002__scene_041.mp4,url_only,,https://www.youtube.com/watch?v=hS1YqcewH0c,3,3,2,2,True
wan22_lightning_seed0::L1-08_L2-08a_0002__scene_086,L1-08_L2-08a_0002__scene_086,wan22_lightning_seed0,Wan2.2-Lightning,open_source,media/main/generated/wan22_lightning_seed0/L1-08_L2-08a_0002__scene_086.mp4,url_only,,https://www.youtube.com/watch?v=hS1YqcewH0c,3,3,2,2,True
wan22_lightning_seed0::L1-08_L2-08d_0001__scene_028,L1-08_L2-08d_0001__scene_028,wan22_lightning_seed0,Wan2.2-Lightning,open_source,media/main/generated/wan22_lightning_seed0/L1-08_L2-08d_0001__scene_028.mp4,url_only,,https://www.youtube.com/watch?v=r1R3RDPvPeg,3,3,2,2,True
wan22_lightning_seed0::L1-09_L2-09d_0009__scene_002,L1-09_L2-09d_0009__scene_002,wan22_lightning_seed0,Wan2.2-Lightning,open_source,media/main/generated/wan22_lightning_seed0/L1-09_L2-09d_0009__scene_002.mp4,media,media/main/real/L1-09/L1-09_L2-09d_0009__scene_002.mp4,https://oceanexplorer.noaa.gov/expedition-feature/okeanos-ex2104-features-ctenophore/,3,3,2,2,True
