norm_clip_id,l1_code,l2_code,release_mode,source_url,source_type,rights_review_status,rights_basis,license_text,license_url,attribution_required,attribution_text
L1-01_L2-01a_0003__scene_003,L1-01,L2-01a,media,https://www.dvidshub.net/video/943247/hurricane-hunters-fly-rafael-nov-8-2024,DVIDS,public_cleared,us_gov_public_domain,Public Domain,,False,
L1-01_L2-01a_0003__scene_004,L1-01,L2-01a,media,https://www.dvidshub.net/video/943247/hurricane-hunters-fly-rafael-nov-8-2024,DVIDS,public_cleared,us_gov_public_domain,Public Domain,,False,
L1-01_L2-01a_0004__scene_003,L1-01,L2-01a,media,https://www.dvidshub.net/video/938509/aerial-b-roll-macdill-afb-following-hurricane-helene,DVIDS,public_cleared,us_gov_public_domain,Public Domain,,False,
L1-01_L2-01a_0005__scene_001,L1-01,L2-01a,media,https://www.dvidshub.net/video/914127/tornado-sustained-damage-and-clean-up-wright-patterson-air-force-base-2,DVIDS,public_cleared,us_gov_public_domain,Public Domain,,False,
L1-01_L2-01a_0005__scene_002,L1-01,L2-01a,media,https://www.dvidshub.net/video/914127/tornado-sustained-damage-and-clean-up-wright-patterson-air-force-base-2,DVIDS,public_cleared,us_gov_public_domain,Public Domain,,False,
L1-01_L2-01a_0005__scene_003,L1-01,L2-01a,media,https://www.dvidshub.net/video/914127/tornado-sustained-damage-and-clean-up-wright-patterson-air-force-base-2,DVIDS,public_cleared,us_gov_public_domain,Public Domain,,False,
L1-01_L2-01a_0005__scene_004,L1-01,L2-01a,media,https://www.dvidshub.net/video/914127/tornado-sustained-damage-and-clean-up-wright-patterson-air-force-base-2,DVIDS,public_cleared,us_gov_public_domain,Public Domain,,False,
L1-01_L2-01a_0005__scene_006,L1-01,L2-01a,media,https://www.dvidshub.net/video/914127/tornado-sustained-damage-and-clean-up-wright-patterson-air-force-base-2,DVIDS,public_cleared,us_gov_public_domain,Public Domain,,False,
L1-01_L2-01a_0005__scene_007,L1-01,L2-01a,media,https://www.dvidshub.net/video/914127/tornado-sustained-damage-and-clean-up-wright-patterson-air-force-base-2,DVIDS,public_cleared,us_gov_public_domain,Public Domain,,False,
L1-01_L2-01a_0005__scene_008,L1-01,L2-01a,media,https://www.dvidshub.net/video/914127/tornado-sustained-damage-and-clean-up-wright-patterson-air-force-base-2,DVIDS,public_cleared,us_gov_public_domain,Public Domain,,False,
L1-01_L2-01a_0005__scene_009,L1-01,L2-01a,media,https://www.dvidshub.net/video/914127/tornado-sustained-damage-and-clean-up-wright-patterson-air-force-base-2,DVIDS,public_cleared,us_gov_public_domain,Public Domain,,False,
L1-01_L2-01a_0005__scene_011,L1-01,L2-01a,media,https://www.dvidshub.net/video/914127/tornado-sustained-damage-and-clean-up-wright-patterson-air-force-base-2,DVIDS,public_cleared,us_gov_public_domain,Public Domain,,False,
L1-01_L2-01a_0005__scene_012,L1-01,L2-01a,media,https://www.dvidshub.net/video/914127/tornado-sustained-damage-and-clean-up-wright-patterson-air-force-base-2,DVIDS,public_cleared,us_gov_public_domain,Public Domain,,False,
L1-01_L2-01a_0005__scene_013,L1-01,L2-01a,media,https://www.dvidshub.net/video/914127/tornado-sustained-damage-and-clean-up-wright-patterson-air-force-base-2,DVIDS,public_cleared,us_gov_public_domain,Public Domain,,False,
L1-01_L2-01a_0005__scene_014,L1-01,L2-01a,media,https://www.dvidshub.net/video/914127/tornado-sustained-damage-and-clean-up-wright-patterson-air-force-base-2,DVIDS,public_cleared,us_gov_public_domain,Public Domain,,False,
L1-01_L2-01a_0005__scene_016,L1-01,L2-01a,media,https://www.dvidshub.net/video/914127/tornado-sustained-damage-and-clean-up-wright-patterson-air-force-base-2,DVIDS,public_cleared,us_gov_public_domain,Public Domain,,False,
L1-01_L2-01a_0006__scene_001,L1-01,L2-01a,media,https://www.dvidshub.net/video/901663/jbsa-fort-sam-houston-tornado-b-roll,DVIDS,public_cleared,us_gov_public_domain,Public Domain,,False,
L1-01_L2-01a_0006__scene_002,L1-01,L2-01a,media,https://www.dvidshub.net/video/901663/jbsa-fort-sam-houston-tornado-b-roll,DVIDS,public_cleared,us_gov_public_domain,Public Domain,,False,
L1-01_L2-01a_0006__scene_003,L1-01,L2-01a,media,https://www.dvidshub.net/video/901663/jbsa-fort-sam-houston-tornado-b-roll,DVIDS,public_cleared,us_gov_public_domain,Public Domain,,False,
L1-01_L2-01a_0006__scene_005,L1-01,L2-01a,media,https://www.dvidshub.net/video/901663/jbsa-fort-sam-houston-tornado-b-roll,DVIDS,public_cleared,us_gov_public_domain,Public Domain,,False,
L1-01_L2-01a_0006__scene_006,L1-01,L2-01a,media,https://www.dvidshub.net/video/901663/jbsa-fort-sam-houston-tornado-b-roll,DVIDS,public_cleared,us_gov_public_domain,Public Domain,,False,
L1-01_L2-01a_0006__scene_007,L1-01,L2-01a,media,https://www.dvidshub.net/video/901663/jbsa-fort-sam-houston-tornado-b-roll,DVIDS,public_cleared,us_gov_public_domain,Public Domain,,False,
L1-01_L2-01a_0006__scene_009,L1-01,L2-01a,media,https://www.dvidshub.net/video/901663/jbsa-fort-sam-houston-tornado-b-roll,DVIDS,public_cleared,us_gov_public_domain,Public Domain,,False,
L1-01_L2-01a_0006__scene_010,L1-01,L2-01a,media,https://www.dvidshub.net/video/901663/jbsa-fort-sam-houston-tornado-b-roll,DVIDS,public_cleared,us_gov_public_domain,Public Domain,,False,
L1-01_L2-01a_0006__scene_011,L1-01,L2-01a,media,https://www.dvidshub.net/video/901663/jbsa-fort-sam-houston-tornado-b-roll,DVIDS,public_cleared,us_gov_public_domain,Public Domain,,False,
L1-01_L2-01a_0006__scene_013,L1-01,L2-01a,media,https://www.dvidshub.net/video/901663/jbsa-fort-sam-houston-tornado-b-roll,DVIDS,public_cleared,us_gov_public_domain,Public Domain,,False,
L1-01_L2-01a_0006__scene_014,L1-01,L2-01a,media,https://www.dvidshub.net/video/901663/jbsa-fort-sam-houston-tornado-b-roll,DVIDS,public_cleared,us_gov_public_domain,Public Domain,,False,
L1-01_L2-01a_0006__scene_015,L1-01,L2-01a,media,https://www.dvidshub.net/video/901663/jbsa-fort-sam-houston-tornado-b-roll,DVIDS,public_cleared,us_gov_public_domain,Public Domain,,False,
L1-01_L2-01a_0006__scene_017,L1-01,L2-01a,media,https://www.dvidshub.net/video/901663/jbsa-fort-sam-houston-tornado-b-roll,DVIDS,public_cleared,us_gov_public_domain,Public Domain,,False,
L1-01_L2-01a_0006__scene_018,L1-01,L2-01a,media,https://www.dvidshub.net/video/901663/jbsa-fort-sam-houston-tornado-b-roll,DVIDS,public_cleared,us_gov_public_domain,Public Domain,,False,
L1-01_L2-01a_0006__scene_019,L1-01,L2-01a,media,https://www.dvidshub.net/video/901663/jbsa-fort-sam-houston-tornado-b-roll,DVIDS,public_cleared,us_gov_public_domain,Public Domain,,False,
L1-01_L2-01a_0006__scene_022,L1-01,L2-01a,media,https://www.dvidshub.net/video/901663/jbsa-fort-sam-houston-tornado-b-roll,DVIDS,public_cleared,us_gov_public_domain,Public Domain,,False,
L1-01_L2-01a_0006__scene_023,L1-01,L2-01a,media,https://www.dvidshub.net/video/901663/jbsa-fort-sam-houston-tornado-b-roll,DVIDS,public_cleared,us_gov_public_domain,Public Domain,,False,
L1-01_L2-01a_0006__scene_025,L1-01,L2-01a,media,https://www.dvidshub.net/video/901663/jbsa-fort-sam-houston-tornado-b-roll,DVIDS,public_cleared,us_gov_public_domain,Public Domain,,False,
L1-01_L2-01a_0007__scene_004,L1-01,L2-01a,media,https://www.dvidshub.net/video/892606/damage-plaza-housing-typhoon-khanun,DVIDS,public_cleared,us_gov_public_domain,Public Domain,,False,
L1-01_L2-01a_0007__scene_005,L1-01,L2-01a,media,https://www.dvidshub.net/video/892606/damage-plaza-housing-typhoon-khanun,DVIDS,public_cleared,us_gov_public_domain,Public Domain,,False,
L1-01_L2-01a_0007__scene_006,L1-01,L2-01a,media,https://www.dvidshub.net/video/892606/damage-plaza-housing-typhoon-khanun,DVIDS,public_cleared,us_gov_public_domain,Public Domain,,False,
L1-01_L2-01a_0007__scene_008,L1-01,L2-01a,media,https://www.dvidshub.net/video/892606/damage-plaza-housing-typhoon-khanun,DVIDS,public_cleared,us_gov_public_domain,Public Domain,,False,
L1-01_L2-01a_0007__scene_010,L1-01,L2-01a,media,https://www.dvidshub.net/video/892606/damage-plaza-housing-typhoon-khanun,DVIDS,public_cleared,us_gov_public_domain,Public Domain,,False,
L1-01_L2-01a_0007__scene_011,L1-01,L2-01a,media,https://www.dvidshub.net/video/892606/damage-plaza-housing-typhoon-khanun,DVIDS,public_cleared,us_gov_public_domain,Public Domain,,False,
L1-01_L2-01a_0008__scene_002,L1-01,L2-01a,media,https://www.dvidshub.net/video/892615/cleanup-camp-foster-exchange-after-typhoon-khanun,DVIDS,public_cleared,us_gov_public_domain,Public Domain,,False,
L1-01_L2-01a_0009__scene_001,L1-01,L2-01a,media,https://www.dvidshub.net/video/884751/team-andersen-conducts-recovery-operations-after-typhoon-mawar,DVIDS,public_cleared,us_gov_public_domain,Public Domain,,False,
L1-01_L2-01a_0009__scene_002,L1-01,L2-01a,media,https://www.dvidshub.net/video/884751/team-andersen-conducts-recovery-operations-after-typhoon-mawar,DVIDS,public_cleared,us_gov_public_domain,Public Domain,,False,
L1-01_L2-01a_0009__scene_003,L1-01,L2-01a,media,https://www.dvidshub.net/video/884751/team-andersen-conducts-recovery-operations-after-typhoon-mawar,DVIDS,public_cleared,us_gov_public_domain,Public Domain,,False,
L1-01_L2-01a_0010__scene_002,L1-01,L2-01a,media,https://www.dvidshub.net/video/766610/hurlburt-field-hurricane-sally-damage-assessment,DVIDS,public_cleared,us_gov_public_domain,Public Domain,,False,
L1-01_L2-01a_0010__scene_003,L1-01,L2-01a,media,https://www.dvidshub.net/video/766610/hurlburt-field-hurricane-sally-damage-assessment,DVIDS,public_cleared,us_gov_public_domain,Public Domain,,False,
L1-01_L2-01a_0010__scene_006,L1-01,L2-01a,media,https://www.dvidshub.net/video/766610/hurlburt-field-hurricane-sally-damage-assessment,DVIDS,public_cleared,us_gov_public_domain,Public Domain,,False,
L1-01_L2-01a_0010__scene_011,L1-01,L2-01a,media,https://www.dvidshub.net/video/766610/hurlburt-field-hurricane-sally-damage-assessment,DVIDS,public_cleared,us_gov_public_domain,Public Domain,,False,
L1-01_L2-01a_0010__scene_017,L1-01,L2-01a,media,https://www.dvidshub.net/video/766610/hurlburt-field-hurricane-sally-damage-assessment,DVIDS,public_cleared,us_gov_public_domain,Public Domain,,False,
L1-01_L2-01a_0010__scene_020,L1-01,L2-01a,media,https://www.dvidshub.net/video/766610/hurlburt-field-hurricane-sally-damage-assessment,DVIDS,public_cleared,us_gov_public_domain,Public Domain,,False,
L1-01_L2-01a_0010__scene_022,L1-01,L2-01a,media,https://www.dvidshub.net/video/766610/hurlburt-field-hurricane-sally-damage-assessment,DVIDS,public_cleared,us_gov_public_domain,Public Domain,,False,
L1-01_L2-01a_0010__scene_023,L1-01,L2-01a,media,https://www.dvidshub.net/video/766610/hurlburt-field-hurricane-sally-damage-assessment,DVIDS,public_cleared,us_gov_public_domain,Public Domain,,False,
L1-01_L2-01a_0010__scene_024,L1-01,L2-01a,media,https://www.dvidshub.net/video/766610/hurlburt-field-hurricane-sally-damage-assessment,DVIDS,public_cleared,us_gov_public_domain,Public Domain,,False,
L1-01_L2-01a_0010__scene_029,L1-01,L2-01a,media,https://www.dvidshub.net/video/766610/hurlburt-field-hurricane-sally-damage-assessment,DVIDS,public_cleared,us_gov_public_domain,Public Domain,,False,
L1-01_L2-01a_0010__scene_031,L1-01,L2-01a,media,https://www.dvidshub.net/video/766610/hurlburt-field-hurricane-sally-damage-assessment,DVIDS,public_cleared,us_gov_public_domain,Public Domain,,False,
L1-01_L2-01a_0010__scene_033,L1-01,L2-01a,media,https://www.dvidshub.net/video/766610/hurlburt-field-hurricane-sally-damage-assessment,DVIDS,public_cleared,us_gov_public_domain,Public Domain,,False,
L1-01_L2-01a_0010__scene_038,L1-01,L2-01a,media,https://www.dvidshub.net/video/766610/hurlburt-field-hurricane-sally-damage-assessment,DVIDS,public_cleared,us_gov_public_domain,Public Domain,,False,
L1-01_L2-01a_0010__scene_039,L1-01,L2-01a,media,https://www.dvidshub.net/video/766610/hurlburt-field-hurricane-sally-damage-assessment,DVIDS,public_cleared,us_gov_public_domain,Public Domain,,False,
L1-01_L2-01a_0010__scene_041,L1-01,L2-01a,media,https://www.dvidshub.net/video/766610/hurlburt-field-hurricane-sally-damage-assessment,DVIDS,public_cleared,us_gov_public_domain,Public Domain,,False,
L1-01_L2-01a_0010__scene_045,L1-01,L2-01a,media,https://www.dvidshub.net/video/766610/hurlburt-field-hurricane-sally-damage-assessment,DVIDS,public_cleared,us_gov_public_domain,Public Domain,,False,
L1-01_L2-01a_0010__scene_046,L1-01,L2-01a,media,https://www.dvidshub.net/video/766610/hurlburt-field-hurricane-sally-damage-assessment,DVIDS,public_cleared,us_gov_public_domain,Public Domain,,False,
L1-01_L2-01a_0010__scene_047,L1-01,L2-01a,media,https://www.dvidshub.net/video/766610/hurlburt-field-hurricane-sally-damage-assessment,DVIDS,public_cleared,us_gov_public_domain,Public Domain,,False,
L1-01_L2-01a_0010__scene_049,L1-01,L2-01a,media,https://www.dvidshub.net/video/766610/hurlburt-field-hurricane-sally-damage-assessment,DVIDS,public_cleared,us_gov_public_domain,Public Domain,,False,
L1-01_L2-01a_0012__scene_001,L1-01,L2-01a,media,https://www.dvidshub.net/video/625765/hurricane-florence-damage-mcb-camp-lejeune,DVIDS,public_cleared,us_gov_public_domain,Public Domain,,False,
L1-01_L2-01a_0012__scene_002,L1-01,L2-01a,media,https://www.dvidshub.net/video/625765/hurricane-florence-damage-mcb-camp-lejeune,DVIDS,public_cleared,us_gov_public_domain,Public Domain,,False,
L1-01_L2-01a_0012__scene_003,L1-01,L2-01a,media,https://www.dvidshub.net/video/625765/hurricane-florence-damage-mcb-camp-lejeune,DVIDS,public_cleared,us_gov_public_domain,Public Domain,,False,
L1-01_L2-01a_0012__scene_004,L1-01,L2-01a,media,https://www.dvidshub.net/video/625765/hurricane-florence-damage-mcb-camp-lejeune,DVIDS,public_cleared,us_gov_public_domain,Public Domain,,False,
L1-01_L2-01a_0012__scene_006,L1-01,L2-01a,media,https://www.dvidshub.net/video/625765/hurricane-florence-damage-mcb-camp-lejeune,DVIDS,public_cleared,us_gov_public_domain,Public Domain,,False,
L1-01_L2-01a_0012__scene_007,L1-01,L2-01a,media,https://www.dvidshub.net/video/625765/hurricane-florence-damage-mcb-camp-lejeune,DVIDS,public_cleared,us_gov_public_domain,Public Domain,,False,
L1-01_L2-01a_0012__scene_008,L1-01,L2-01a,media,https://www.dvidshub.net/video/625765/hurricane-florence-damage-mcb-camp-lejeune,DVIDS,public_cleared,us_gov_public_domain,Public Domain,,False,
L1-01_L2-01a_0012__scene_009,L1-01,L2-01a,media,https://www.dvidshub.net/video/625765/hurricane-florence-damage-mcb-camp-lejeune,DVIDS,public_cleared,us_gov_public_domain,Public Domain,,False,
L1-01_L2-01a_0012__scene_011,L1-01,L2-01a,media,https://www.dvidshub.net/video/625765/hurricane-florence-damage-mcb-camp-lejeune,DVIDS,public_cleared,us_gov_public_domain,Public Domain,,False,
L1-01_L2-01a_0012__scene_012,L1-01,L2-01a,media,https://www.dvidshub.net/video/625765/hurricane-florence-damage-mcb-camp-lejeune,DVIDS,public_cleared,us_gov_public_domain,Public Domain,,False,
L1-01_L2-01a_0012__scene_013,L1-01,L2-01a,media,https://www.dvidshub.net/video/625765/hurricane-florence-damage-mcb-camp-lejeune,DVIDS,public_cleared,us_gov_public_domain,Public Domain,,False,
L1-01_L2-01a_0012__scene_015,L1-01,L2-01a,media,https://www.dvidshub.net/video/625765/hurricane-florence-damage-mcb-camp-lejeune,DVIDS,public_cleared,us_gov_public_domain,Public Domain,,False,
L1-01_L2-01a_0015__scene_003,L1-01,L2-01a,media,https://www.dvidshub.net/video/758724/jackson-tornado-1984,DVIDS,public_cleared,us_gov_public_domain,Public Domain,,False,
L1-01_L2-01a_0015__scene_009,L1-01,L2-01a,media,https://www.dvidshub.net/video/758724/jackson-tornado-1984,DVIDS,public_cleared,us_gov_public_domain,Public Domain,,False,
L1-01_L2-01a_0015__scene_010,L1-01,L2-01a,media,https://www.dvidshub.net/video/758724/jackson-tornado-1984,DVIDS,public_cleared,us_gov_public_domain,Public Domain,,False,
L1-01_L2-01b_0003__scene_003,L1-01,L2-01b,media,https://www.dvidshub.net/video/962584/minnesota-national-guard-activated-support-wildfire-fight,DVIDS,public_cleared,us_gov_public_domain,Public Domain,,False,
L1-01_L2-01b_0004__scene_006,L1-01,L2-01b,media,https://www.dvidshub.net/video/961065/nj-national-guard-supports-jones-road-wildfire-response,DVIDS,public_cleared,us_gov_public_domain,Public Domain,,False,
L1-01_L2-01b_0004__scene_007,L1-01,L2-01b,media,https://www.dvidshub.net/video/961065/nj-national-guard-supports-jones-road-wildfire-response,DVIDS,public_cleared,us_gov_public_domain,Public Domain,,False,
L1-01_L2-01b_0005__scene_004,L1-01,L2-01b,media,https://www.dvidshub.net/video/951064/palisades-fire-b-roll,DVIDS,public_cleared,us_gov_public_domain,Public Domain,,False,
L1-01_L2-01b_0005__scene_005,L1-01,L2-01b,media,https://www.dvidshub.net/video/951064/palisades-fire-b-roll,DVIDS,public_cleared,us_gov_public_domain,Public Domain,,False,
L1-01_L2-01b_0005__scene_006,L1-01,L2-01b,media,https://www.dvidshub.net/video/951064/palisades-fire-b-roll,DVIDS,public_cleared,us_gov_public_domain,Public Domain,,False,
L1-01_L2-01b_0005__scene_008,L1-01,L2-01b,media,https://www.dvidshub.net/video/951064/palisades-fire-b-roll,DVIDS,public_cleared,us_gov_public_domain,Public Domain,,False,
L1-01_L2-01b_0005__scene_009,L1-01,L2-01b,media,https://www.dvidshub.net/video/951064/palisades-fire-b-roll,DVIDS,public_cleared,us_gov_public_domain,Public Domain,,False,
L1-01_L2-01b_0005__scene_010,L1-01,L2-01b,media,https://www.dvidshub.net/video/951064/palisades-fire-b-roll,DVIDS,public_cleared,us_gov_public_domain,Public Domain,,False,
L1-01_L2-01b_0005__scene_012,L1-01,L2-01b,media,https://www.dvidshub.net/video/951064/palisades-fire-b-roll,DVIDS,public_cleared,us_gov_public_domain,Public Domain,,False,
L1-01_L2-01b_0005__scene_014,L1-01,L2-01b,media,https://www.dvidshub.net/video/951064/palisades-fire-b-roll,DVIDS,public_cleared,us_gov_public_domain,Public Domain,,False,
L1-01_L2-01b_0005__scene_016,L1-01,L2-01b,media,https://www.dvidshub.net/video/951064/palisades-fire-b-roll,DVIDS,public_cleared,us_gov_public_domain,Public Domain,,False,
L1-01_L2-01b_0005__scene_018,L1-01,L2-01b,media,https://www.dvidshub.net/video/951064/palisades-fire-b-roll,DVIDS,public_cleared,us_gov_public_domain,Public Domain,,False,
L1-01_L2-01b_0005__scene_019,L1-01,L2-01b,media,https://www.dvidshub.net/video/951064/palisades-fire-b-roll,DVIDS,public_cleared,us_gov_public_domain,Public Domain,,False,
L1-01_L2-01b_0005__scene_022,L1-01,L2-01b,media,https://www.dvidshub.net/video/951064/palisades-fire-b-roll,DVIDS,public_cleared,us_gov_public_domain,Public Domain,,False,
L1-01_L2-01b_0005__scene_025,L1-01,L2-01b,media,https://www.dvidshub.net/video/951064/palisades-fire-b-roll,DVIDS,public_cleared,us_gov_public_domain,Public Domain,,False,
L1-01_L2-01b_0005__scene_026,L1-01,L2-01b,media,https://www.dvidshub.net/video/951064/palisades-fire-b-roll,DVIDS,public_cleared,us_gov_public_domain,Public Domain,,False,
L1-01_L2-01b_0005__scene_027,L1-01,L2-01b,media,https://www.dvidshub.net/video/951064/palisades-fire-b-roll,DVIDS,public_cleared,us_gov_public_domain,Public Domain,,False,
L1-01_L2-01b_0005__scene_030,L1-01,L2-01b,media,https://www.dvidshub.net/video/951064/palisades-fire-b-roll,DVIDS,public_cleared,us_gov_public_domain,Public Domain,,False,
L1-01_L2-01b_0005__scene_031,L1-01,L2-01b,media,https://www.dvidshub.net/video/951064/palisades-fire-b-roll,DVIDS,public_cleared,us_gov_public_domain,Public Domain,,False,
L1-01_L2-01b_0005__scene_032,L1-01,L2-01b,media,https://www.dvidshub.net/video/951064/palisades-fire-b-roll,DVIDS,public_cleared,us_gov_public_domain,Public Domain,,False,
L1-01_L2-01b_0005__scene_034,L1-01,L2-01b,media,https://www.dvidshub.net/video/951064/palisades-fire-b-roll,DVIDS,public_cleared,us_gov_public_domain,Public Domain,,False,
L1-01_L2-01b_0005__scene_036,L1-01,L2-01b,media,https://www.dvidshub.net/video/951064/palisades-fire-b-roll,DVIDS,public_cleared,us_gov_public_domain,Public Domain,,False,
L1-01_L2-01b_0006__scene_006,L1-01,L2-01b,media,https://www.dvidshub.net/video/949373/january-2025-maffs-activation,DVIDS,public_cleared,us_gov_public_domain,Public Domain,,False,
L1-01_L2-01b_0007__scene_001,L1-01,L2-01b,media,https://www.dvidshub.net/video/949356/inside-cockpit-california-national-guards-maffs-6-c-130j-supporting-firefighting-efforts-against-palisades-fire,DVIDS,public_cleared,us_gov_public_domain,Public Domain,,False,
L1-01_L2-01b_0007__scene_002,L1-01,L2-01b,media,https://www.dvidshub.net/video/949356/inside-cockpit-california-national-guards-maffs-6-c-130j-supporting-firefighting-efforts-against-palisades-fire,DVIDS,public_cleared,us_gov_public_domain,Public Domain,,False,
L1-01_L2-01b_0007__scene_003,L1-01,L2-01b,media,https://www.dvidshub.net/video/949356/inside-cockpit-california-national-guards-maffs-6-c-130j-supporting-firefighting-efforts-against-palisades-fire,DVIDS,public_cleared,us_gov_public_domain,Public Domain,,False,
L1-01_L2-01b_0009__scene_001,L1-01,L2-01b,media,https://www.dvidshub.net/video/902990/b-roll-hawaii-army-national-guard-provides-aerial-fire-suppression-mililani-wildfire,DVIDS,public_cleared,us_gov_public_domain,Public Domain,,False,
L1-01_L2-01b_0009__scene_002,L1-01,L2-01b,media,https://www.dvidshub.net/video/902990/b-roll-hawaii-army-national-guard-provides-aerial-fire-suppression-mililani-wildfire,DVIDS,public_cleared,us_gov_public_domain,Public Domain,,False,
L1-01_L2-01b_0009__scene_005,L1-01,L2-01b,media,https://www.dvidshub.net/video/902990/b-roll-hawaii-army-national-guard-provides-aerial-fire-suppression-mililani-wildfire,DVIDS,public_cleared,us_gov_public_domain,Public Domain,,False,
L1-01_L2-01b_0009__scene_008,L1-01,L2-01b,media,https://www.dvidshub.net/video/902990/b-roll-hawaii-army-national-guard-provides-aerial-fire-suppression-mililani-wildfire,DVIDS,public_cleared,us_gov_public_domain,Public Domain,,False,
L1-01_L2-01b_0009__scene_012,L1-01,L2-01b,media,https://www.dvidshub.net/video/902990/b-roll-hawaii-army-national-guard-provides-aerial-fire-suppression-mililani-wildfire,DVIDS,public_cleared,us_gov_public_domain,Public Domain,,False,
L1-01_L2-01b_0009__scene_016,L1-01,L2-01b,media,https://www.dvidshub.net/video/902990/b-roll-hawaii-army-national-guard-provides-aerial-fire-suppression-mililani-wildfire,DVIDS,public_cleared,us_gov_public_domain,Public Domain,,False,
L1-01_L2-01b_0010__scene_002,L1-01,L2-01b,media,https://www.dvidshub.net/video/977626/wildfire-and-rain,DVIDS,public_cleared,us_gov_public_domain,Public Domain,,False,
L1-01_L2-01b_0010__scene_003,L1-01,L2-01b,media,https://www.dvidshub.net/video/977626/wildfire-and-rain,DVIDS,public_cleared,us_gov_public_domain,Public Domain,,False,
L1-01_L2-01b_0010__scene_004,L1-01,L2-01b,media,https://www.dvidshub.net/video/977626/wildfire-and-rain,DVIDS,public_cleared,us_gov_public_domain,Public Domain,,False,
L1-01_L2-01b_0010__scene_006,L1-01,L2-01b,media,https://www.dvidshub.net/video/977626/wildfire-and-rain,DVIDS,public_cleared,us_gov_public_domain,Public Domain,,False,
L1-01_L2-01b_0010__scene_010,L1-01,L2-01b,media,https://www.dvidshub.net/video/977626/wildfire-and-rain,DVIDS,public_cleared,us_gov_public_domain,Public Domain,,False,
L1-01_L2-01b_0010__scene_013,L1-01,L2-01b,media,https://www.dvidshub.net/video/977626/wildfire-and-rain,DVIDS,public_cleared,us_gov_public_domain,Public Domain,,False,
L1-01_L2-01b_0010__scene_015,L1-01,L2-01b,media,https://www.dvidshub.net/video/977626/wildfire-and-rain,DVIDS,public_cleared,us_gov_public_domain,Public Domain,,False,
L1-01_L2-01b_0010__scene_016,L1-01,L2-01b,media,https://www.dvidshub.net/video/977626/wildfire-and-rain,DVIDS,public_cleared,us_gov_public_domain,Public Domain,,False,
L1-01_L2-01b_0010__scene_019,L1-01,L2-01b,media,https://www.dvidshub.net/video/977626/wildfire-and-rain,DVIDS,public_cleared,us_gov_public_domain,Public Domain,,False,
L1-01_L2-01b_0010__scene_024,L1-01,L2-01b,media,https://www.dvidshub.net/video/977626/wildfire-and-rain,DVIDS,public_cleared,us_gov_public_domain,Public Domain,,False,
L1-01_L2-01b_0010__scene_025,L1-01,L2-01b,media,https://www.dvidshub.net/video/977626/wildfire-and-rain,DVIDS,public_cleared,us_gov_public_domain,Public Domain,,False,
L1-01_L2-01b_0010__scene_026,L1-01,L2-01b,media,https://www.dvidshub.net/video/977626/wildfire-and-rain,DVIDS,public_cleared,us_gov_public_domain,Public Domain,,False,
L1-01_L2-01b_0011__scene_003,L1-01,L2-01b,media,https://www.dvidshub.net/video/895219/jtf-50-uh-47-conduct-water-drop-operations-maui-wildfire-areas-multiple-agency-respond,DVIDS,public_cleared,us_gov_public_domain,Public Domain,,False,
L1-01_L2-01b_0012__scene_001,L1-01,L2-01b,media,https://www.dvidshub.net/video/893990/b-roll-cjtf-50-command-visits-wildfire-devastation,DVIDS,public_cleared,us_gov_public_domain,Public Domain,,False,
L1-01_L2-01b_0012__scene_002,L1-01,L2-01b,media,https://www.dvidshub.net/video/893990/b-roll-cjtf-50-command-visits-wildfire-devastation,DVIDS,public_cleared,us_gov_public_domain,Public Domain,,False,
L1-01_L2-01b_0012__scene_003,L1-01,L2-01b,media,https://www.dvidshub.net/video/893990/b-roll-cjtf-50-command-visits-wildfire-devastation,DVIDS,public_cleared,us_gov_public_domain,Public Domain,,False,
L1-01_L2-01b_0012__scene_004,L1-01,L2-01b,media,https://www.dvidshub.net/video/893990/b-roll-cjtf-50-command-visits-wildfire-devastation,DVIDS,public_cleared,us_gov_public_domain,Public Domain,,False,
L1-01_L2-01b_0012__scene_006,L1-01,L2-01b,media,https://www.dvidshub.net/video/893990/b-roll-cjtf-50-command-visits-wildfire-devastation,DVIDS,public_cleared,us_gov_public_domain,Public Domain,,False,
L1-01_L2-01b_0012__scene_007,L1-01,L2-01b,media,https://www.dvidshub.net/video/893990/b-roll-cjtf-50-command-visits-wildfire-devastation,DVIDS,public_cleared,us_gov_public_domain,Public Domain,,False,
L1-01_L2-01b_0012__scene_008,L1-01,L2-01b,media,https://www.dvidshub.net/video/893990/b-roll-cjtf-50-command-visits-wildfire-devastation,DVIDS,public_cleared,us_gov_public_domain,Public Domain,,False,
L1-01_L2-01b_0012__scene_009,L1-01,L2-01b,media,https://www.dvidshub.net/video/893990/b-roll-cjtf-50-command-visits-wildfire-devastation,DVIDS,public_cleared,us_gov_public_domain,Public Domain,,False,
L1-01_L2-01b_0012__scene_010,L1-01,L2-01b,media,https://www.dvidshub.net/video/893990/b-roll-cjtf-50-command-visits-wildfire-devastation,DVIDS,public_cleared,us_gov_public_domain,Public Domain,,False,
L1-01_L2-01b_0012__scene_013,L1-01,L2-01b,media,https://www.dvidshub.net/video/893990/b-roll-cjtf-50-command-visits-wildfire-devastation,DVIDS,public_cleared,us_gov_public_domain,Public Domain,,False,
L1-01_L2-01b_0013__scene_002,L1-01,L2-01b,media,https://www.dvidshub.net/video/893262/hawaii-army-national-guard-provides-water-bucket-support-wildfires-maui,DVIDS,public_cleared,us_gov_public_domain,Public Domain,,False,
L1-01_L2-01b_0013__scene_006,L1-01,L2-01b,media,https://www.dvidshub.net/video/893262/hawaii-army-national-guard-provides-water-bucket-support-wildfires-maui,DVIDS,public_cleared,us_gov_public_domain,Public Domain,,False,
L1-01_L2-01b_0013__scene_008,L1-01,L2-01b,media,https://www.dvidshub.net/video/893262/hawaii-army-national-guard-provides-water-bucket-support-wildfires-maui,DVIDS,public_cleared,us_gov_public_domain,Public Domain,,False,
L1-01_L2-01b_0014__scene_003,L1-01,L2-01b,media,https://www.dvidshub.net/video/838399/joint-base-san-antonio-camp-bullis-fire-april-10-2022-b-roll-ii,DVIDS,public_cleared,us_gov_public_domain,Public Domain,,False,
L1-01_L2-01b_0014__scene_005,L1-01,L2-01b,media,https://www.dvidshub.net/video/838399/joint-base-san-antonio-camp-bullis-fire-april-10-2022-b-roll-ii,DVIDS,public_cleared,us_gov_public_domain,Public Domain,,False,
L1-01_L2-01b_0014__scene_008,L1-01,L2-01b,media,https://www.dvidshub.net/video/838399/joint-base-san-antonio-camp-bullis-fire-april-10-2022-b-roll-ii,DVIDS,public_cleared,us_gov_public_domain,Public Domain,,False,
L1-01_L2-01b_0014__scene_009,L1-01,L2-01b,media,https://www.dvidshub.net/video/838399/joint-base-san-antonio-camp-bullis-fire-april-10-2022-b-roll-ii,DVIDS,public_cleared,us_gov_public_domain,Public Domain,,False,
L1-01_L2-01b_0014__scene_010,L1-01,L2-01b,media,https://www.dvidshub.net/video/838399/joint-base-san-antonio-camp-bullis-fire-april-10-2022-b-roll-ii,DVIDS,public_cleared,us_gov_public_domain,Public Domain,,False,
L1-01_L2-01b_0014__scene_012,L1-01,L2-01b,media,https://www.dvidshub.net/video/838399/joint-base-san-antonio-camp-bullis-fire-april-10-2022-b-roll-ii,DVIDS,public_cleared,us_gov_public_domain,Public Domain,,False,
L1-01_L2-01b_0014__scene_013,L1-01,L2-01b,media,https://www.dvidshub.net/video/838399/joint-base-san-antonio-camp-bullis-fire-april-10-2022-b-roll-ii,DVIDS,public_cleared,us_gov_public_domain,Public Domain,,False,
L1-01_L2-01b_0015__scene_001,L1-01,L2-01b,media,https://www.dvidshub.net/video/977598/telegraph-fire-mescal-fire-merge,DVIDS,public_cleared,us_gov_public_domain,Public Domain,,False,
L1-01_L2-01c_0017__scene_014,L1-01,L2-01c,media,https://www.usgs.gov/media/videos/padang-indonesia-earthquake-2009,USGS,public_cleared,us_gov_public_domain,Public domain,https://www.usgs.gov/information-policies-and-instructions/copyrights-and-credits,True,Source credit recommended: U.S. Geological Survey
L1-01_L2-01c_0017__scene_018,L1-01,L2-01c,media,https://www.usgs.gov/media/videos/padang-indonesia-earthquake-2009,USGS,public_cleared,us_gov_public_domain,Public domain,https://www.usgs.gov/information-policies-and-instructions/copyrights-and-credits,True,Source credit recommended: U.S. Geological Survey
L1-01_L2-01c_0017__scene_022,L1-01,L2-01c,media,https://www.usgs.gov/media/videos/padang-indonesia-earthquake-2009,USGS,public_cleared,us_gov_public_domain,Public domain,https://www.usgs.gov/information-policies-and-instructions/copyrights-and-credits,True,Source credit recommended: U.S. Geological Survey
L1-01_L2-01c_0017__scene_030,L1-01,L2-01c,media,https://www.usgs.gov/media/videos/padang-indonesia-earthquake-2009,USGS,public_cleared,us_gov_public_domain,Public domain,https://www.usgs.gov/information-policies-and-instructions/copyrights-and-credits,True,Source credit recommended: U.S. Geological Survey
L1-01_L2-01c_0017__scene_031,L1-01,L2-01c,media,https://www.usgs.gov/media/videos/padang-indonesia-earthquake-2009,USGS,public_cleared,us_gov_public_domain,Public domain,https://www.usgs.gov/information-policies-and-instructions/copyrights-and-credits,True,Source credit recommended: U.S. Geological Survey
L1-01_L2-01c_0018__scene_022,L1-01,L2-01c,media,https://www.dvidshub.net/video/109591/misawa-earthquake-aftermath,DVIDS,public_cleared,us_gov_public_domain,PUBLIC DOMAIN,https://www.dvidshub.net/about/copyright,True,Source credit recommended: DVIDS / Defense Media Activity - Proper
L1-01_L2-01c_0019__scene_013,L1-01,L2-01c,media,https://www.dvidshub.net/video/664567/operation-tomodachi,DVIDS,public_cleared,us_gov_public_domain,PUBLIC DOMAIN,https://www.dvidshub.net/about/copyright,True,Source credit recommended: DVIDS / 374th Airlift Wing
L1-01_L2-01c_0020__scene_002,L1-01,L2-01c,media,https://www.dvidshub.net/video/77583/sounds-puerto-rico-blackhawks-haiti,DVIDS,public_cleared,us_gov_public_domain,PUBLIC DOMAIN,https://www.dvidshub.net/about/copyright,True,Source credit recommended: DVIDS / Defense Media Activity - Army Productions
L1-01_L2-01c_0021__scene_001,L1-01,L2-01c,media,https://www.dvidshub.net/video/735133/ohio-airmen-respond-puerto-rico-earthquake,DVIDS,public_cleared,us_gov_public_domain,PUBLIC DOMAIN,https://www.dvidshub.net/about/copyright,True,Source credit recommended: DVIDS / 178th Wing
L1-01_L2-01c_0022__scene_002,L1-01,L2-01c,media,https://www.usgs.gov/media/videos/1964-quake-great-alaska-earthquake,USGS,public_cleared,us_gov_public_domain,Public domain,https://www.usgs.gov/information-policies-and-instructions/copyrights-and-credits,True,Source credit recommended: U.S. Geological Survey
L1-01_L2-01c_0022__scene_016,L1-01,L2-01c,media,https://www.usgs.gov/media/videos/1964-quake-great-alaska-earthquake,USGS,public_cleared,us_gov_public_domain,Public domain,https://www.usgs.gov/information-policies-and-instructions/copyrights-and-credits,True,Source credit recommended: U.S. Geological Survey
L1-01_L2-01c_0022__scene_025,L1-01,L2-01c,media,https://www.usgs.gov/media/videos/1964-quake-great-alaska-earthquake,USGS,public_cleared,us_gov_public_domain,Public domain,https://www.usgs.gov/information-policies-and-instructions/copyrights-and-credits,True,Source credit recommended: U.S. Geological Survey
L1-01_L2-01c_0022__scene_038,L1-01,L2-01c,media,https://www.usgs.gov/media/videos/1964-quake-great-alaska-earthquake,USGS,public_cleared,us_gov_public_domain,Public domain,https://www.usgs.gov/information-policies-and-instructions/copyrights-and-credits,True,Source credit recommended: U.S. Geological Survey
L1-01_L2-01c_0022__scene_045,L1-01,L2-01c,media,https://www.usgs.gov/media/videos/1964-quake-great-alaska-earthquake,USGS,public_cleared,us_gov_public_domain,Public domain,https://www.usgs.gov/information-policies-and-instructions/copyrights-and-credits,True,Source credit recommended: U.S. Geological Survey
L1-01_L2-01c_0022__scene_046,L1-01,L2-01c,media,https://www.usgs.gov/media/videos/1964-quake-great-alaska-earthquake,USGS,public_cleared,us_gov_public_domain,Public domain,https://www.usgs.gov/information-policies-and-instructions/copyrights-and-credits,True,Source credit recommended: U.S. Geological Survey
L1-01_L2-01c_0022__scene_047,L1-01,L2-01c,media,https://www.usgs.gov/media/videos/1964-quake-great-alaska-earthquake,USGS,public_cleared,us_gov_public_domain,Public domain,https://www.usgs.gov/information-policies-and-instructions/copyrights-and-credits,True,Source credit recommended: U.S. Geological Survey
L1-01_L2-01c_0023__scene_009,L1-01,L2-01c,media,https://www.usgs.gov/media/videos/magnitude-92-1964-great-alaska-earthquake,USGS,public_cleared,us_gov_public_domain,Public domain,https://www.usgs.gov/information-policies-and-instructions/copyrights-and-credits,True,Source credit recommended: U.S. Geological Survey
L1-01_L2-01d_0002__scene_002,L1-01,L2-01d,media,https://www.dvidshub.net/video/971092/texas-guard-and-czech-firefighters-conduct-joint-search-with-indiana-task-force-sisterdale-texas,DVIDS,public_cleared,us_gov_public_domain,Public Domain,,False,
L1-01_L2-01d_0002__scene_005,L1-01,L2-01d,media,https://www.dvidshub.net/video/971092/texas-guard-and-czech-firefighters-conduct-joint-search-with-indiana-task-force-sisterdale-texas,DVIDS,public_cleared,us_gov_public_domain,Public Domain,,False,
L1-01_L2-01d_0003__scene_005,L1-01,L2-01d,media,https://www.dvidshub.net/video/971052/texas-guard-engineers-drone-teams-and-czech-firefighters-search-flood-affected-terrain-near-kerrville-tx,DVIDS,public_cleared,us_gov_public_domain,Public Domain,,False,
L1-01_L2-01d_0003__scene_008,L1-01,L2-01d,media,https://www.dvidshub.net/video/971052/texas-guard-engineers-drone-teams-and-czech-firefighters-search-flood-affected-terrain-near-kerrville-tx,DVIDS,public_cleared,us_gov_public_domain,Public Domain,,False,
L1-01_L2-01d_0003__scene_009,L1-01,L2-01d,media,https://www.dvidshub.net/video/971052/texas-guard-engineers-drone-teams-and-czech-firefighters-search-flood-affected-terrain-near-kerrville-tx,DVIDS,public_cleared,us_gov_public_domain,Public Domain,,False,
L1-01_L2-01d_0003__scene_010,L1-01,L2-01d,media,https://www.dvidshub.net/video/971052/texas-guard-engineers-drone-teams-and-czech-firefighters-search-flood-affected-terrain-near-kerrville-tx,DVIDS,public_cleared,us_gov_public_domain,Public Domain,,False,
L1-01_L2-01d_0003__scene_014,L1-01,L2-01d,media,https://www.dvidshub.net/video/971052/texas-guard-engineers-drone-teams-and-czech-firefighters-search-flood-affected-terrain-near-kerrville-tx,DVIDS,public_cleared,us_gov_public_domain,Public Domain,,False,
L1-01_L2-01d_0003__scene_016,L1-01,L2-01d,media,https://www.dvidshub.net/video/971052/texas-guard-engineers-drone-teams-and-czech-firefighters-search-flood-affected-terrain-near-kerrville-tx,DVIDS,public_cleared,us_gov_public_domain,Public Domain,,False,
L1-01_L2-01d_0003__scene_017,L1-01,L2-01d,media,https://www.dvidshub.net/video/971052/texas-guard-engineers-drone-teams-and-czech-firefighters-search-flood-affected-terrain-near-kerrville-tx,DVIDS,public_cleared,us_gov_public_domain,Public Domain,,False,
L1-01_L2-01d_0003__scene_018,L1-01,L2-01d,media,https://www.dvidshub.net/video/971052/texas-guard-engineers-drone-teams-and-czech-firefighters-search-flood-affected-terrain-near-kerrville-tx,DVIDS,public_cleared,us_gov_public_domain,Public Domain,,False,
L1-01_L2-01d_0003__scene_022,L1-01,L2-01d,media,https://www.dvidshub.net/video/971052/texas-guard-engineers-drone-teams-and-czech-firefighters-search-flood-affected-terrain-near-kerrville-tx,DVIDS,public_cleared,us_gov_public_domain,Public Domain,,False,
L1-01_L2-01d_0003__scene_023,L1-01,L2-01d,media,https://www.dvidshub.net/video/971052/texas-guard-engineers-drone-teams-and-czech-firefighters-search-flood-affected-terrain-near-kerrville-tx,DVIDS,public_cleared,us_gov_public_domain,Public Domain,,False,
L1-01_L2-01d_0003__scene_025,L1-01,L2-01d,media,https://www.dvidshub.net/video/971052/texas-guard-engineers-drone-teams-and-czech-firefighters-search-flood-affected-terrain-near-kerrville-tx,DVIDS,public_cleared,us_gov_public_domain,Public Domain,,False,
L1-01_L2-01d_0004__scene_001,L1-01,L2-01d,media,https://www.dvidshub.net/video/971051/texas-guard-czech-firefighters-civilian-responders-conduct-joint-search-operations-near-kerrville-tx,DVIDS,public_cleared,us_gov_public_domain,Public Domain,,False,
L1-01_L2-01d_0004__scene_002,L1-01,L2-01d,media,https://www.dvidshub.net/video/971051/texas-guard-czech-firefighters-civilian-responders-conduct-joint-search-operations-near-kerrville-tx,DVIDS,public_cleared,us_gov_public_domain,Public Domain,,False,
L1-01_L2-01d_0004__scene_003,L1-01,L2-01d,media,https://www.dvidshub.net/video/971051/texas-guard-czech-firefighters-civilian-responders-conduct-joint-search-operations-near-kerrville-tx,DVIDS,public_cleared,us_gov_public_domain,Public Domain,,False,
L1-01_L2-01d_0004__scene_005,L1-01,L2-01d,media,https://www.dvidshub.net/video/971051/texas-guard-czech-firefighters-civilian-responders-conduct-joint-search-operations-near-kerrville-tx,DVIDS,public_cleared,us_gov_public_domain,Public Domain,,False,
L1-01_L2-01d_0004__scene_008,L1-01,L2-01d,media,https://www.dvidshub.net/video/971051/texas-guard-czech-firefighters-civilian-responders-conduct-joint-search-operations-near-kerrville-tx,DVIDS,public_cleared,us_gov_public_domain,Public Domain,,False,
L1-01_L2-01d_0004__scene_011,L1-01,L2-01d,media,https://www.dvidshub.net/video/971051/texas-guard-czech-firefighters-civilian-responders-conduct-joint-search-operations-near-kerrville-tx,DVIDS,public_cleared,us_gov_public_domain,Public Domain,,False,
L1-01_L2-01d_0004__scene_012,L1-01,L2-01d,media,https://www.dvidshub.net/video/971051/texas-guard-czech-firefighters-civilian-responders-conduct-joint-search-operations-near-kerrville-tx,DVIDS,public_cleared,us_gov_public_domain,Public Domain,,False,
L1-01_L2-01d_0004__scene_015,L1-01,L2-01d,media,https://www.dvidshub.net/video/971051/texas-guard-czech-firefighters-civilian-responders-conduct-joint-search-operations-near-kerrville-tx,DVIDS,public_cleared,us_gov_public_domain,Public Domain,,False,
L1-01_L2-01d_0004__scene_018,L1-01,L2-01d,media,https://www.dvidshub.net/video/971051/texas-guard-czech-firefighters-civilian-responders-conduct-joint-search-operations-near-kerrville-tx,DVIDS,public_cleared,us_gov_public_domain,Public Domain,,False,
L1-01_L2-01d_0004__scene_020,L1-01,L2-01d,media,https://www.dvidshub.net/video/971051/texas-guard-czech-firefighters-civilian-responders-conduct-joint-search-operations-near-kerrville-tx,DVIDS,public_cleared,us_gov_public_domain,Public Domain,,False,
L1-01_L2-01d_0006__scene_004,L1-01,L2-01d,media,https://www.dvidshub.net/video/970125/coast-guard-aircrew-conducts-overflight-flooded-areas-texas-hill-country,DVIDS,public_cleared,us_gov_public_domain,Public Domain,,False,
L1-01_L2-01d_0006__scene_009,L1-01,L2-01d,media,https://www.dvidshub.net/video/970125/coast-guard-aircrew-conducts-overflight-flooded-areas-texas-hill-country,DVIDS,public_cleared,us_gov_public_domain,Public Domain,,False,
L1-01_L2-01d_0008__scene_002,L1-01,L2-01d,media,https://www.dvidshub.net/video/944596/usace-removes-debris-lake-lure-north-carolina,DVIDS,public_cleared,us_gov_public_domain,Public Domain,,False,
L1-01_L2-01d_0008__scene_004,L1-01,L2-01d,media,https://www.dvidshub.net/video/944596/usace-removes-debris-lake-lure-north-carolina,DVIDS,public_cleared,us_gov_public_domain,Public Domain,,False,
L1-01_L2-01d_0008__scene_005,L1-01,L2-01d,media,https://www.dvidshub.net/video/944596/usace-removes-debris-lake-lure-north-carolina,DVIDS,public_cleared,us_gov_public_domain,Public Domain,,False,
L1-01_L2-01d_0008__scene_008,L1-01,L2-01d,media,https://www.dvidshub.net/video/944596/usace-removes-debris-lake-lure-north-carolina,DVIDS,public_cleared,us_gov_public_domain,Public Domain,,False,
L1-01_L2-01d_0008__scene_009,L1-01,L2-01d,media,https://www.dvidshub.net/video/944596/usace-removes-debris-lake-lure-north-carolina,DVIDS,public_cleared,us_gov_public_domain,Public Domain,,False,
L1-01_L2-01d_0008__scene_011,L1-01,L2-01d,media,https://www.dvidshub.net/video/944596/usace-removes-debris-lake-lure-north-carolina,DVIDS,public_cleared,us_gov_public_domain,Public Domain,,False,
L1-01_L2-01d_0008__scene_012,L1-01,L2-01d,media,https://www.dvidshub.net/video/944596/usace-removes-debris-lake-lure-north-carolina,DVIDS,public_cleared,us_gov_public_domain,Public Domain,,False,
L1-01_L2-01d_0008__scene_013,L1-01,L2-01d,media,https://www.dvidshub.net/video/944596/usace-removes-debris-lake-lure-north-carolina,DVIDS,public_cleared,us_gov_public_domain,Public Domain,,False,
L1-01_L2-01d_0008__scene_015,L1-01,L2-01d,media,https://www.dvidshub.net/video/944596/usace-removes-debris-lake-lure-north-carolina,DVIDS,public_cleared,us_gov_public_domain,Public Domain,,False,
L1-01_L2-01d_0009__scene_004,L1-01,L2-01d,media,https://www.dvidshub.net/video/941490/hurricane-helene-causes-flood-damage-western-north-carolina,DVIDS,public_cleared,us_gov_public_domain,Public Domain,,False,
L1-01_L2-01d_0009__scene_005,L1-01,L2-01d,media,https://www.dvidshub.net/video/941490/hurricane-helene-causes-flood-damage-western-north-carolina,DVIDS,public_cleared,us_gov_public_domain,Public Domain,,False,
L1-01_L2-01d_0009__scene_006,L1-01,L2-01d,media,https://www.dvidshub.net/video/941490/hurricane-helene-causes-flood-damage-western-north-carolina,DVIDS,public_cleared,us_gov_public_domain,Public Domain,,False,
L1-01_L2-01d_0009__scene_007,L1-01,L2-01d,media,https://www.dvidshub.net/video/941490/hurricane-helene-causes-flood-damage-western-north-carolina,DVIDS,public_cleared,us_gov_public_domain,Public Domain,,False,
L1-01_L2-01d_0009__scene_008,L1-01,L2-01d,media,https://www.dvidshub.net/video/941490/hurricane-helene-causes-flood-damage-western-north-carolina,DVIDS,public_cleared,us_gov_public_domain,Public Domain,,False,
L1-01_L2-01d_0009__scene_009,L1-01,L2-01d,media,https://www.dvidshub.net/video/941490/hurricane-helene-causes-flood-damage-western-north-carolina,DVIDS,public_cleared,us_gov_public_domain,Public Domain,,False,
L1-01_L2-01d_0009__scene_011,L1-01,L2-01d,media,https://www.dvidshub.net/video/941490/hurricane-helene-causes-flood-damage-western-north-carolina,DVIDS,public_cleared,us_gov_public_domain,Public Domain,,False,
L1-01_L2-01d_0010__scene_005,L1-01,L2-01d,media,https://www.dvidshub.net/video/940064/hurricane-helene-leaves-ashville-ruins,DVIDS,public_cleared,us_gov_public_domain,Public Domain,,False,
L1-01_L2-01d_0010__scene_006,L1-01,L2-01d,media,https://www.dvidshub.net/video/940064/hurricane-helene-leaves-ashville-ruins,DVIDS,public_cleared,us_gov_public_domain,Public Domain,,False,
L1-01_L2-01d_0010__scene_007,L1-01,L2-01d,media,https://www.dvidshub.net/video/940064/hurricane-helene-leaves-ashville-ruins,DVIDS,public_cleared,us_gov_public_domain,Public Domain,,False,
L1-01_L2-01d_0010__scene_013,L1-01,L2-01d,media,https://www.dvidshub.net/video/940064/hurricane-helene-leaves-ashville-ruins,DVIDS,public_cleared,us_gov_public_domain,Public Domain,,False,
L1-01_L2-01d_0011__scene_001,L1-01,L2-01d,media,https://www.dvidshub.net/video/939088/hurricane-helene-flood-damage,DVIDS,public_cleared,us_gov_public_domain,Public Domain,,False,
L1-01_L2-01d_0011__scene_005,L1-01,L2-01d,media,https://www.dvidshub.net/video/939088/hurricane-helene-flood-damage,DVIDS,public_cleared,us_gov_public_domain,Public Domain,,False,
L1-01_L2-01d_0016__scene_003,L1-01,L2-01d,media,https://www.dvidshub.net/video/506476/camp-pendleton-flood-areas,DVIDS,public_cleared,us_gov_public_domain,PUBLIC DOMAIN,https://www.dvidshub.net/about/copyright,True,Source credit recommended: DVIDS / Marine Corps Base Camp Pendleton
L1-01_L2-01d_0016__scene_004,L1-01,L2-01d,media,https://www.dvidshub.net/video/506476/camp-pendleton-flood-areas,DVIDS,public_cleared,us_gov_public_domain,PUBLIC DOMAIN,https://www.dvidshub.net/about/copyright,True,Source credit recommended: DVIDS / Marine Corps Base Camp Pendleton
L1-01_L2-01d_0016__scene_005,L1-01,L2-01d,media,https://www.dvidshub.net/video/506476/camp-pendleton-flood-areas,DVIDS,public_cleared,us_gov_public_domain,PUBLIC DOMAIN,https://www.dvidshub.net/about/copyright,True,Source credit recommended: DVIDS / Marine Corps Base Camp Pendleton
L1-01_L2-01d_0016__scene_006,L1-01,L2-01d,media,https://www.dvidshub.net/video/506476/camp-pendleton-flood-areas,DVIDS,public_cleared,us_gov_public_domain,PUBLIC DOMAIN,https://www.dvidshub.net/about/copyright,True,Source credit recommended: DVIDS / Marine Corps Base Camp Pendleton
L1-01_L2-01d_0016__scene_007,L1-01,L2-01d,media,https://www.dvidshub.net/video/506476/camp-pendleton-flood-areas,DVIDS,public_cleared,us_gov_public_domain,PUBLIC DOMAIN,https://www.dvidshub.net/about/copyright,True,Source credit recommended: DVIDS / Marine Corps Base Camp Pendleton
L1-01_L2-01d_0016__scene_008,L1-01,L2-01d,media,https://www.dvidshub.net/video/506476/camp-pendleton-flood-areas,DVIDS,public_cleared,us_gov_public_domain,PUBLIC DOMAIN,https://www.dvidshub.net/about/copyright,True,Source credit recommended: DVIDS / Marine Corps Base Camp Pendleton
L1-01_L2-01d_0016__scene_009,L1-01,L2-01d,media,https://www.dvidshub.net/video/506476/camp-pendleton-flood-areas,DVIDS,public_cleared,us_gov_public_domain,PUBLIC DOMAIN,https://www.dvidshub.net/about/copyright,True,Source credit recommended: DVIDS / Marine Corps Base Camp Pendleton
L1-01_L2-01d_0016__scene_010,L1-01,L2-01d,media,https://www.dvidshub.net/video/506476/camp-pendleton-flood-areas,DVIDS,public_cleared,us_gov_public_domain,PUBLIC DOMAIN,https://www.dvidshub.net/about/copyright,True,Source credit recommended: DVIDS / Marine Corps Base Camp Pendleton
L1-01_L2-01d_0016__scene_011,L1-01,L2-01d,media,https://www.dvidshub.net/video/506476/camp-pendleton-flood-areas,DVIDS,public_cleared,us_gov_public_domain,PUBLIC DOMAIN,https://www.dvidshub.net/about/copyright,True,Source credit recommended: DVIDS / Marine Corps Base Camp Pendleton
L1-01_L2-01d_0016__scene_012,L1-01,L2-01d,media,https://www.dvidshub.net/video/506476/camp-pendleton-flood-areas,DVIDS,public_cleared,us_gov_public_domain,PUBLIC DOMAIN,https://www.dvidshub.net/about/copyright,True,Source credit recommended: DVIDS / Marine Corps Base Camp Pendleton
L1-01_L2-01d_0017__scene_001,L1-01,L2-01d,media,https://www.dvidshub.net/video/506501/camp-pendleton-flood-areas-aerial-view,DVIDS,public_cleared,us_gov_public_domain,PUBLIC DOMAIN,https://www.dvidshub.net/about/copyright,True,Source credit recommended: DVIDS / Marine Corps Base Camp Pendleton
L1-01_L2-01d_0017__scene_002,L1-01,L2-01d,media,https://www.dvidshub.net/video/506501/camp-pendleton-flood-areas-aerial-view,DVIDS,public_cleared,us_gov_public_domain,PUBLIC DOMAIN,https://www.dvidshub.net/about/copyright,True,Source credit recommended: DVIDS / Marine Corps Base Camp Pendleton
L1-01_L2-01d_0017__scene_003,L1-01,L2-01d,media,https://www.dvidshub.net/video/506501/camp-pendleton-flood-areas-aerial-view,DVIDS,public_cleared,us_gov_public_domain,PUBLIC DOMAIN,https://www.dvidshub.net/about/copyright,True,Source credit recommended: DVIDS / Marine Corps Base Camp Pendleton
L1-01_L2-01d_0017__scene_004,L1-01,L2-01d,media,https://www.dvidshub.net/video/506501/camp-pendleton-flood-areas-aerial-view,DVIDS,public_cleared,us_gov_public_domain,PUBLIC DOMAIN,https://www.dvidshub.net/about/copyright,True,Source credit recommended: DVIDS / Marine Corps Base Camp Pendleton
L1-01_L2-01d_0019__scene_001,L1-01,L2-01d,media,https://www.dvidshub.net/video/627009/flooding-near-nichols-sc,DVIDS,public_cleared,us_gov_public_domain,PUBLIC DOMAIN,https://www.dvidshub.net/about/copyright,True,Source credit recommended: DVIDS / Joint Force Headquarters - Pennsylvania National Guard
L1-01_L2-01d_0019__scene_002,L1-01,L2-01d,media,https://www.dvidshub.net/video/627009/flooding-near-nichols-sc,DVIDS,public_cleared,us_gov_public_domain,PUBLIC DOMAIN,https://www.dvidshub.net/about/copyright,True,Source credit recommended: DVIDS / Joint Force Headquarters - Pennsylvania National Guard
L1-01_L2-01d_0019__scene_003,L1-01,L2-01d,media,https://www.dvidshub.net/video/627009/flooding-near-nichols-sc,DVIDS,public_cleared,us_gov_public_domain,PUBLIC DOMAIN,https://www.dvidshub.net/about/copyright,True,Source credit recommended: DVIDS / Joint Force Headquarters - Pennsylvania National Guard
L1-01_L2-01d_0019__scene_004,L1-01,L2-01d,media,https://www.dvidshub.net/video/627009/flooding-near-nichols-sc,DVIDS,public_cleared,us_gov_public_domain,PUBLIC DOMAIN,https://www.dvidshub.net/about/copyright,True,Source credit recommended: DVIDS / Joint Force Headquarters - Pennsylvania National Guard
L1-01_L2-01d_0019__scene_008,L1-01,L2-01d,media,https://www.dvidshub.net/video/627009/flooding-near-nichols-sc,DVIDS,public_cleared,us_gov_public_domain,PUBLIC DOMAIN,https://www.dvidshub.net/about/copyright,True,Source credit recommended: DVIDS / Joint Force Headquarters - Pennsylvania National Guard
L1-01_L2-01d_0019__scene_009,L1-01,L2-01d,media,https://www.dvidshub.net/video/627009/flooding-near-nichols-sc,DVIDS,public_cleared,us_gov_public_domain,PUBLIC DOMAIN,https://www.dvidshub.net/about/copyright,True,Source credit recommended: DVIDS / Joint Force Headquarters - Pennsylvania National Guard
L1-01_L2-01d_0019__scene_010,L1-01,L2-01d,media,https://www.dvidshub.net/video/627009/flooding-near-nichols-sc,DVIDS,public_cleared,us_gov_public_domain,PUBLIC DOMAIN,https://www.dvidshub.net/about/copyright,True,Source credit recommended: DVIDS / Joint Force Headquarters - Pennsylvania National Guard
L1-01_L2-01d_0019__scene_012,L1-01,L2-01d,media,https://www.dvidshub.net/video/627009/flooding-near-nichols-sc,DVIDS,public_cleared,us_gov_public_domain,PUBLIC DOMAIN,https://www.dvidshub.net/about/copyright,True,Source credit recommended: DVIDS / Joint Force Headquarters - Pennsylvania National Guard
L1-01_L2-01d_0019__scene_015,L1-01,L2-01d,media,https://www.dvidshub.net/video/627009/flooding-near-nichols-sc,DVIDS,public_cleared,us_gov_public_domain,PUBLIC DOMAIN,https://www.dvidshub.net/about/copyright,True,Source credit recommended: DVIDS / Joint Force Headquarters - Pennsylvania National Guard
L1-02_L2-02a_0001__scene_004,L1-02,L2-02a,media,https://www.dvidshub.net/video/622459/revitalizing-commerce-mosul,DVIDS,public_cleared,us_gov_public_domain,Public Domain,,False,
L1-02_L2-02a_0001__scene_011,L1-02,L2-02a,media,https://www.dvidshub.net/video/622459/revitalizing-commerce-mosul,DVIDS,public_cleared,us_gov_public_domain,Public Domain,,False,
L1-02_L2-02a_0001__scene_013,L1-02,L2-02a,media,https://www.dvidshub.net/video/622459/revitalizing-commerce-mosul,DVIDS,public_cleared,us_gov_public_domain,Public Domain,,False,
L1-02_L2-02a_0002__scene_002,L1-02,L2-02a,media,https://www.dvidshub.net/video/526125/82nd-airborne-paratroopers-follow-iraqi-security-forces-through-liberated-mosul-streets,DVIDS,public_cleared,us_gov_public_domain,Public Domain,,False,
L1-02_L2-02a_0002__scene_007,L1-02,L2-02a,media,https://www.dvidshub.net/video/526125/82nd-airborne-paratroopers-follow-iraqi-security-forces-through-liberated-mosul-streets,DVIDS,public_cleared,us_gov_public_domain,Public Domain,,False,
L1-02_L2-02a_0002__scene_010,L1-02,L2-02a,media,https://www.dvidshub.net/video/526125/82nd-airborne-paratroopers-follow-iraqi-security-forces-through-liberated-mosul-streets,DVIDS,public_cleared,us_gov_public_domain,Public Domain,,False,
L1-02_L2-02a_0002__scene_011,L1-02,L2-02a,media,https://www.dvidshub.net/video/526125/82nd-airborne-paratroopers-follow-iraqi-security-forces-through-liberated-mosul-streets,DVIDS,public_cleared,us_gov_public_domain,Public Domain,,False,
L1-02_L2-02a_0003__scene_003,L1-02,L2-02a,media,https://www.dvidshub.net/video/520438/march-29th-west-mosul-iraq,DVIDS,public_cleared,us_gov_public_domain,Public Domain,,False,
L1-02_L2-02a_0004__scene_002,L1-02,L2-02a,media,https://www.dvidshub.net/video/32368/insurgents-haifa-street,DVIDS,public_cleared,us_gov_public_domain,Public Domain,,False,
L1-02_L2-02a_0004__scene_003,L1-02,L2-02a,media,https://www.dvidshub.net/video/32368/insurgents-haifa-street,DVIDS,public_cleared,us_gov_public_domain,Public Domain,,False,
L1-02_L2-02a_0004__scene_004,L1-02,L2-02a,media,https://www.dvidshub.net/video/32368/insurgents-haifa-street,DVIDS,public_cleared,us_gov_public_domain,Public Domain,,False,
L1-02_L2-02a_0004__scene_008,L1-02,L2-02a,media,https://www.dvidshub.net/video/32368/insurgents-haifa-street,DVIDS,public_cleared,us_gov_public_domain,Public Domain,,False,
L1-02_L2-02a_0004__scene_010,L1-02,L2-02a,media,https://www.dvidshub.net/video/32368/insurgents-haifa-street,DVIDS,public_cleared,us_gov_public_domain,Public Domain,,False,
L1-02_L2-02a_0004__scene_011,L1-02,L2-02a,media,https://www.dvidshub.net/video/32368/insurgents-haifa-street,DVIDS,public_cleared,us_gov_public_domain,Public Domain,,False,
L1-02_L2-02a_0004__scene_014,L1-02,L2-02a,media,https://www.dvidshub.net/video/32368/insurgents-haifa-street,DVIDS,public_cleared,us_gov_public_domain,Public Domain,,False,
L1-02_L2-02a_0004__scene_015,L1-02,L2-02a,media,https://www.dvidshub.net/video/32368/insurgents-haifa-street,DVIDS,public_cleared,us_gov_public_domain,Public Domain,,False,
L1-02_L2-02a_0004__scene_016,L1-02,L2-02a,media,https://www.dvidshub.net/video/32368/insurgents-haifa-street,DVIDS,public_cleared,us_gov_public_domain,Public Domain,,False,
L1-02_L2-02a_0004__scene_022,L1-02,L2-02a,media,https://www.dvidshub.net/video/32368/insurgents-haifa-street,DVIDS,public_cleared,us_gov_public_domain,Public Domain,,False,
L1-02_L2-02a_0004__scene_025,L1-02,L2-02a,media,https://www.dvidshub.net/video/32368/insurgents-haifa-street,DVIDS,public_cleared,us_gov_public_domain,Public Domain,,False,
L1-02_L2-02a_0004__scene_035,L1-02,L2-02a,media,https://www.dvidshub.net/video/32368/insurgents-haifa-street,DVIDS,public_cleared,us_gov_public_domain,Public Domain,,False,
L1-02_L2-02a_0004__scene_037,L1-02,L2-02a,media,https://www.dvidshub.net/video/32368/insurgents-haifa-street,DVIDS,public_cleared,us_gov_public_domain,Public Domain,,False,
L1-02_L2-02a_0004__scene_039,L1-02,L2-02a,media,https://www.dvidshub.net/video/32368/insurgents-haifa-street,DVIDS,public_cleared,us_gov_public_domain,Public Domain,,False,
L1-02_L2-02a_0004__scene_045,L1-02,L2-02a,media,https://www.dvidshub.net/video/32368/insurgents-haifa-street,DVIDS,public_cleared,us_gov_public_domain,Public Domain,,False,
L1-02_L2-02a_0004__scene_049,L1-02,L2-02a,media,https://www.dvidshub.net/video/32368/insurgents-haifa-street,DVIDS,public_cleared,us_gov_public_domain,Public Domain,,False,
L1-02_L2-02a_0004__scene_050,L1-02,L2-02a,media,https://www.dvidshub.net/video/32368/insurgents-haifa-street,DVIDS,public_cleared,us_gov_public_domain,Public Domain,,False,
L1-02_L2-02a_0004__scene_051,L1-02,L2-02a,media,https://www.dvidshub.net/video/32368/insurgents-haifa-street,DVIDS,public_cleared,us_gov_public_domain,Public Domain,,False,
L1-02_L2-02a_0004__scene_054,L1-02,L2-02a,media,https://www.dvidshub.net/video/32368/insurgents-haifa-street,DVIDS,public_cleared,us_gov_public_domain,Public Domain,,False,
L1-02_L2-02a_0004__scene_055,L1-02,L2-02a,media,https://www.dvidshub.net/video/32368/insurgents-haifa-street,DVIDS,public_cleared,us_gov_public_domain,Public Domain,,False,
L1-02_L2-02a_0004__scene_056,L1-02,L2-02a,media,https://www.dvidshub.net/video/32368/insurgents-haifa-street,DVIDS,public_cleared,us_gov_public_domain,Public Domain,,False,
L1-02_L2-02a_0004__scene_061,L1-02,L2-02a,media,https://www.dvidshub.net/video/32368/insurgents-haifa-street,DVIDS,public_cleared,us_gov_public_domain,Public Domain,,False,
L1-02_L2-02a_0004__scene_063,L1-02,L2-02a,media,https://www.dvidshub.net/video/32368/insurgents-haifa-street,DVIDS,public_cleared,us_gov_public_domain,Public Domain,,False,
L1-02_L2-02a_0005__scene_004,L1-02,L2-02a,media,https://www.dvidshub.net/video/27956/controlling-haifa-area-operation,DVIDS,public_cleared,us_gov_public_domain,Public Domain,,False,
L1-02_L2-02a_0005__scene_005,L1-02,L2-02a,media,https://www.dvidshub.net/video/27956/controlling-haifa-area-operation,DVIDS,public_cleared,us_gov_public_domain,Public Domain,,False,
L1-02_L2-02a_0005__scene_007,L1-02,L2-02a,media,https://www.dvidshub.net/video/27956/controlling-haifa-area-operation,DVIDS,public_cleared,us_gov_public_domain,Public Domain,,False,
L1-02_L2-02a_0005__scene_008,L1-02,L2-02a,media,https://www.dvidshub.net/video/27956/controlling-haifa-area-operation,DVIDS,public_cleared,us_gov_public_domain,Public Domain,,False,
L1-02_L2-02a_0005__scene_009,L1-02,L2-02a,media,https://www.dvidshub.net/video/27956/controlling-haifa-area-operation,DVIDS,public_cleared,us_gov_public_domain,Public Domain,,False,
L1-02_L2-02a_0005__scene_010,L1-02,L2-02a,media,https://www.dvidshub.net/video/27956/controlling-haifa-area-operation,DVIDS,public_cleared,us_gov_public_domain,Public Domain,,False,
L1-02_L2-02a_0005__scene_011,L1-02,L2-02a,media,https://www.dvidshub.net/video/27956/controlling-haifa-area-operation,DVIDS,public_cleared,us_gov_public_domain,Public Domain,,False,
L1-02_L2-02a_0005__scene_013,L1-02,L2-02a,media,https://www.dvidshub.net/video/27956/controlling-haifa-area-operation,DVIDS,public_cleared,us_gov_public_domain,Public Domain,,False,
L1-02_L2-02a_0005__scene_015,L1-02,L2-02a,media,https://www.dvidshub.net/video/27956/controlling-haifa-area-operation,DVIDS,public_cleared,us_gov_public_domain,Public Domain,,False,
L1-02_L2-02a_0005__scene_016,L1-02,L2-02a,media,https://www.dvidshub.net/video/27956/controlling-haifa-area-operation,DVIDS,public_cleared,us_gov_public_domain,Public Domain,,False,
L1-02_L2-02a_0006__scene_012,L1-02,L2-02a,media,https://www.dvidshub.net/video/22828/operation-tomahawk-strike-11,DVIDS,public_cleared,us_gov_public_domain,Public Domain,,False,
L1-02_L2-02a_0006__scene_015,L1-02,L2-02a,media,https://www.dvidshub.net/video/22828/operation-tomahawk-strike-11,DVIDS,public_cleared,us_gov_public_domain,Public Domain,,False,
L1-02_L2-02a_0006__scene_016,L1-02,L2-02a,media,https://www.dvidshub.net/video/22828/operation-tomahawk-strike-11,DVIDS,public_cleared,us_gov_public_domain,Public Domain,,False,
L1-02_L2-02a_0007__scene_002,L1-02,L2-02a,media,https://www.dvidshub.net/video/14107/stryker-brigade-mosul,DVIDS,public_cleared,us_gov_public_domain,Public Domain,,False,
L1-02_L2-02a_0007__scene_003,L1-02,L2-02a,media,https://www.dvidshub.net/video/14107/stryker-brigade-mosul,DVIDS,public_cleared,us_gov_public_domain,Public Domain,,False,
L1-02_L2-02a_0007__scene_004,L1-02,L2-02a,media,https://www.dvidshub.net/video/14107/stryker-brigade-mosul,DVIDS,public_cleared,us_gov_public_domain,Public Domain,,False,
L1-02_L2-02a_0007__scene_006,L1-02,L2-02a,media,https://www.dvidshub.net/video/14107/stryker-brigade-mosul,DVIDS,public_cleared,us_gov_public_domain,Public Domain,,False,
L1-02_L2-02a_0007__scene_008,L1-02,L2-02a,media,https://www.dvidshub.net/video/14107/stryker-brigade-mosul,DVIDS,public_cleared,us_gov_public_domain,Public Domain,,False,
L1-02_L2-02a_0007__scene_009,L1-02,L2-02a,media,https://www.dvidshub.net/video/14107/stryker-brigade-mosul,DVIDS,public_cleared,us_gov_public_domain,Public Domain,,False,
L1-02_L2-02a_0007__scene_010,L1-02,L2-02a,media,https://www.dvidshub.net/video/14107/stryker-brigade-mosul,DVIDS,public_cleared,us_gov_public_domain,Public Domain,,False,
L1-02_L2-02a_0007__scene_011,L1-02,L2-02a,media,https://www.dvidshub.net/video/14107/stryker-brigade-mosul,DVIDS,public_cleared,us_gov_public_domain,Public Domain,,False,
L1-02_L2-02a_0007__scene_013,L1-02,L2-02a,media,https://www.dvidshub.net/video/14107/stryker-brigade-mosul,DVIDS,public_cleared,us_gov_public_domain,Public Domain,,False,
L1-02_L2-02a_0007__scene_015,L1-02,L2-02a,media,https://www.dvidshub.net/video/14107/stryker-brigade-mosul,DVIDS,public_cleared,us_gov_public_domain,Public Domain,,False,
L1-02_L2-02a_0007__scene_016,L1-02,L2-02a,media,https://www.dvidshub.net/video/14107/stryker-brigade-mosul,DVIDS,public_cleared,us_gov_public_domain,Public Domain,,False,
L1-02_L2-02a_0007__scene_017,L1-02,L2-02a,media,https://www.dvidshub.net/video/14107/stryker-brigade-mosul,DVIDS,public_cleared,us_gov_public_domain,Public Domain,,False,
L1-02_L2-02a_0007__scene_022,L1-02,L2-02a,media,https://www.dvidshub.net/video/14107/stryker-brigade-mosul,DVIDS,public_cleared,us_gov_public_domain,Public Domain,,False,
L1-02_L2-02a_0007__scene_023,L1-02,L2-02a,media,https://www.dvidshub.net/video/14107/stryker-brigade-mosul,DVIDS,public_cleared,us_gov_public_domain,Public Domain,,False,
L1-02_L2-02a_0007__scene_024,L1-02,L2-02a,media,https://www.dvidshub.net/video/14107/stryker-brigade-mosul,DVIDS,public_cleared,us_gov_public_domain,Public Domain,,False,
L1-02_L2-02a_0007__scene_026,L1-02,L2-02a,media,https://www.dvidshub.net/video/14107/stryker-brigade-mosul,DVIDS,public_cleared,us_gov_public_domain,Public Domain,,False,
L1-02_L2-02a_0008__scene_002,L1-02,L2-02a,media,https://www.dvidshub.net/video/13579/marines-patrol-fallujah-with-iraqi-army,DVIDS,public_cleared,us_gov_public_domain,Public Domain,,False,
L1-02_L2-02a_0008__scene_003,L1-02,L2-02a,media,https://www.dvidshub.net/video/13579/marines-patrol-fallujah-with-iraqi-army,DVIDS,public_cleared,us_gov_public_domain,Public Domain,,False,
L1-02_L2-02a_0008__scene_004,L1-02,L2-02a,media,https://www.dvidshub.net/video/13579/marines-patrol-fallujah-with-iraqi-army,DVIDS,public_cleared,us_gov_public_domain,Public Domain,,False,
L1-02_L2-02a_0008__scene_005,L1-02,L2-02a,media,https://www.dvidshub.net/video/13579/marines-patrol-fallujah-with-iraqi-army,DVIDS,public_cleared,us_gov_public_domain,Public Domain,,False,
L1-02_L2-02a_0008__scene_009,L1-02,L2-02a,media,https://www.dvidshub.net/video/13579/marines-patrol-fallujah-with-iraqi-army,DVIDS,public_cleared,us_gov_public_domain,Public Domain,,False,
L1-02_L2-02a_0008__scene_010,L1-02,L2-02a,media,https://www.dvidshub.net/video/13579/marines-patrol-fallujah-with-iraqi-army,DVIDS,public_cleared,us_gov_public_domain,Public Domain,,False,
L1-02_L2-02a_0008__scene_011,L1-02,L2-02a,media,https://www.dvidshub.net/video/13579/marines-patrol-fallujah-with-iraqi-army,DVIDS,public_cleared,us_gov_public_domain,Public Domain,,False,
L1-02_L2-02a_0008__scene_012,L1-02,L2-02a,media,https://www.dvidshub.net/video/13579/marines-patrol-fallujah-with-iraqi-army,DVIDS,public_cleared,us_gov_public_domain,Public Domain,,False,
L1-02_L2-02a_0008__scene_016,L1-02,L2-02a,media,https://www.dvidshub.net/video/13579/marines-patrol-fallujah-with-iraqi-army,DVIDS,public_cleared,us_gov_public_domain,Public Domain,,False,
L1-02_L2-02a_0010__scene_004,L1-02,L2-02a,media,https://www.dvidshub.net/video/1459/infantry-goes-into-fallujah,DVIDS,public_cleared,us_gov_public_domain,Public Domain,,False,
L1-02_L2-02a_0010__scene_006,L1-02,L2-02a,media,https://www.dvidshub.net/video/1459/infantry-goes-into-fallujah,DVIDS,public_cleared,us_gov_public_domain,Public Domain,,False,
L1-02_L2-02a_0010__scene_008,L1-02,L2-02a,media,https://www.dvidshub.net/video/1459/infantry-goes-into-fallujah,DVIDS,public_cleared,us_gov_public_domain,Public Domain,,False,
L1-02_L2-02a_0011__scene_005,L1-02,L2-02a,media,https://www.dvidshub.net/video/1292/3-1-marines-fallujah,DVIDS,public_cleared,us_gov_public_domain,Public Domain,,False,
L1-02_L2-02a_0011__scene_017,L1-02,L2-02a,media,https://www.dvidshub.net/video/1292/3-1-marines-fallujah,DVIDS,public_cleared,us_gov_public_domain,Public Domain,,False,
L1-02_L2-02a_0011__scene_019,L1-02,L2-02a,media,https://www.dvidshub.net/video/1292/3-1-marines-fallujah,DVIDS,public_cleared,us_gov_public_domain,Public Domain,,False,
L1-02_L2-02a_0011__scene_021,L1-02,L2-02a,media,https://www.dvidshub.net/video/1292/3-1-marines-fallujah,DVIDS,public_cleared,us_gov_public_domain,Public Domain,,False,
L1-02_L2-02a_0011__scene_031,L1-02,L2-02a,media,https://www.dvidshub.net/video/1292/3-1-marines-fallujah,DVIDS,public_cleared,us_gov_public_domain,Public Domain,,False,
L1-02_L2-02a_0011__scene_032,L1-02,L2-02a,media,https://www.dvidshub.net/video/1292/3-1-marines-fallujah,DVIDS,public_cleared,us_gov_public_domain,Public Domain,,False,
L1-02_L2-02a_0011__scene_036,L1-02,L2-02a,media,https://www.dvidshub.net/video/1292/3-1-marines-fallujah,DVIDS,public_cleared,us_gov_public_domain,Public Domain,,False,
L1-02_L2-02a_0011__scene_038,L1-02,L2-02a,media,https://www.dvidshub.net/video/1292/3-1-marines-fallujah,DVIDS,public_cleared,us_gov_public_domain,Public Domain,,False,
L1-02_L2-02a_0011__scene_041,L1-02,L2-02a,media,https://www.dvidshub.net/video/1292/3-1-marines-fallujah,DVIDS,public_cleared,us_gov_public_domain,Public Domain,,False,
L1-02_L2-02a_0011__scene_043,L1-02,L2-02a,media,https://www.dvidshub.net/video/1292/3-1-marines-fallujah,DVIDS,public_cleared,us_gov_public_domain,Public Domain,,False,
L1-02_L2-02a_0011__scene_044,L1-02,L2-02a,media,https://www.dvidshub.net/video/1292/3-1-marines-fallujah,DVIDS,public_cleared,us_gov_public_domain,Public Domain,,False,
L1-02_L2-02a_0011__scene_045,L1-02,L2-02a,media,https://www.dvidshub.net/video/1292/3-1-marines-fallujah,DVIDS,public_cleared,us_gov_public_domain,Public Domain,,False,
L1-02_L2-02a_0011__scene_050,L1-02,L2-02a,media,https://www.dvidshub.net/video/1292/3-1-marines-fallujah,DVIDS,public_cleared,us_gov_public_domain,Public Domain,,False,
L1-02_L2-02a_0011__scene_051,L1-02,L2-02a,media,https://www.dvidshub.net/video/1292/3-1-marines-fallujah,DVIDS,public_cleared,us_gov_public_domain,Public Domain,,False,
L1-02_L2-02a_0012__scene_002,L1-02,L2-02a,media,https://www.dvidshub.net/video/301796/operation-phantom-fury-combat-footage-fallujah-marine-house-searches,DVIDS,public_cleared,us_gov_public_domain,Public Domain,,False,
L1-02_L2-02a_0012__scene_003,L1-02,L2-02a,media,https://www.dvidshub.net/video/301796/operation-phantom-fury-combat-footage-fallujah-marine-house-searches,DVIDS,public_cleared,us_gov_public_domain,Public Domain,,False,
L1-02_L2-02a_0012__scene_004,L1-02,L2-02a,media,https://www.dvidshub.net/video/301796/operation-phantom-fury-combat-footage-fallujah-marine-house-searches,DVIDS,public_cleared,us_gov_public_domain,Public Domain,,False,
L1-02_L2-02a_0012__scene_005,L1-02,L2-02a,media,https://www.dvidshub.net/video/301796/operation-phantom-fury-combat-footage-fallujah-marine-house-searches,DVIDS,public_cleared,us_gov_public_domain,Public Domain,,False,
L1-02_L2-02a_0012__scene_008,L1-02,L2-02a,media,https://www.dvidshub.net/video/301796/operation-phantom-fury-combat-footage-fallujah-marine-house-searches,DVIDS,public_cleared,us_gov_public_domain,Public Domain,,False,
L1-02_L2-02a_0012__scene_011,L1-02,L2-02a,media,https://www.dvidshub.net/video/301796/operation-phantom-fury-combat-footage-fallujah-marine-house-searches,DVIDS,public_cleared,us_gov_public_domain,Public Domain,,False,
L1-02_L2-02a_0012__scene_012,L1-02,L2-02a,media,https://www.dvidshub.net/video/301796/operation-phantom-fury-combat-footage-fallujah-marine-house-searches,DVIDS,public_cleared,us_gov_public_domain,Public Domain,,False,
L1-02_L2-02a_0012__scene_013,L1-02,L2-02a,media,https://www.dvidshub.net/video/301796/operation-phantom-fury-combat-footage-fallujah-marine-house-searches,DVIDS,public_cleared,us_gov_public_domain,Public Domain,,False,
L1-02_L2-02a_0012__scene_016,L1-02,L2-02a,media,https://www.dvidshub.net/video/301796/operation-phantom-fury-combat-footage-fallujah-marine-house-searches,DVIDS,public_cleared,us_gov_public_domain,Public Domain,,False,
L1-02_L2-02a_0012__scene_018,L1-02,L2-02a,media,https://www.dvidshub.net/video/301796/operation-phantom-fury-combat-footage-fallujah-marine-house-searches,DVIDS,public_cleared,us_gov_public_domain,Public Domain,,False,
L1-02_L2-02a_0012__scene_019,L1-02,L2-02a,media,https://www.dvidshub.net/video/301796/operation-phantom-fury-combat-footage-fallujah-marine-house-searches,DVIDS,public_cleared,us_gov_public_domain,Public Domain,,False,
L1-02_L2-02a_0012__scene_022,L1-02,L2-02a,media,https://www.dvidshub.net/video/301796/operation-phantom-fury-combat-footage-fallujah-marine-house-searches,DVIDS,public_cleared,us_gov_public_domain,Public Domain,,False,
L1-02_L2-02a_0013__scene_002,L1-02,L2-02a,media,https://www.dvidshub.net/video/301797/operation-phantom-fury-combat-footage-fallujah-rooftop-fighting-breaching-night-fighting,DVIDS,public_cleared,us_gov_public_domain,Public Domain,,False,
L1-02_L2-02a_0013__scene_003,L1-02,L2-02a,media,https://www.dvidshub.net/video/301797/operation-phantom-fury-combat-footage-fallujah-rooftop-fighting-breaching-night-fighting,DVIDS,public_cleared,us_gov_public_domain,Public Domain,,False,
L1-02_L2-02a_0013__scene_004,L1-02,L2-02a,media,https://www.dvidshub.net/video/301797/operation-phantom-fury-combat-footage-fallujah-rooftop-fighting-breaching-night-fighting,DVIDS,public_cleared,us_gov_public_domain,Public Domain,,False,
L1-02_L2-02a_0013__scene_005,L1-02,L2-02a,media,https://www.dvidshub.net/video/301797/operation-phantom-fury-combat-footage-fallujah-rooftop-fighting-breaching-night-fighting,DVIDS,public_cleared,us_gov_public_domain,Public Domain,,False,
L1-02_L2-02a_0013__scene_008,L1-02,L2-02a,media,https://www.dvidshub.net/video/301797/operation-phantom-fury-combat-footage-fallujah-rooftop-fighting-breaching-night-fighting,DVIDS,public_cleared,us_gov_public_domain,Public Domain,,False,
L1-02_L2-02a_0013__scene_009,L1-02,L2-02a,media,https://www.dvidshub.net/video/301797/operation-phantom-fury-combat-footage-fallujah-rooftop-fighting-breaching-night-fighting,DVIDS,public_cleared,us_gov_public_domain,Public Domain,,False,
L1-02_L2-02a_0013__scene_010,L1-02,L2-02a,media,https://www.dvidshub.net/video/301797/operation-phantom-fury-combat-footage-fallujah-rooftop-fighting-breaching-night-fighting,DVIDS,public_cleared,us_gov_public_domain,Public Domain,,False,
L1-02_L2-02a_0013__scene_011,L1-02,L2-02a,media,https://www.dvidshub.net/video/301797/operation-phantom-fury-combat-footage-fallujah-rooftop-fighting-breaching-night-fighting,DVIDS,public_cleared,us_gov_public_domain,Public Domain,,False,
L1-02_L2-02a_0013__scene_013,L1-02,L2-02a,media,https://www.dvidshub.net/video/301797/operation-phantom-fury-combat-footage-fallujah-rooftop-fighting-breaching-night-fighting,DVIDS,public_cleared,us_gov_public_domain,Public Domain,,False,
L1-02_L2-02a_0013__scene_018,L1-02,L2-02a,media,https://www.dvidshub.net/video/301797/operation-phantom-fury-combat-footage-fallujah-rooftop-fighting-breaching-night-fighting,DVIDS,public_cleared,us_gov_public_domain,Public Domain,,False,
L1-02_L2-02a_0014__scene_004,L1-02,L2-02a,media,https://www.dvidshub.net/video/301800/operation-phantom-fury-combat-footage-marines-and-tanks-fallujah,DVIDS,public_cleared,us_gov_public_domain,Public Domain,,False,
L1-02_L2-02a_0014__scene_005,L1-02,L2-02a,media,https://www.dvidshub.net/video/301800/operation-phantom-fury-combat-footage-marines-and-tanks-fallujah,DVIDS,public_cleared,us_gov_public_domain,Public Domain,,False,
L1-02_L2-02a_0014__scene_006,L1-02,L2-02a,media,https://www.dvidshub.net/video/301800/operation-phantom-fury-combat-footage-marines-and-tanks-fallujah,DVIDS,public_cleared,us_gov_public_domain,Public Domain,,False,
L1-02_L2-02a_0014__scene_008,L1-02,L2-02a,media,https://www.dvidshub.net/video/301800/operation-phantom-fury-combat-footage-marines-and-tanks-fallujah,DVIDS,public_cleared,us_gov_public_domain,Public Domain,,False,
L1-02_L2-02a_0014__scene_009,L1-02,L2-02a,media,https://www.dvidshub.net/video/301800/operation-phantom-fury-combat-footage-marines-and-tanks-fallujah,DVIDS,public_cleared,us_gov_public_domain,Public Domain,,False,
L1-02_L2-02a_0014__scene_010,L1-02,L2-02a,media,https://www.dvidshub.net/video/301800/operation-phantom-fury-combat-footage-marines-and-tanks-fallujah,DVIDS,public_cleared,us_gov_public_domain,Public Domain,,False,
L1-02_L2-02b_0001__scene_002,L1-02,L2-02b,media,https://www.dvidshub.net/video/998102/gt255-minuteman-iii-icbm-test-launch,DVIDS,public_cleared,us_gov_public_domain,Public Domain,,False,
L1-02_L2-02b_0001__scene_003,L1-02,L2-02b,media,https://www.dvidshub.net/video/998102/gt255-minuteman-iii-icbm-test-launch,DVIDS,public_cleared,us_gov_public_domain,Public Domain,,False,
L1-02_L2-02b_0002__scene_002,L1-02,L2-02b,media,https://www.dvidshub.net/video/963417/mmiii-gt-253-launches-vandenberg,DVIDS,public_cleared,us_gov_public_domain,Public Domain,,False,
L1-02_L2-02b_0002__scene_003,L1-02,L2-02b,media,https://www.dvidshub.net/video/963417/mmiii-gt-253-launches-vandenberg,DVIDS,public_cleared,us_gov_public_domain,Public Domain,,False,
L1-02_L2-02b_0003__scene_006,L1-02,L2-02b,media,https://www.dvidshub.net/video/946347/flight-experiment-mission-02-fem-02-b-roll,DVIDS,public_cleared,us_gov_public_domain,Public Domain,,False,
L1-02_L2-02b_0003__scene_007,L1-02,L2-02b,media,https://www.dvidshub.net/video/946347/flight-experiment-mission-02-fem-02-b-roll,DVIDS,public_cleared,us_gov_public_domain,Public Domain,,False,
L1-02_L2-02b_0003__scene_008,L1-02,L2-02b,media,https://www.dvidshub.net/video/946347/flight-experiment-mission-02-fem-02-b-roll,DVIDS,public_cleared,us_gov_public_domain,Public Domain,,False,
L1-02_L2-02b_0003__scene_010,L1-02,L2-02b,media,https://www.dvidshub.net/video/946347/flight-experiment-mission-02-fem-02-b-roll,DVIDS,public_cleared,us_gov_public_domain,Public Domain,,False,
L1-02_L2-02b_0003__scene_011,L1-02,L2-02b,media,https://www.dvidshub.net/video/946347/flight-experiment-mission-02-fem-02-b-roll,DVIDS,public_cleared,us_gov_public_domain,Public Domain,,False,
L1-02_L2-02b_0003__scene_012,L1-02,L2-02b,media,https://www.dvidshub.net/video/946347/flight-experiment-mission-02-fem-02-b-roll,DVIDS,public_cleared,us_gov_public_domain,Public Domain,,False,
L1-02_L2-02b_0004__scene_001,L1-02,L2-02b,media,https://www.dvidshub.net/video/944147/stinger-missile-live-fire-exercise-afn-broll,DVIDS,public_cleared,us_gov_public_domain,Public Domain,,False,
L1-02_L2-02b_0004__scene_011,L1-02,L2-02b,media,https://www.dvidshub.net/video/944147/stinger-missile-live-fire-exercise-afn-broll,DVIDS,public_cleared,us_gov_public_domain,Public Domain,,False,
L1-02_L2-02b_0004__scene_016,L1-02,L2-02b,media,https://www.dvidshub.net/video/944147/stinger-missile-live-fire-exercise-afn-broll,DVIDS,public_cleared,us_gov_public_domain,Public Domain,,False,
L1-02_L2-02b_0004__scene_018,L1-02,L2-02b,media,https://www.dvidshub.net/video/944147/stinger-missile-live-fire-exercise-afn-broll,DVIDS,public_cleared,us_gov_public_domain,Public Domain,,False,
L1-02_L2-02b_0004__scene_019,L1-02,L2-02b,media,https://www.dvidshub.net/video/944147/stinger-missile-live-fire-exercise-afn-broll,DVIDS,public_cleared,us_gov_public_domain,Public Domain,,False,
L1-02_L2-02b_0004__scene_022,L1-02,L2-02b,media,https://www.dvidshub.net/video/944147/stinger-missile-live-fire-exercise-afn-broll,DVIDS,public_cleared,us_gov_public_domain,Public Domain,,False,
L1-02_L2-02b_0004__scene_023,L1-02,L2-02b,media,https://www.dvidshub.net/video/944147/stinger-missile-live-fire-exercise-afn-broll,DVIDS,public_cleared,us_gov_public_domain,Public Domain,,False,
L1-02_L2-02b_0004__scene_024,L1-02,L2-02b,media,https://www.dvidshub.net/video/944147/stinger-missile-live-fire-exercise-afn-broll,DVIDS,public_cleared,us_gov_public_domain,Public Domain,,False,
L1-02_L2-02b_0005__scene_002,L1-02,L2-02b,media,https://www.dvidshub.net/video/936137/mk21a-launch-b-roll-package,DVIDS,public_cleared,us_gov_public_domain,Public Domain,,False,
L1-02_L2-02b_0005__scene_003,L1-02,L2-02b,media,https://www.dvidshub.net/video/936137/mk21a-launch-b-roll-package,DVIDS,public_cleared,us_gov_public_domain,Public Domain,,False,
L1-02_L2-02b_0007__scene_001,L1-02,L2-02b,media,https://www.dvidshub.net/video/902897/patriot-live-fire-b-roll,DVIDS,public_cleared,us_gov_public_domain,Public Domain,,False,
L1-02_L2-02b_0007__scene_003,L1-02,L2-02b,media,https://www.dvidshub.net/video/902897/patriot-live-fire-b-roll,DVIDS,public_cleared,us_gov_public_domain,Public Domain,,False,
L1-02_L2-02b_0008__scene_001,L1-02,L2-02b,media,https://www.dvidshub.net/video/858956/aim-9x-sidewinder-live-fire-missile-exercise-b-roll,DVIDS,public_cleared,us_gov_public_domain,Public Domain,,False,
L1-02_L2-02b_0008__scene_002,L1-02,L2-02b,media,https://www.dvidshub.net/video/858956/aim-9x-sidewinder-live-fire-missile-exercise-b-roll,DVIDS,public_cleared,us_gov_public_domain,Public Domain,,False,
L1-02_L2-02b_0008__scene_003,L1-02,L2-02b,media,https://www.dvidshub.net/video/858956/aim-9x-sidewinder-live-fire-missile-exercise-b-roll,DVIDS,public_cleared,us_gov_public_domain,Public Domain,,False,
L1-02_L2-02b_0008__scene_004,L1-02,L2-02b,media,https://www.dvidshub.net/video/858956/aim-9x-sidewinder-live-fire-missile-exercise-b-roll,DVIDS,public_cleared,us_gov_public_domain,Public Domain,,False,
L1-02_L2-02b_0008__scene_009,L1-02,L2-02b,media,https://www.dvidshub.net/video/858956/aim-9x-sidewinder-live-fire-missile-exercise-b-roll,DVIDS,public_cleared,us_gov_public_domain,Public Domain,,False,
L1-02_L2-02b_0008__scene_010,L1-02,L2-02b,media,https://www.dvidshub.net/video/858956/aim-9x-sidewinder-live-fire-missile-exercise-b-roll,DVIDS,public_cleared,us_gov_public_domain,Public Domain,,False,
L1-02_L2-02b_0008__scene_011,L1-02,L2-02b,media,https://www.dvidshub.net/video/858956/aim-9x-sidewinder-live-fire-missile-exercise-b-roll,DVIDS,public_cleared,us_gov_public_domain,Public Domain,,False,
L1-02_L2-02b_0008__scene_013,L1-02,L2-02b,media,https://www.dvidshub.net/video/858956/aim-9x-sidewinder-live-fire-missile-exercise-b-roll,DVIDS,public_cleared,us_gov_public_domain,Public Domain,,False,
L1-02_L2-02b_0008__scene_015,L1-02,L2-02b,media,https://www.dvidshub.net/video/858956/aim-9x-sidewinder-live-fire-missile-exercise-b-roll,DVIDS,public_cleared,us_gov_public_domain,Public Domain,,False,
L1-02_L2-02b_0008__scene_016,L1-02,L2-02b,media,https://www.dvidshub.net/video/858956/aim-9x-sidewinder-live-fire-missile-exercise-b-roll,DVIDS,public_cleared,us_gov_public_domain,Public Domain,,False,
L1-02_L2-02b_0008__scene_018,L1-02,L2-02b,media,https://www.dvidshub.net/video/858956/aim-9x-sidewinder-live-fire-missile-exercise-b-roll,DVIDS,public_cleared,us_gov_public_domain,Public Domain,,False,
L1-02_L2-02b_0008__scene_020,L1-02,L2-02b,media,https://www.dvidshub.net/video/858956/aim-9x-sidewinder-live-fire-missile-exercise-b-roll,DVIDS,public_cleared,us_gov_public_domain,Public Domain,,False,
L1-02_L2-02b_0008__scene_023,L1-02,L2-02b,media,https://www.dvidshub.net/video/858956/aim-9x-sidewinder-live-fire-missile-exercise-b-roll,DVIDS,public_cleared,us_gov_public_domain,Public Domain,,False,
L1-02_L2-02b_0009__scene_001,L1-02,L2-02b,media,https://www.dvidshub.net/video/834624/tow-missile-b-roll,DVIDS,public_cleared,us_gov_public_domain,Public Domain,,False,
L1-02_L2-02b_0009__scene_005,L1-02,L2-02b,media,https://www.dvidshub.net/video/834624/tow-missile-b-roll,DVIDS,public_cleared,us_gov_public_domain,Public Domain,,False,
L1-02_L2-02b_0010__scene_004,L1-02,L2-02b,media,https://www.dvidshub.net/video/795674/missile-launch-lc-33,DVIDS,public_cleared,us_gov_public_domain,Public Domain,,False,
L1-02_L2-02b_0011__scene_001,L1-02,L2-02b,media,https://www.dvidshub.net/video/703577/dod-conducts-ground-launched-cruise-missile-test,DVIDS,public_cleared,us_gov_public_domain,Public Domain,,False,
L1-02_L2-02b_0012__scene_002,L1-02,L2-02b,media,https://www.dvidshub.net/video/595888/coalition-air-strike-destroys-vbied-factory,DVIDS,public_cleared,us_gov_public_domain,Public Domain,,False,
L1-02_L2-02b_0012__scene_003,L1-02,L2-02b,media,https://www.dvidshub.net/video/595888/coalition-air-strike-destroys-vbied-factory,DVIDS,public_cleared,us_gov_public_domain,Public Domain,,False,
L1-02_L2-02b_0013__scene_002,L1-02,L2-02b,media,https://www.dvidshub.net/video/510196/coalition-airstrike-destroys-isis-vbied-factory-near-ar-raqqah-syria,DVIDS,public_cleared,us_gov_public_domain,Public Domain,,False,
L1-02_L2-02b_0014__scene_002,L1-02,L2-02b,media,https://www.dvidshub.net/video/480968/aug-25-coalition-airstrike-destroys-daesh-vbied-factory-near-mosul-iraq,DVIDS,public_cleared,us_gov_public_domain,Public Domain,,False,
L1-02_L2-02c_0002__scene_002,L1-02,L2-02c,media,https://www.dvidshub.net/video/991049/b-roll-operation-christmas-drop-2025s-elephant-walk,DVIDS,public_cleared,us_gov_public_domain,Public Domain,,False,
L1-02_L2-02c_0002__scene_003,L1-02,L2-02c,media,https://www.dvidshub.net/video/991049/b-roll-operation-christmas-drop-2025s-elephant-walk,DVIDS,public_cleared,us_gov_public_domain,Public Domain,,False,
L1-02_L2-02c_0002__scene_004,L1-02,L2-02c,media,https://www.dvidshub.net/video/991049/b-roll-operation-christmas-drop-2025s-elephant-walk,DVIDS,public_cleared,us_gov_public_domain,Public Domain,,False,
L1-02_L2-02c_0002__scene_005,L1-02,L2-02c,media,https://www.dvidshub.net/video/991049/b-roll-operation-christmas-drop-2025s-elephant-walk,DVIDS,public_cleared,us_gov_public_domain,Public Domain,,False,
L1-02_L2-02c_0003__scene_001,L1-02,L2-02c,media,https://www.dvidshub.net/video/985972/1st-maw-holds-elephant-walk-mcas-futenma,DVIDS,public_cleared,us_gov_public_domain,Public Domain,,False,
L1-02_L2-02c_0003__scene_002,L1-02,L2-02c,media,https://www.dvidshub.net/video/985972/1st-maw-holds-elephant-walk-mcas-futenma,DVIDS,public_cleared,us_gov_public_domain,Public Domain,,False,
L1-02_L2-02c_0003__scene_003,L1-02,L2-02c,media,https://www.dvidshub.net/video/985972/1st-maw-holds-elephant-walk-mcas-futenma,DVIDS,public_cleared,us_gov_public_domain,Public Domain,,False,
L1-02_L2-02c_0003__scene_005,L1-02,L2-02c,media,https://www.dvidshub.net/video/985972/1st-maw-holds-elephant-walk-mcas-futenma,DVIDS,public_cleared,us_gov_public_domain,Public Domain,,False,
L1-02_L2-02c_0003__scene_008,L1-02,L2-02c,media,https://www.dvidshub.net/video/985972/1st-maw-holds-elephant-walk-mcas-futenma,DVIDS,public_cleared,us_gov_public_domain,Public Domain,,False,
L1-02_L2-02c_0003__scene_009,L1-02,L2-02c,media,https://www.dvidshub.net/video/985972/1st-maw-holds-elephant-walk-mcas-futenma,DVIDS,public_cleared,us_gov_public_domain,Public Domain,,False,
L1-02_L2-02c_0003__scene_011,L1-02,L2-02c,media,https://www.dvidshub.net/video/985972/1st-maw-holds-elephant-walk-mcas-futenma,DVIDS,public_cleared,us_gov_public_domain,Public Domain,,False,
L1-02_L2-02c_0003__scene_012,L1-02,L2-02c,media,https://www.dvidshub.net/video/985972/1st-maw-holds-elephant-walk-mcas-futenma,DVIDS,public_cleared,us_gov_public_domain,Public Domain,,False,
L1-02_L2-02c_0003__scene_013,L1-02,L2-02c,media,https://www.dvidshub.net/video/985972/1st-maw-holds-elephant-walk-mcas-futenma,DVIDS,public_cleared,us_gov_public_domain,Public Domain,,False,
L1-02_L2-02c_0003__scene_015,L1-02,L2-02c,media,https://www.dvidshub.net/video/985972/1st-maw-holds-elephant-walk-mcas-futenma,DVIDS,public_cleared,us_gov_public_domain,Public Domain,,False,
L1-02_L2-02c_0003__scene_016,L1-02,L2-02c,media,https://www.dvidshub.net/video/985972/1st-maw-holds-elephant-walk-mcas-futenma,DVIDS,public_cleared,us_gov_public_domain,Public Domain,,False,
L1-02_L2-02c_0003__scene_017,L1-02,L2-02c,media,https://www.dvidshub.net/video/985972/1st-maw-holds-elephant-walk-mcas-futenma,DVIDS,public_cleared,us_gov_public_domain,Public Domain,,False,
L1-02_L2-02c_0003__scene_019,L1-02,L2-02c,media,https://www.dvidshub.net/video/985972/1st-maw-holds-elephant-walk-mcas-futenma,DVIDS,public_cleared,us_gov_public_domain,Public Domain,,False,
L1-02_L2-02c_0003__scene_020,L1-02,L2-02c,media,https://www.dvidshub.net/video/985972/1st-maw-holds-elephant-walk-mcas-futenma,DVIDS,public_cleared,us_gov_public_domain,Public Domain,,False,
L1-02_L2-02c_0003__scene_021,L1-02,L2-02c,media,https://www.dvidshub.net/video/985972/1st-maw-holds-elephant-walk-mcas-futenma,DVIDS,public_cleared,us_gov_public_domain,Public Domain,,False,
L1-02_L2-02c_0003__scene_023,L1-02,L2-02c,media,https://www.dvidshub.net/video/985972/1st-maw-holds-elephant-walk-mcas-futenma,DVIDS,public_cleared,us_gov_public_domain,Public Domain,,False,
L1-02_L2-02c_0004__scene_001,L1-02,L2-02c,media,https://www.dvidshub.net/video/976504/us-and-egyptian-armored-operations-and-stinger-live-fire-bright-star-25,DVIDS,public_cleared,us_gov_public_domain,Public Domain,,False,
L1-02_L2-02c_0004__scene_002,L1-02,L2-02c,media,https://www.dvidshub.net/video/976504/us-and-egyptian-armored-operations-and-stinger-live-fire-bright-star-25,DVIDS,public_cleared,us_gov_public_domain,Public Domain,,False,
L1-02_L2-02c_0004__scene_004,L1-02,L2-02c,media,https://www.dvidshub.net/video/976504/us-and-egyptian-armored-operations-and-stinger-live-fire-bright-star-25,DVIDS,public_cleared,us_gov_public_domain,Public Domain,,False,
L1-02_L2-02c_0004__scene_007,L1-02,L2-02c,media,https://www.dvidshub.net/video/976504/us-and-egyptian-armored-operations-and-stinger-live-fire-bright-star-25,DVIDS,public_cleared,us_gov_public_domain,Public Domain,,False,
L1-02_L2-02c_0004__scene_008,L1-02,L2-02c,media,https://www.dvidshub.net/video/976504/us-and-egyptian-armored-operations-and-stinger-live-fire-bright-star-25,DVIDS,public_cleared,us_gov_public_domain,Public Domain,,False,
L1-02_L2-02c_0004__scene_009,L1-02,L2-02c,media,https://www.dvidshub.net/video/976504/us-and-egyptian-armored-operations-and-stinger-live-fire-bright-star-25,DVIDS,public_cleared,us_gov_public_domain,Public Domain,,False,
L1-02_L2-02c_0005__scene_001,L1-02,L2-02c,media,https://www.dvidshub.net/video/971795/uss-gerald-r-ford-cvn-78-and-its-spartaco-schergat-f-598-sail-formation,DVIDS,public_cleared,us_gov_public_domain,Public Domain,,False,
L1-02_L2-02c_0005__scene_002,L1-02,L2-02c,media,https://www.dvidshub.net/video/971795/uss-gerald-r-ford-cvn-78-and-its-spartaco-schergat-f-598-sail-formation,DVIDS,public_cleared,us_gov_public_domain,Public Domain,,False,
L1-02_L2-02c_0006__scene_002,L1-02,L2-02c,media,https://www.dvidshub.net/video/966149/baltops-25-ships-sail-formation,DVIDS,public_cleared,us_gov_public_domain,Public Domain,,False,
L1-02_L2-02c_0006__scene_003,L1-02,L2-02c,media,https://www.dvidshub.net/video/966149/baltops-25-ships-sail-formation,DVIDS,public_cleared,us_gov_public_domain,Public Domain,,False,
L1-02_L2-02c_0008__scene_001,L1-02,L2-02c,media,https://www.dvidshub.net/video/957025/cope-tiger-25-elephant-walk,DVIDS,public_cleared,us_gov_public_domain,Public Domain,,False,
L1-02_L2-02c_0008__scene_002,L1-02,L2-02c,media,https://www.dvidshub.net/video/957025/cope-tiger-25-elephant-walk,DVIDS,public_cleared,us_gov_public_domain,Public Domain,,False,
L1-02_L2-02c_0009__scene_002,L1-02,L2-02c,media,https://www.dvidshub.net/video/955407/navy-super-hornets-fly-formation-over-uscentcom-aor-stringer,DVIDS,public_cleared,us_gov_public_domain,Public Domain,,False,
L1-02_L2-02c_0009__scene_003,L1-02,L2-02c,media,https://www.dvidshub.net/video/955407/navy-super-hornets-fly-formation-over-uscentcom-aor-stringer,DVIDS,public_cleared,us_gov_public_domain,Public Domain,,False,
L1-02_L2-02c_0009__scene_004,L1-02,L2-02c,media,https://www.dvidshub.net/video/955407/navy-super-hornets-fly-formation-over-uscentcom-aor-stringer,DVIDS,public_cleared,us_gov_public_domain,Public Domain,,False,
L1-02_L2-02c_0009__scene_005,L1-02,L2-02c,media,https://www.dvidshub.net/video/955407/navy-super-hornets-fly-formation-over-uscentcom-aor-stringer,DVIDS,public_cleared,us_gov_public_domain,Public Domain,,False,
L1-02_L2-02c_0009__scene_008,L1-02,L2-02c,media,https://www.dvidshub.net/video/955407/navy-super-hornets-fly-formation-over-uscentcom-aor-stringer,DVIDS,public_cleared,us_gov_public_domain,Public Domain,,False,
L1-02_L2-02c_0009__scene_009,L1-02,L2-02c,media,https://www.dvidshub.net/video/955407/navy-super-hornets-fly-formation-over-uscentcom-aor-stringer,DVIDS,public_cleared,us_gov_public_domain,Public Domain,,False,
L1-02_L2-02c_0009__scene_010,L1-02,L2-02c,media,https://www.dvidshub.net/video/955407/navy-super-hornets-fly-formation-over-uscentcom-aor-stringer,DVIDS,public_cleared,us_gov_public_domain,Public Domain,,False,
L1-02_L2-02c_0009__scene_011,L1-02,L2-02c,media,https://www.dvidshub.net/video/955407/navy-super-hornets-fly-formation-over-uscentcom-aor-stringer,DVIDS,public_cleared,us_gov_public_domain,Public Domain,,False,
L1-02_L2-02c_0009__scene_013,L1-02,L2-02c,media,https://www.dvidshub.net/video/955407/navy-super-hornets-fly-formation-over-uscentcom-aor-stringer,DVIDS,public_cleared,us_gov_public_domain,Public Domain,,False,
L1-02_L2-02c_0009__scene_016,L1-02,L2-02c,media,https://www.dvidshub.net/video/955407/navy-super-hornets-fly-formation-over-uscentcom-aor-stringer,DVIDS,public_cleared,us_gov_public_domain,Public Domain,,False,
L1-02_L2-02c_0010__scene_004,L1-02,L2-02c,media,https://www.dvidshub.net/video/952156/us-jasdf-and-raaf-aircraft-fly-formation-during-cn25,DVIDS,public_cleared,us_gov_public_domain,Public Domain,,False,
L1-02_L2-02c_0010__scene_005,L1-02,L2-02c,media,https://www.dvidshub.net/video/952156/us-jasdf-and-raaf-aircraft-fly-formation-during-cn25,DVIDS,public_cleared,us_gov_public_domain,Public Domain,,False,
L1-02_L2-02c_0010__scene_006,L1-02,L2-02c,media,https://www.dvidshub.net/video/952156/us-jasdf-and-raaf-aircraft-fly-formation-during-cn25,DVIDS,public_cleared,us_gov_public_domain,Public Domain,,False,
L1-02_L2-02c_0010__scene_007,L1-02,L2-02c,media,https://www.dvidshub.net/video/952156/us-jasdf-and-raaf-aircraft-fly-formation-during-cn25,DVIDS,public_cleared,us_gov_public_domain,Public Domain,,False,
L1-02_L2-02c_0011__scene_002,L1-02,L2-02c,media,https://www.dvidshub.net/video/952173/marine-kc-130js-fly-formation-over-arizona,DVIDS,public_cleared,us_gov_public_domain,Public Domain,,False,
L1-02_L2-02c_0011__scene_006,L1-02,L2-02c,media,https://www.dvidshub.net/video/952173/marine-kc-130js-fly-formation-over-arizona,DVIDS,public_cleared,us_gov_public_domain,Public Domain,,False,
L1-02_L2-02c_0011__scene_007,L1-02,L2-02c,media,https://www.dvidshub.net/video/952173/marine-kc-130js-fly-formation-over-arizona,DVIDS,public_cleared,us_gov_public_domain,Public Domain,,False,
L1-02_L2-02c_0011__scene_009,L1-02,L2-02c,media,https://www.dvidshub.net/video/952173/marine-kc-130js-fly-formation-over-arizona,DVIDS,public_cleared,us_gov_public_domain,Public Domain,,False,
L1-02_L2-02c_0011__scene_013,L1-02,L2-02c,media,https://www.dvidshub.net/video/952173/marine-kc-130js-fly-formation-over-arizona,DVIDS,public_cleared,us_gov_public_domain,Public Domain,,False,
L1-02_L2-02c_0011__scene_014,L1-02,L2-02c,media,https://www.dvidshub.net/video/952173/marine-kc-130js-fly-formation-over-arizona,DVIDS,public_cleared,us_gov_public_domain,Public Domain,,False,
L1-02_L2-02c_0011__scene_015,L1-02,L2-02c,media,https://www.dvidshub.net/video/952173/marine-kc-130js-fly-formation-over-arizona,DVIDS,public_cleared,us_gov_public_domain,Public Domain,,False,
L1-02_L2-02c_0011__scene_016,L1-02,L2-02c,media,https://www.dvidshub.net/video/952173/marine-kc-130js-fly-formation-over-arizona,DVIDS,public_cleared,us_gov_public_domain,Public Domain,,False,
L1-02_L2-02c_0011__scene_018,L1-02,L2-02c,media,https://www.dvidshub.net/video/952173/marine-kc-130js-fly-formation-over-arizona,DVIDS,public_cleared,us_gov_public_domain,Public Domain,,False,
L1-02_L2-02c_0011__scene_019,L1-02,L2-02c,media,https://www.dvidshub.net/video/952173/marine-kc-130js-fly-formation-over-arizona,DVIDS,public_cleared,us_gov_public_domain,Public Domain,,False,
L1-02_L2-02c_0011__scene_021,L1-02,L2-02c,media,https://www.dvidshub.net/video/952173/marine-kc-130js-fly-formation-over-arizona,DVIDS,public_cleared,us_gov_public_domain,Public Domain,,False,
L1-02_L2-02c_0011__scene_022,L1-02,L2-02c,media,https://www.dvidshub.net/video/952173/marine-kc-130js-fly-formation-over-arizona,DVIDS,public_cleared,us_gov_public_domain,Public Domain,,False,
L1-02_L2-02c_0012__scene_002,L1-02,L2-02c,media,https://www.dvidshub.net/video/931424/multinational-ships-sail-formation-during-rimpac-2024-4k,DVIDS,public_cleared,us_gov_public_domain,Public Domain,,False,
L1-02_L2-02c_0012__scene_003,L1-02,L2-02c,media,https://www.dvidshub.net/video/931424/multinational-ships-sail-formation-during-rimpac-2024-4k,DVIDS,public_cleared,us_gov_public_domain,Public Domain,,False,
L1-02_L2-02c_0012__scene_004,L1-02,L2-02c,media,https://www.dvidshub.net/video/931424/multinational-ships-sail-formation-during-rimpac-2024-4k,DVIDS,public_cleared,us_gov_public_domain,Public Domain,,False,
L1-02_L2-02c_0012__scene_005,L1-02,L2-02c,media,https://www.dvidshub.net/video/931424/multinational-ships-sail-formation-during-rimpac-2024-4k,DVIDS,public_cleared,us_gov_public_domain,Public Domain,,False,
L1-02_L2-02c_0012__scene_006,L1-02,L2-02c,media,https://www.dvidshub.net/video/931424/multinational-ships-sail-formation-during-rimpac-2024-4k,DVIDS,public_cleared,us_gov_public_domain,Public Domain,,False,
L1-02_L2-02c_0012__scene_007,L1-02,L2-02c,media,https://www.dvidshub.net/video/931424/multinational-ships-sail-formation-during-rimpac-2024-4k,DVIDS,public_cleared,us_gov_public_domain,Public Domain,,False,
L1-02_L2-02c_0012__scene_008,L1-02,L2-02c,media,https://www.dvidshub.net/video/931424/multinational-ships-sail-formation-during-rimpac-2024-4k,DVIDS,public_cleared,us_gov_public_domain,Public Domain,,False,
L1-02_L2-02c_0012__scene_009,L1-02,L2-02c,media,https://www.dvidshub.net/video/931424/multinational-ships-sail-formation-during-rimpac-2024-4k,DVIDS,public_cleared,us_gov_public_domain,Public Domain,,False,
L1-02_L2-02c_0012__scene_010,L1-02,L2-02c,media,https://www.dvidshub.net/video/931424/multinational-ships-sail-formation-during-rimpac-2024-4k,DVIDS,public_cleared,us_gov_public_domain,Public Domain,,False,
L1-02_L2-02c_0015__scene_002,L1-02,L2-02c,media,https://www.dvidshub.net/video/902724/dwight-d-eisenhower-and-gerald-r-ford-csgs-sail-formation-mediterranean-sea,DVIDS,public_cleared,us_gov_public_domain,Public Domain,,False,
L1-02_L2-02d_0001__scene_001,L1-02,L2-02d,media,https://www.dvidshub.net/video/998309/b-roll-task-force-ashland-conducts-counter-landing-defense-during-exercise-cobra-gold-2026,DVIDS,public_cleared,us_gov_public_domain,Public Domain,,False,
L1-02_L2-02d_0001__scene_002,L1-02,L2-02d,media,https://www.dvidshub.net/video/998309/b-roll-task-force-ashland-conducts-counter-landing-defense-during-exercise-cobra-gold-2026,DVIDS,public_cleared,us_gov_public_domain,Public Domain,,False,
L1-02_L2-02d_0001__scene_003,L1-02,L2-02d,media,https://www.dvidshub.net/video/998309/b-roll-task-force-ashland-conducts-counter-landing-defense-during-exercise-cobra-gold-2026,DVIDS,public_cleared,us_gov_public_domain,Public Domain,,False,
L1-02_L2-02d_0001__scene_004,L1-02,L2-02d,media,https://www.dvidshub.net/video/998309/b-roll-task-force-ashland-conducts-counter-landing-defense-during-exercise-cobra-gold-2026,DVIDS,public_cleared,us_gov_public_domain,Public Domain,,False,
L1-02_L2-02d_0001__scene_007,L1-02,L2-02d,media,https://www.dvidshub.net/video/998309/b-roll-task-force-ashland-conducts-counter-landing-defense-during-exercise-cobra-gold-2026,DVIDS,public_cleared,us_gov_public_domain,Public Domain,,False,
L1-02_L2-02d_0001__scene_008,L1-02,L2-02d,media,https://www.dvidshub.net/video/998309/b-roll-task-force-ashland-conducts-counter-landing-defense-during-exercise-cobra-gold-2026,DVIDS,public_cleared,us_gov_public_domain,Public Domain,,False,
L1-02_L2-02d_0001__scene_009,L1-02,L2-02d,media,https://www.dvidshub.net/video/998309/b-roll-task-force-ashland-conducts-counter-landing-defense-during-exercise-cobra-gold-2026,DVIDS,public_cleared,us_gov_public_domain,Public Domain,,False,
L1-02_L2-02d_0001__scene_010,L1-02,L2-02d,media,https://www.dvidshub.net/video/998309/b-roll-task-force-ashland-conducts-counter-landing-defense-during-exercise-cobra-gold-2026,DVIDS,public_cleared,us_gov_public_domain,Public Domain,,False,
L1-02_L2-02d_0001__scene_013,L1-02,L2-02d,media,https://www.dvidshub.net/video/998309/b-roll-task-force-ashland-conducts-counter-landing-defense-during-exercise-cobra-gold-2026,DVIDS,public_cleared,us_gov_public_domain,Public Domain,,False,
L1-02_L2-02d_0001__scene_015,L1-02,L2-02d,media,https://www.dvidshub.net/video/998309/b-roll-task-force-ashland-conducts-counter-landing-defense-during-exercise-cobra-gold-2026,DVIDS,public_cleared,us_gov_public_domain,Public Domain,,False,
L1-02_L2-02d_0002__scene_003,L1-02,L2-02d,media,https://www.dvidshub.net/video/997776/b-roll-spanish-air-force-nh90-helicopter-during-touch-and-go-training-during-exercise-sentry-south-26-2,DVIDS,public_cleared,us_gov_public_domain,Public Domain,,False,
L1-02_L2-02d_0002__scene_004,L1-02,L2-02d,media,https://www.dvidshub.net/video/997776/b-roll-spanish-air-force-nh90-helicopter-during-touch-and-go-training-during-exercise-sentry-south-26-2,DVIDS,public_cleared,us_gov_public_domain,Public Domain,,False,
L1-02_L2-02d_0002__scene_005,L1-02,L2-02d,media,https://www.dvidshub.net/video/997776/b-roll-spanish-air-force-nh90-helicopter-during-touch-and-go-training-during-exercise-sentry-south-26-2,DVIDS,public_cleared,us_gov_public_domain,Public Domain,,False,
L1-02_L2-02d_0002__scene_008,L1-02,L2-02d,media,https://www.dvidshub.net/video/997776/b-roll-spanish-air-force-nh90-helicopter-during-touch-and-go-training-during-exercise-sentry-south-26-2,DVIDS,public_cleared,us_gov_public_domain,Public Domain,,False,
L1-02_L2-02d_0002__scene_009,L1-02,L2-02d,media,https://www.dvidshub.net/video/997776/b-roll-spanish-air-force-nh90-helicopter-during-touch-and-go-training-during-exercise-sentry-south-26-2,DVIDS,public_cleared,us_gov_public_domain,Public Domain,,False,
L1-02_L2-02d_0002__scene_010,L1-02,L2-02d,media,https://www.dvidshub.net/video/997776/b-roll-spanish-air-force-nh90-helicopter-during-touch-and-go-training-during-exercise-sentry-south-26-2,DVIDS,public_cleared,us_gov_public_domain,Public Domain,,False,
L1-02_L2-02d_0003__scene_001,L1-02,L2-02d,media,https://www.dvidshub.net/video/998318/core26-us-marines-conduct-cold-weather-training-during-arctic-exercise-b-roll,DVIDS,public_cleared,us_gov_public_domain,Public Domain,,False,
L1-02_L2-02d_0003__scene_002,L1-02,L2-02d,media,https://www.dvidshub.net/video/998318/core26-us-marines-conduct-cold-weather-training-during-arctic-exercise-b-roll,DVIDS,public_cleared,us_gov_public_domain,Public Domain,,False,
L1-02_L2-02d_0003__scene_003,L1-02,L2-02d,media,https://www.dvidshub.net/video/998318/core26-us-marines-conduct-cold-weather-training-during-arctic-exercise-b-roll,DVIDS,public_cleared,us_gov_public_domain,Public Domain,,False,
L1-02_L2-02d_0003__scene_004,L1-02,L2-02d,media,https://www.dvidshub.net/video/998318/core26-us-marines-conduct-cold-weather-training-during-arctic-exercise-b-roll,DVIDS,public_cleared,us_gov_public_domain,Public Domain,,False,
L1-02_L2-02d_0003__scene_005,L1-02,L2-02d,media,https://www.dvidshub.net/video/998318/core26-us-marines-conduct-cold-weather-training-during-arctic-exercise-b-roll,DVIDS,public_cleared,us_gov_public_domain,Public Domain,,False,
L1-02_L2-02d_0003__scene_006,L1-02,L2-02d,media,https://www.dvidshub.net/video/998318/core26-us-marines-conduct-cold-weather-training-during-arctic-exercise-b-roll,DVIDS,public_cleared,us_gov_public_domain,Public Domain,,False,
L1-02_L2-02d_0004__scene_003,L1-02,L2-02d,media,https://www.dvidshub.net/video/987579/sasebo-japan-self-defense-forces-parade,DVIDS,public_cleared,us_gov_public_domain,Public Domain,,False,
L1-02_L2-02d_0005__scene_001,L1-02,L2-02d,media,https://www.dvidshub.net/video/967170/broll-saber-guardians-multinational-combined-live-fire-exercise,DVIDS,public_cleared,us_gov_public_domain,Public Domain,,False,
L1-02_L2-02d_0005__scene_002,L1-02,L2-02d,media,https://www.dvidshub.net/video/967170/broll-saber-guardians-multinational-combined-live-fire-exercise,DVIDS,public_cleared,us_gov_public_domain,Public Domain,,False,
L1-02_L2-02d_0005__scene_003,L1-02,L2-02d,media,https://www.dvidshub.net/video/967170/broll-saber-guardians-multinational-combined-live-fire-exercise,DVIDS,public_cleared,us_gov_public_domain,Public Domain,,False,
L1-02_L2-02d_0005__scene_006,L1-02,L2-02d,media,https://www.dvidshub.net/video/967170/broll-saber-guardians-multinational-combined-live-fire-exercise,DVIDS,public_cleared,us_gov_public_domain,Public Domain,,False,
L1-02_L2-02d_0005__scene_009,L1-02,L2-02d,media,https://www.dvidshub.net/video/967170/broll-saber-guardians-multinational-combined-live-fire-exercise,DVIDS,public_cleared,us_gov_public_domain,Public Domain,,False,
L1-02_L2-02d_0005__scene_011,L1-02,L2-02d,media,https://www.dvidshub.net/video/967170/broll-saber-guardians-multinational-combined-live-fire-exercise,DVIDS,public_cleared,us_gov_public_domain,Public Domain,,False,
L1-02_L2-02d_0005__scene_013,L1-02,L2-02d,media,https://www.dvidshub.net/video/967170/broll-saber-guardians-multinational-combined-live-fire-exercise,DVIDS,public_cleared,us_gov_public_domain,Public Domain,,False,
L1-02_L2-02d_0005__scene_014,L1-02,L2-02d,media,https://www.dvidshub.net/video/967170/broll-saber-guardians-multinational-combined-live-fire-exercise,DVIDS,public_cleared,us_gov_public_domain,Public Domain,,False,
L1-02_L2-02d_0005__scene_016,L1-02,L2-02d,media,https://www.dvidshub.net/video/967170/broll-saber-guardians-multinational-combined-live-fire-exercise,DVIDS,public_cleared,us_gov_public_domain,Public Domain,,False,
L1-02_L2-02d_0005__scene_017,L1-02,L2-02d,media,https://www.dvidshub.net/video/967170/broll-saber-guardians-multinational-combined-live-fire-exercise,DVIDS,public_cleared,us_gov_public_domain,Public Domain,,False,
L1-02_L2-02d_0007__scene_002,L1-02,L2-02d,media,https://www.dvidshub.net/video/966525/4-2cr-conduct-urban-readiness-training-saber-guardian-25,DVIDS,public_cleared,us_gov_public_domain,Public Domain,,False,
L1-02_L2-02d_0007__scene_003,L1-02,L2-02d,media,https://www.dvidshub.net/video/966525/4-2cr-conduct-urban-readiness-training-saber-guardian-25,DVIDS,public_cleared,us_gov_public_domain,Public Domain,,False,
L1-02_L2-02d_0007__scene_004,L1-02,L2-02d,media,https://www.dvidshub.net/video/966525/4-2cr-conduct-urban-readiness-training-saber-guardian-25,DVIDS,public_cleared,us_gov_public_domain,Public Domain,,False,
L1-02_L2-02d_0007__scene_005,L1-02,L2-02d,media,https://www.dvidshub.net/video/966525/4-2cr-conduct-urban-readiness-training-saber-guardian-25,DVIDS,public_cleared,us_gov_public_domain,Public Domain,,False,
L1-02_L2-02d_0007__scene_007,L1-02,L2-02d,media,https://www.dvidshub.net/video/966525/4-2cr-conduct-urban-readiness-training-saber-guardian-25,DVIDS,public_cleared,us_gov_public_domain,Public Domain,,False,
L1-02_L2-02d_0007__scene_009,L1-02,L2-02d,media,https://www.dvidshub.net/video/966525/4-2cr-conduct-urban-readiness-training-saber-guardian-25,DVIDS,public_cleared,us_gov_public_domain,Public Domain,,False,
L1-02_L2-02d_0007__scene_011,L1-02,L2-02d,media,https://www.dvidshub.net/video/966525/4-2cr-conduct-urban-readiness-training-saber-guardian-25,DVIDS,public_cleared,us_gov_public_domain,Public Domain,,False,
L1-02_L2-02d_0007__scene_012,L1-02,L2-02d,media,https://www.dvidshub.net/video/966525/4-2cr-conduct-urban-readiness-training-saber-guardian-25,DVIDS,public_cleared,us_gov_public_domain,Public Domain,,False,
L1-02_L2-02d_0007__scene_013,L1-02,L2-02d,media,https://www.dvidshub.net/video/966525/4-2cr-conduct-urban-readiness-training-saber-guardian-25,DVIDS,public_cleared,us_gov_public_domain,Public Domain,,False,
L1-02_L2-02d_0008__scene_002,L1-02,L2-02d,media,https://www.dvidshub.net/video/965885/us-soldiers-rehearse-saber-guardian-25,DVIDS,public_cleared,us_gov_public_domain,Public Domain,,False,
L1-02_L2-02d_0008__scene_003,L1-02,L2-02d,media,https://www.dvidshub.net/video/965885/us-soldiers-rehearse-saber-guardian-25,DVIDS,public_cleared,us_gov_public_domain,Public Domain,,False,
L1-02_L2-02d_0008__scene_004,L1-02,L2-02d,media,https://www.dvidshub.net/video/965885/us-soldiers-rehearse-saber-guardian-25,DVIDS,public_cleared,us_gov_public_domain,Public Domain,,False,
L1-02_L2-02d_0008__scene_006,L1-02,L2-02d,media,https://www.dvidshub.net/video/965885/us-soldiers-rehearse-saber-guardian-25,DVIDS,public_cleared,us_gov_public_domain,Public Domain,,False,
L1-02_L2-02d_0008__scene_008,L1-02,L2-02d,media,https://www.dvidshub.net/video/965885/us-soldiers-rehearse-saber-guardian-25,DVIDS,public_cleared,us_gov_public_domain,Public Domain,,False,
L1-02_L2-02d_0008__scene_010,L1-02,L2-02d,media,https://www.dvidshub.net/video/965885/us-soldiers-rehearse-saber-guardian-25,DVIDS,public_cleared,us_gov_public_domain,Public Domain,,False,
L1-02_L2-02d_0008__scene_011,L1-02,L2-02d,media,https://www.dvidshub.net/video/965885/us-soldiers-rehearse-saber-guardian-25,DVIDS,public_cleared,us_gov_public_domain,Public Domain,,False,
L1-02_L2-02d_0008__scene_012,L1-02,L2-02d,media,https://www.dvidshub.net/video/965885/us-soldiers-rehearse-saber-guardian-25,DVIDS,public_cleared,us_gov_public_domain,Public Domain,,False,
L1-02_L2-02d_0008__scene_014,L1-02,L2-02d,media,https://www.dvidshub.net/video/965885/us-soldiers-rehearse-saber-guardian-25,DVIDS,public_cleared,us_gov_public_domain,Public Domain,,False,
L1-02_L2-02d_0008__scene_015,L1-02,L2-02d,media,https://www.dvidshub.net/video/965885/us-soldiers-rehearse-saber-guardian-25,DVIDS,public_cleared,us_gov_public_domain,Public Domain,,False,
L1-02_L2-02d_0008__scene_016,L1-02,L2-02d,media,https://www.dvidshub.net/video/965885/us-soldiers-rehearse-saber-guardian-25,DVIDS,public_cleared,us_gov_public_domain,Public Domain,,False,
L1-02_L2-02d_0008__scene_017,L1-02,L2-02d,media,https://www.dvidshub.net/video/965885/us-soldiers-rehearse-saber-guardian-25,DVIDS,public_cleared,us_gov_public_domain,Public Domain,,False,
L1-02_L2-02d_0008__scene_019,L1-02,L2-02d,media,https://www.dvidshub.net/video/965885/us-soldiers-rehearse-saber-guardian-25,DVIDS,public_cleared,us_gov_public_domain,Public Domain,,False,
L1-02_L2-02d_0008__scene_020,L1-02,L2-02d,media,https://www.dvidshub.net/video/965885/us-soldiers-rehearse-saber-guardian-25,DVIDS,public_cleared,us_gov_public_domain,Public Domain,,False,
L1-02_L2-02d_0008__scene_021,L1-02,L2-02d,media,https://www.dvidshub.net/video/965885/us-soldiers-rehearse-saber-guardian-25,DVIDS,public_cleared,us_gov_public_domain,Public Domain,,False,
L1-02_L2-02d_0008__scene_022,L1-02,L2-02d,media,https://www.dvidshub.net/video/965885/us-soldiers-rehearse-saber-guardian-25,DVIDS,public_cleared,us_gov_public_domain,Public Domain,,False,
L1-02_L2-02d_0009__scene_002,L1-02,L2-02d,media,https://www.dvidshub.net/video/966247/immediate-response-25-live-fire-exercise,DVIDS,public_cleared,us_gov_public_domain,Public Domain,,False,
L1-02_L2-02d_0009__scene_003,L1-02,L2-02d,media,https://www.dvidshub.net/video/966247/immediate-response-25-live-fire-exercise,DVIDS,public_cleared,us_gov_public_domain,Public Domain,,False,
L1-02_L2-02d_0009__scene_006,L1-02,L2-02d,media,https://www.dvidshub.net/video/966247/immediate-response-25-live-fire-exercise,DVIDS,public_cleared,us_gov_public_domain,Public Domain,,False,
L1-02_L2-02d_0009__scene_007,L1-02,L2-02d,media,https://www.dvidshub.net/video/966247/immediate-response-25-live-fire-exercise,DVIDS,public_cleared,us_gov_public_domain,Public Domain,,False,
L1-02_L2-02d_0009__scene_009,L1-02,L2-02d,media,https://www.dvidshub.net/video/966247/immediate-response-25-live-fire-exercise,DVIDS,public_cleared,us_gov_public_domain,Public Domain,,False,
L1-02_L2-02d_0009__scene_010,L1-02,L2-02d,media,https://www.dvidshub.net/video/966247/immediate-response-25-live-fire-exercise,DVIDS,public_cleared,us_gov_public_domain,Public Domain,,False,
L1-02_L2-02d_0009__scene_013,L1-02,L2-02d,media,https://www.dvidshub.net/video/966247/immediate-response-25-live-fire-exercise,DVIDS,public_cleared,us_gov_public_domain,Public Domain,,False,
L1-02_L2-02d_0009__scene_014,L1-02,L2-02d,media,https://www.dvidshub.net/video/966247/immediate-response-25-live-fire-exercise,DVIDS,public_cleared,us_gov_public_domain,Public Domain,,False,
L1-02_L2-02d_0009__scene_016,L1-02,L2-02d,media,https://www.dvidshub.net/video/966247/immediate-response-25-live-fire-exercise,DVIDS,public_cleared,us_gov_public_domain,Public Domain,,False,
L1-02_L2-02d_0009__scene_017,L1-02,L2-02d,media,https://www.dvidshub.net/video/966247/immediate-response-25-live-fire-exercise,DVIDS,public_cleared,us_gov_public_domain,Public Domain,,False,
L1-02_L2-02d_0009__scene_018,L1-02,L2-02d,media,https://www.dvidshub.net/video/966247/immediate-response-25-live-fire-exercise,DVIDS,public_cleared,us_gov_public_domain,Public Domain,,False,
L1-02_L2-02d_0009__scene_019,L1-02,L2-02d,media,https://www.dvidshub.net/video/966247/immediate-response-25-live-fire-exercise,DVIDS,public_cleared,us_gov_public_domain,Public Domain,,False,
L1-02_L2-02d_0010__scene_003,L1-02,L2-02d,media,https://www.dvidshub.net/video/965953/immediate-response-25-petrochori-greece,DVIDS,public_cleared,us_gov_public_domain,Public Domain,,False,
L1-02_L2-02d_0010__scene_006,L1-02,L2-02d,media,https://www.dvidshub.net/video/965953/immediate-response-25-petrochori-greece,DVIDS,public_cleared,us_gov_public_domain,Public Domain,,False,
L1-02_L2-02d_0010__scene_007,L1-02,L2-02d,media,https://www.dvidshub.net/video/965953/immediate-response-25-petrochori-greece,DVIDS,public_cleared,us_gov_public_domain,Public Domain,,False,
L1-02_L2-02d_0010__scene_009,L1-02,L2-02d,media,https://www.dvidshub.net/video/965953/immediate-response-25-petrochori-greece,DVIDS,public_cleared,us_gov_public_domain,Public Domain,,False,
L1-02_L2-02d_0011__scene_001,L1-02,L2-02d,media,https://www.dvidshub.net/video/965571/b-roll-us-and-ally-partners-conduct-training-alexandroupoli,DVIDS,public_cleared,us_gov_public_domain,Public Domain,,False,
L1-02_L2-02d_0011__scene_002,L1-02,L2-02d,media,https://www.dvidshub.net/video/965571/b-roll-us-and-ally-partners-conduct-training-alexandroupoli,DVIDS,public_cleared,us_gov_public_domain,Public Domain,,False,
L1-02_L2-02d_0011__scene_005,L1-02,L2-02d,media,https://www.dvidshub.net/video/965571/b-roll-us-and-ally-partners-conduct-training-alexandroupoli,DVIDS,public_cleared,us_gov_public_domain,Public Domain,,False,
L1-02_L2-02d_0011__scene_006,L1-02,L2-02d,media,https://www.dvidshub.net/video/965571/b-roll-us-and-ally-partners-conduct-training-alexandroupoli,DVIDS,public_cleared,us_gov_public_domain,Public Domain,,False,
L1-02_L2-02d_0011__scene_008,L1-02,L2-02d,media,https://www.dvidshub.net/video/965571/b-roll-us-and-ally-partners-conduct-training-alexandroupoli,DVIDS,public_cleared,us_gov_public_domain,Public Domain,,False,
L1-02_L2-02d_0011__scene_009,L1-02,L2-02d,media,https://www.dvidshub.net/video/965571/b-roll-us-and-ally-partners-conduct-training-alexandroupoli,DVIDS,public_cleared,us_gov_public_domain,Public Domain,,False,
L1-02_L2-02d_0011__scene_010,L1-02,L2-02d,media,https://www.dvidshub.net/video/965571/b-roll-us-and-ally-partners-conduct-training-alexandroupoli,DVIDS,public_cleared,us_gov_public_domain,Public Domain,,False,
L1-02_L2-02d_0011__scene_011,L1-02,L2-02d,media,https://www.dvidshub.net/video/965571/b-roll-us-and-ally-partners-conduct-training-alexandroupoli,DVIDS,public_cleared,us_gov_public_domain,Public Domain,,False,
L1-02_L2-02d_0011__scene_013,L1-02,L2-02d,media,https://www.dvidshub.net/video/965571/b-roll-us-and-ally-partners-conduct-training-alexandroupoli,DVIDS,public_cleared,us_gov_public_domain,Public Domain,,False,
L1-02_L2-02d_0011__scene_014,L1-02,L2-02d,media,https://www.dvidshub.net/video/965571/b-roll-us-and-ally-partners-conduct-training-alexandroupoli,DVIDS,public_cleared,us_gov_public_domain,Public Domain,,False,
L1-02_L2-02d_0011__scene_015,L1-02,L2-02d,media,https://www.dvidshub.net/video/965571/b-roll-us-and-ally-partners-conduct-training-alexandroupoli,DVIDS,public_cleared,us_gov_public_domain,Public Domain,,False,
L1-02_L2-02d_0011__scene_016,L1-02,L2-02d,media,https://www.dvidshub.net/video/965571/b-roll-us-and-ally-partners-conduct-training-alexandroupoli,DVIDS,public_cleared,us_gov_public_domain,Public Domain,,False,
L1-02_L2-02d_0012__scene_001,L1-02,L2-02d,media,https://www.dvidshub.net/video/963299/swift-response-25-sky-soldiers-conduct-blank-fire-exercise,DVIDS,public_cleared,us_gov_public_domain,Public Domain,,False,
L1-02_L2-02d_0012__scene_003,L1-02,L2-02d,media,https://www.dvidshub.net/video/963299/swift-response-25-sky-soldiers-conduct-blank-fire-exercise,DVIDS,public_cleared,us_gov_public_domain,Public Domain,,False,
L1-02_L2-02d_0012__scene_004,L1-02,L2-02d,media,https://www.dvidshub.net/video/963299/swift-response-25-sky-soldiers-conduct-blank-fire-exercise,DVIDS,public_cleared,us_gov_public_domain,Public Domain,,False,
L1-02_L2-02d_0012__scene_005,L1-02,L2-02d,media,https://www.dvidshub.net/video/963299/swift-response-25-sky-soldiers-conduct-blank-fire-exercise,DVIDS,public_cleared,us_gov_public_domain,Public Domain,,False,
L1-02_L2-02d_0012__scene_007,L1-02,L2-02d,media,https://www.dvidshub.net/video/963299/swift-response-25-sky-soldiers-conduct-blank-fire-exercise,DVIDS,public_cleared,us_gov_public_domain,Public Domain,,False,
L1-02_L2-02d_0012__scene_008,L1-02,L2-02d,media,https://www.dvidshub.net/video/963299/swift-response-25-sky-soldiers-conduct-blank-fire-exercise,DVIDS,public_cleared,us_gov_public_domain,Public Domain,,False,
L1-02_L2-02d_0012__scene_009,L1-02,L2-02d,media,https://www.dvidshub.net/video/963299/swift-response-25-sky-soldiers-conduct-blank-fire-exercise,DVIDS,public_cleared,us_gov_public_domain,Public Domain,,False,
L1-02_L2-02d_0012__scene_010,L1-02,L2-02d,media,https://www.dvidshub.net/video/963299/swift-response-25-sky-soldiers-conduct-blank-fire-exercise,DVIDS,public_cleared,us_gov_public_domain,Public Domain,,False,
L1-02_L2-02d_0012__scene_012,L1-02,L2-02d,media,https://www.dvidshub.net/video/963299/swift-response-25-sky-soldiers-conduct-blank-fire-exercise,DVIDS,public_cleared,us_gov_public_domain,Public Domain,,False,
L1-02_L2-02d_0012__scene_013,L1-02,L2-02d,media,https://www.dvidshub.net/video/963299/swift-response-25-sky-soldiers-conduct-blank-fire-exercise,DVIDS,public_cleared,us_gov_public_domain,Public Domain,,False,
L1-02_L2-02d_0012__scene_014,L1-02,L2-02d,media,https://www.dvidshub.net/video/963299/swift-response-25-sky-soldiers-conduct-blank-fire-exercise,DVIDS,public_cleared,us_gov_public_domain,Public Domain,,False,
L1-02_L2-02d_0012__scene_015,L1-02,L2-02d,media,https://www.dvidshub.net/video/963299/swift-response-25-sky-soldiers-conduct-blank-fire-exercise,DVIDS,public_cleared,us_gov_public_domain,Public Domain,,False,
L1-02_L2-02d_0012__scene_017,L1-02,L2-02d,media,https://www.dvidshub.net/video/963299/swift-response-25-sky-soldiers-conduct-blank-fire-exercise,DVIDS,public_cleared,us_gov_public_domain,Public Domain,,False,
L1-02_L2-02d_0012__scene_018,L1-02,L2-02d,media,https://www.dvidshub.net/video/963299/swift-response-25-sky-soldiers-conduct-blank-fire-exercise,DVIDS,public_cleared,us_gov_public_domain,Public Domain,,False,
L1-02_L2-02d_0012__scene_019,L1-02,L2-02d,media,https://www.dvidshub.net/video/963299/swift-response-25-sky-soldiers-conduct-blank-fire-exercise,DVIDS,public_cleared,us_gov_public_domain,Public Domain,,False,
L1-02_L2-02d_0012__scene_020,L1-02,L2-02d,media,https://www.dvidshub.net/video/963299/swift-response-25-sky-soldiers-conduct-blank-fire-exercise,DVIDS,public_cleared,us_gov_public_domain,Public Domain,,False,
L1-02_L2-02d_0013__scene_003,L1-02,L2-02d,media,https://www.dvidshub.net/video/976898/63rd-annual-torrance-armed-forces-day-parade,DVIDS,public_cleared,us_gov_public_domain,Public Domain,,False,
L1-02_L2-02d_0014__scene_001,L1-02,L2-02d,media,https://www.dvidshub.net/video/962878/b-roll-force-force-training-swift-response-25,DVIDS,public_cleared,us_gov_public_domain,Public Domain,,False,
L1-02_L2-02d_0014__scene_002,L1-02,L2-02d,media,https://www.dvidshub.net/video/962878/b-roll-force-force-training-swift-response-25,DVIDS,public_cleared,us_gov_public_domain,Public Domain,,False,
L1-02_L2-02d_0014__scene_003,L1-02,L2-02d,media,https://www.dvidshub.net/video/962878/b-roll-force-force-training-swift-response-25,DVIDS,public_cleared,us_gov_public_domain,Public Domain,,False,
L1-02_L2-02d_0014__scene_005,L1-02,L2-02d,media,https://www.dvidshub.net/video/962878/b-roll-force-force-training-swift-response-25,DVIDS,public_cleared,us_gov_public_domain,Public Domain,,False,
L1-02_L2-02d_0014__scene_006,L1-02,L2-02d,media,https://www.dvidshub.net/video/962878/b-roll-force-force-training-swift-response-25,DVIDS,public_cleared,us_gov_public_domain,Public Domain,,False,
L1-02_L2-02d_0014__scene_007,L1-02,L2-02d,media,https://www.dvidshub.net/video/962878/b-roll-force-force-training-swift-response-25,DVIDS,public_cleared,us_gov_public_domain,Public Domain,,False,
L1-02_L2-02d_0014__scene_009,L1-02,L2-02d,media,https://www.dvidshub.net/video/962878/b-roll-force-force-training-swift-response-25,DVIDS,public_cleared,us_gov_public_domain,Public Domain,,False,
L1-02_L2-02d_0014__scene_010,L1-02,L2-02d,media,https://www.dvidshub.net/video/962878/b-roll-force-force-training-swift-response-25,DVIDS,public_cleared,us_gov_public_domain,Public Domain,,False,
L1-02_L2-02d_0014__scene_011,L1-02,L2-02d,media,https://www.dvidshub.net/video/962878/b-roll-force-force-training-swift-response-25,DVIDS,public_cleared,us_gov_public_domain,Public Domain,,False,
L1-02_L2-02d_0014__scene_013,L1-02,L2-02d,media,https://www.dvidshub.net/video/962878/b-roll-force-force-training-swift-response-25,DVIDS,public_cleared,us_gov_public_domain,Public Domain,,False,
L1-02_L2-02d_0014__scene_014,L1-02,L2-02d,media,https://www.dvidshub.net/video/962878/b-roll-force-force-training-swift-response-25,DVIDS,public_cleared,us_gov_public_domain,Public Domain,,False,
L1-02_L2-02d_0014__scene_015,L1-02,L2-02d,media,https://www.dvidshub.net/video/962878/b-roll-force-force-training-swift-response-25,DVIDS,public_cleared,us_gov_public_domain,Public Domain,,False,
L1-02_L2-02d_0014__scene_017,L1-02,L2-02d,media,https://www.dvidshub.net/video/962878/b-roll-force-force-training-swift-response-25,DVIDS,public_cleared,us_gov_public_domain,Public Domain,,False,
L1-02_L2-02d_0014__scene_018,L1-02,L2-02d,media,https://www.dvidshub.net/video/962878/b-roll-force-force-training-swift-response-25,DVIDS,public_cleared,us_gov_public_domain,Public Domain,,False,
L1-02_L2-02d_0014__scene_019,L1-02,L2-02d,media,https://www.dvidshub.net/video/962878/b-roll-force-force-training-swift-response-25,DVIDS,public_cleared,us_gov_public_domain,Public Domain,,False,
L1-02_L2-02d_0014__scene_021,L1-02,L2-02d,media,https://www.dvidshub.net/video/962878/b-roll-force-force-training-swift-response-25,DVIDS,public_cleared,us_gov_public_domain,Public Domain,,False,
L1-02_L2-02d_0014__scene_022,L1-02,L2-02d,media,https://www.dvidshub.net/video/962878/b-roll-force-force-training-swift-response-25,DVIDS,public_cleared,us_gov_public_domain,Public Domain,,False,
L1-02_L2-02d_0014__scene_023,L1-02,L2-02d,media,https://www.dvidshub.net/video/962878/b-roll-force-force-training-swift-response-25,DVIDS,public_cleared,us_gov_public_domain,Public Domain,,False,
L1-02_L2-02d_0014__scene_026,L1-02,L2-02d,media,https://www.dvidshub.net/video/962878/b-roll-force-force-training-swift-response-25,DVIDS,public_cleared,us_gov_public_domain,Public Domain,,False,
L1-02_L2-02d_0014__scene_027,L1-02,L2-02d,media,https://www.dvidshub.net/video/962878/b-roll-force-force-training-swift-response-25,DVIDS,public_cleared,us_gov_public_domain,Public Domain,,False,
L1-02_L2-02d_0015__scene_001,L1-02,L2-02d,media,https://www.dvidshub.net/video/945046/parade-celebrates-20-years-nato-restoration-lithuanian-armed-forces,DVIDS,public_cleared,us_gov_public_domain,Public Domain,,False,
L1-02_L2-02d_0015__scene_002,L1-02,L2-02d,media,https://www.dvidshub.net/video/945046/parade-celebrates-20-years-nato-restoration-lithuanian-armed-forces,DVIDS,public_cleared,us_gov_public_domain,Public Domain,,False,
L1-02_L2-02d_0015__scene_003,L1-02,L2-02d,media,https://www.dvidshub.net/video/945046/parade-celebrates-20-years-nato-restoration-lithuanian-armed-forces,DVIDS,public_cleared,us_gov_public_domain,Public Domain,,False,
L1-02_L2-02d_0015__scene_004,L1-02,L2-02d,media,https://www.dvidshub.net/video/945046/parade-celebrates-20-years-nato-restoration-lithuanian-armed-forces,DVIDS,public_cleared,us_gov_public_domain,Public Domain,,False,
L1-02_L2-02d_0015__scene_006,L1-02,L2-02d,media,https://www.dvidshub.net/video/945046/parade-celebrates-20-years-nato-restoration-lithuanian-armed-forces,DVIDS,public_cleared,us_gov_public_domain,Public Domain,,False,
L1-02_L2-02d_0015__scene_007,L1-02,L2-02d,media,https://www.dvidshub.net/video/945046/parade-celebrates-20-years-nato-restoration-lithuanian-armed-forces,DVIDS,public_cleared,us_gov_public_domain,Public Domain,,False,
L1-02_L2-02d_0015__scene_008,L1-02,L2-02d,media,https://www.dvidshub.net/video/945046/parade-celebrates-20-years-nato-restoration-lithuanian-armed-forces,DVIDS,public_cleared,us_gov_public_domain,Public Domain,,False,
L1-02_L2-02d_0015__scene_009,L1-02,L2-02d,media,https://www.dvidshub.net/video/945046/parade-celebrates-20-years-nato-restoration-lithuanian-armed-forces,DVIDS,public_cleared,us_gov_public_domain,Public Domain,,False,
L1-02_L2-02d_0015__scene_011,L1-02,L2-02d,media,https://www.dvidshub.net/video/945046/parade-celebrates-20-years-nato-restoration-lithuanian-armed-forces,DVIDS,public_cleared,us_gov_public_domain,Public Domain,,False,
L1-02_L2-02d_0015__scene_012,L1-02,L2-02d,media,https://www.dvidshub.net/video/945046/parade-celebrates-20-years-nato-restoration-lithuanian-armed-forces,DVIDS,public_cleared,us_gov_public_domain,Public Domain,,False,
L1-02_L2-02d_0015__scene_013,L1-02,L2-02d,media,https://www.dvidshub.net/video/945046/parade-celebrates-20-years-nato-restoration-lithuanian-armed-forces,DVIDS,public_cleared,us_gov_public_domain,Public Domain,,False,
L1-03_L2-03a_0010__scene_004,L1-03,L2-03a,media,https://www.whitehouse.gov/videos/press-secretary-karoline-leavitt-briefs-members-of-the-media-nov-4-2025/,WhiteHouse,public_conditional,commons_free_license,CC BY 3.0,,False,
L1-03_L2-03a_0010__scene_006,L1-03,L2-03a,media,https://www.whitehouse.gov/videos/press-secretary-karoline-leavitt-briefs-members-of-the-media-nov-4-2025/,WhiteHouse,public_conditional,commons_free_license,CC BY 3.0,,False,
L1-03_L2-03a_0010__scene_010,L1-03,L2-03a,media,https://www.whitehouse.gov/videos/press-secretary-karoline-leavitt-briefs-members-of-the-media-nov-4-2025/,WhiteHouse,public_conditional,commons_free_license,CC BY 3.0,,False,
L1-03_L2-03a_0010__scene_017,L1-03,L2-03a,media,https://www.whitehouse.gov/videos/press-secretary-karoline-leavitt-briefs-members-of-the-media-nov-4-2025/,WhiteHouse,public_conditional,commons_free_license,CC BY 3.0,,False,
L1-03_L2-03a_0010__scene_021,L1-03,L2-03a,media,https://www.whitehouse.gov/videos/press-secretary-karoline-leavitt-briefs-members-of-the-media-nov-4-2025/,WhiteHouse,public_conditional,commons_free_license,CC BY 3.0,,False,
L1-03_L2-03a_0010__scene_036,L1-03,L2-03a,media,https://www.whitehouse.gov/videos/press-secretary-karoline-leavitt-briefs-members-of-the-media-nov-4-2025/,WhiteHouse,public_conditional,commons_free_license,CC BY 3.0,,False,
L1-03_L2-03a_0010__scene_064,L1-03,L2-03a,media,https://www.whitehouse.gov/videos/press-secretary-karoline-leavitt-briefs-members-of-the-media-nov-4-2025/,WhiteHouse,public_conditional,commons_free_license,CC BY 3.0,,False,
L1-03_L2-03a_0010__scene_068,L1-03,L2-03a,media,https://www.whitehouse.gov/videos/press-secretary-karoline-leavitt-briefs-members-of-the-media-nov-4-2025/,WhiteHouse,public_conditional,commons_free_license,CC BY 3.0,,False,
L1-03_L2-03a_0011__scene_005,L1-03,L2-03a,media,https://www.whitehouse.gov/videos/press-secretary-karoline-leavitt-briefs-members-of-the-media-oct-23-2025/,WhiteHouse,public_conditional,commons_free_license,CC BY 3.0,,False,
L1-03_L2-03a_0011__scene_008,L1-03,L2-03a,media,https://www.whitehouse.gov/videos/press-secretary-karoline-leavitt-briefs-members-of-the-media-oct-23-2025/,WhiteHouse,public_conditional,commons_free_license,CC BY 3.0,,False,
L1-03_L2-03a_0011__scene_012,L1-03,L2-03a,media,https://www.whitehouse.gov/videos/press-secretary-karoline-leavitt-briefs-members-of-the-media-oct-23-2025/,WhiteHouse,public_conditional,commons_free_license,CC BY 3.0,,False,
L1-03_L2-03a_0011__scene_014,L1-03,L2-03a,media,https://www.whitehouse.gov/videos/press-secretary-karoline-leavitt-briefs-members-of-the-media-oct-23-2025/,WhiteHouse,public_conditional,commons_free_license,CC BY 3.0,,False,
L1-03_L2-03a_0011__scene_029,L1-03,L2-03a,media,https://www.whitehouse.gov/videos/press-secretary-karoline-leavitt-briefs-members-of-the-media-oct-23-2025/,WhiteHouse,public_conditional,commons_free_license,CC BY 3.0,,False,
L1-03_L2-03a_0011__scene_044,L1-03,L2-03a,media,https://www.whitehouse.gov/videos/press-secretary-karoline-leavitt-briefs-members-of-the-media-oct-23-2025/,WhiteHouse,public_conditional,commons_free_license,CC BY 3.0,,False,
L1-03_L2-03a_0011__scene_055,L1-03,L2-03a,media,https://www.whitehouse.gov/videos/press-secretary-karoline-leavitt-briefs-members-of-the-media-oct-23-2025/,WhiteHouse,public_conditional,commons_free_license,CC BY 3.0,,False,
L1-03_L2-03a_0011__scene_061,L1-03,L2-03a,media,https://www.whitehouse.gov/videos/press-secretary-karoline-leavitt-briefs-members-of-the-media-oct-23-2025/,WhiteHouse,public_conditional,commons_free_license,CC BY 3.0,,False,
L1-03_L2-03a_0011__scene_064,L1-03,L2-03a,media,https://www.whitehouse.gov/videos/press-secretary-karoline-leavitt-briefs-members-of-the-media-oct-23-2025/,WhiteHouse,public_conditional,commons_free_license,CC BY 3.0,,False,
L1-03_L2-03a_0011__scene_065,L1-03,L2-03a,media,https://www.whitehouse.gov/videos/press-secretary-karoline-leavitt-briefs-members-of-the-media-oct-23-2025/,WhiteHouse,public_conditional,commons_free_license,CC BY 3.0,,False,
L1-03_L2-03a_0012__scene_006,L1-03,L2-03a,media,https://www.whitehouse.gov/videos/press-secretary-karoline-leavitt-briefs-members-of-the-media-oct-6-2025/,WhiteHouse,public_conditional,commons_free_license,CC BY 3.0,,False,
L1-03_L2-03a_0012__scene_025,L1-03,L2-03a,media,https://www.whitehouse.gov/videos/press-secretary-karoline-leavitt-briefs-members-of-the-media-oct-6-2025/,WhiteHouse,public_conditional,commons_free_license,CC BY 3.0,,False,
L1-03_L2-03b_0007__scene_001,L1-03,L2-03b,media,https://multimedia.europarl.europa.eu/en/video/four-years-of-russias-war-of-aggression-against-ukraine-and-european-contributions-to-a-just-peace-and-sustained-security-for-ukraine-meps-debate_I285177,EP MMC,public_conditional,official_reuse_conditions,注明 © EU–EP,,False,
L1-03_L2-03b_0007__scene_002,L1-03,L2-03b,media,https://multimedia.europarl.europa.eu/en/video/four-years-of-russias-war-of-aggression-against-ukraine-and-european-contributions-to-a-just-peace-and-sustained-security-for-ukraine-meps-debate_I285177,EP MMC,public_conditional,official_reuse_conditions,注明 © EU–EP,,False,
L1-03_L2-03b_0007__scene_007,L1-03,L2-03b,media,https://multimedia.europarl.europa.eu/en/video/four-years-of-russias-war-of-aggression-against-ukraine-and-european-contributions-to-a-just-peace-and-sustained-security-for-ukraine-meps-debate_I285177,EP MMC,public_conditional,official_reuse_conditions,注明 © EU–EP,,False,
L1-03_L2-03b_0007__scene_010,L1-03,L2-03b,media,https://multimedia.europarl.europa.eu/en/video/four-years-of-russias-war-of-aggression-against-ukraine-and-european-contributions-to-a-just-peace-and-sustained-security-for-ukraine-meps-debate_I285177,EP MMC,public_conditional,official_reuse_conditions,注明 © EU–EP,,False,
L1-03_L2-03b_0007__scene_011,L1-03,L2-03b,media,https://multimedia.europarl.europa.eu/en/video/four-years-of-russias-war-of-aggression-against-ukraine-and-european-contributions-to-a-just-peace-and-sustained-security-for-ukraine-meps-debate_I285177,EP MMC,public_conditional,official_reuse_conditions,注明 © EU–EP,,False,
L1-03_L2-03b_0007__scene_013,L1-03,L2-03b,media,https://multimedia.europarl.europa.eu/en/video/four-years-of-russias-war-of-aggression-against-ukraine-and-european-contributions-to-a-just-peace-and-sustained-security-for-ukraine-meps-debate_I285177,EP MMC,public_conditional,official_reuse_conditions,注明 © EU–EP,,False,
L1-03_L2-03b_0007__scene_018,L1-03,L2-03b,media,https://multimedia.europarl.europa.eu/en/video/four-years-of-russias-war-of-aggression-against-ukraine-and-european-contributions-to-a-just-peace-and-sustained-security-for-ukraine-meps-debate_I285177,EP MMC,public_conditional,official_reuse_conditions,注明 © EU–EP,,False,
L1-03_L2-03b_0007__scene_022,L1-03,L2-03b,media,https://multimedia.europarl.europa.eu/en/video/four-years-of-russias-war-of-aggression-against-ukraine-and-european-contributions-to-a-just-peace-and-sustained-security-for-ukraine-meps-debate_I285177,EP MMC,public_conditional,official_reuse_conditions,注明 © EU–EP,,False,
L1-03_L2-03b_0007__scene_027,L1-03,L2-03b,media,https://multimedia.europarl.europa.eu/en/video/four-years-of-russias-war-of-aggression-against-ukraine-and-european-contributions-to-a-just-peace-and-sustained-security-for-ukraine-meps-debate_I285177,EP MMC,public_conditional,official_reuse_conditions,注明 © EU–EP,,False,
L1-03_L2-03b_0007__scene_030,L1-03,L2-03b,media,https://multimedia.europarl.europa.eu/en/video/four-years-of-russias-war-of-aggression-against-ukraine-and-european-contributions-to-a-just-peace-and-sustained-security-for-ukraine-meps-debate_I285177,EP MMC,public_conditional,official_reuse_conditions,注明 © EU–EP,,False,
L1-03_L2-03b_0007__scene_036,L1-03,L2-03b,media,https://multimedia.europarl.europa.eu/en/video/four-years-of-russias-war-of-aggression-against-ukraine-and-european-contributions-to-a-just-peace-and-sustained-security-for-ukraine-meps-debate_I285177,EP MMC,public_conditional,official_reuse_conditions,注明 © EU–EP,,False,
L1-03_L2-03b_0007__scene_038,L1-03,L2-03b,media,https://multimedia.europarl.europa.eu/en/video/four-years-of-russias-war-of-aggression-against-ukraine-and-european-contributions-to-a-just-peace-and-sustained-security-for-ukraine-meps-debate_I285177,EP MMC,public_conditional,official_reuse_conditions,注明 © EU–EP,,False,
L1-03_L2-03b_0007__scene_040,L1-03,L2-03b,media,https://multimedia.europarl.europa.eu/en/video/four-years-of-russias-war-of-aggression-against-ukraine-and-european-contributions-to-a-just-peace-and-sustained-security-for-ukraine-meps-debate_I285177,EP MMC,public_conditional,official_reuse_conditions,注明 © EU–EP,,False,
L1-03_L2-03b_0007__scene_042,L1-03,L2-03b,media,https://multimedia.europarl.europa.eu/en/video/four-years-of-russias-war-of-aggression-against-ukraine-and-european-contributions-to-a-just-peace-and-sustained-security-for-ukraine-meps-debate_I285177,EP MMC,public_conditional,official_reuse_conditions,注明 © EU–EP,,False,
L1-03_L2-03b_0007__scene_046,L1-03,L2-03b,media,https://multimedia.europarl.europa.eu/en/video/four-years-of-russias-war-of-aggression-against-ukraine-and-european-contributions-to-a-just-peace-and-sustained-security-for-ukraine-meps-debate_I285177,EP MMC,public_conditional,official_reuse_conditions,注明 © EU–EP,,False,
L1-03_L2-03b_0007__scene_057,L1-03,L2-03b,media,https://multimedia.europarl.europa.eu/en/video/four-years-of-russias-war-of-aggression-against-ukraine-and-european-contributions-to-a-just-peace-and-sustained-security-for-ukraine-meps-debate_I285177,EP MMC,public_conditional,official_reuse_conditions,注明 © EU–EP,,False,
L1-03_L2-03b_0007__scene_064,L1-03,L2-03b,media,https://multimedia.europarl.europa.eu/en/video/four-years-of-russias-war-of-aggression-against-ukraine-and-european-contributions-to-a-just-peace-and-sustained-security-for-ukraine-meps-debate_I285177,EP MMC,public_conditional,official_reuse_conditions,注明 © EU–EP,,False,
L1-03_L2-03b_0007__scene_066,L1-03,L2-03b,media,https://multimedia.europarl.europa.eu/en/video/four-years-of-russias-war-of-aggression-against-ukraine-and-european-contributions-to-a-just-peace-and-sustained-security-for-ukraine-meps-debate_I285177,EP MMC,public_conditional,official_reuse_conditions,注明 © EU–EP,,False,
L1-03_L2-03b_0007__scene_077,L1-03,L2-03b,media,https://multimedia.europarl.europa.eu/en/video/four-years-of-russias-war-of-aggression-against-ukraine-and-european-contributions-to-a-just-peace-and-sustained-security-for-ukraine-meps-debate_I285177,EP MMC,public_conditional,official_reuse_conditions,注明 © EU–EP,,False,
L1-03_L2-03b_0007__scene_079,L1-03,L2-03b,media,https://multimedia.europarl.europa.eu/en/video/four-years-of-russias-war-of-aggression-against-ukraine-and-european-contributions-to-a-just-peace-and-sustained-security-for-ukraine-meps-debate_I285177,EP MMC,public_conditional,official_reuse_conditions,注明 © EU–EP,,False,
L1-03_L2-03b_0009__scene_002,L1-03,L2-03b,media,https://multimedia.europarl.europa.eu/en/video/four-years-of-russias-war-of-aggression-against-ukraine-and-european-contributions-to-a-just-peace-and-sustained-security-for-ukraine-one-round-of-political-group-leaders_I285499,EP MMC,public_conditional,official_reuse_conditions,注明 © EU–EP,,False,
L1-03_L2-03b_0009__scene_003,L1-03,L2-03b,media,https://multimedia.europarl.europa.eu/en/video/four-years-of-russias-war-of-aggression-against-ukraine-and-european-contributions-to-a-just-peace-and-sustained-security-for-ukraine-one-round-of-political-group-leaders_I285499,EP MMC,public_conditional,official_reuse_conditions,注明 © EU–EP,,False,
L1-03_L2-03b_0009__scene_009,L1-03,L2-03b,media,https://multimedia.europarl.europa.eu/en/video/four-years-of-russias-war-of-aggression-against-ukraine-and-european-contributions-to-a-just-peace-and-sustained-security-for-ukraine-one-round-of-political-group-leaders_I285499,EP MMC,public_conditional,official_reuse_conditions,注明 © EU–EP,,False,
L1-03_L2-03b_0009__scene_013,L1-03,L2-03b,media,https://multimedia.europarl.europa.eu/en/video/four-years-of-russias-war-of-aggression-against-ukraine-and-european-contributions-to-a-just-peace-and-sustained-security-for-ukraine-one-round-of-political-group-leaders_I285499,EP MMC,public_conditional,official_reuse_conditions,注明 © EU–EP,,False,
L1-03_L2-03b_0009__scene_021,L1-03,L2-03b,media,https://multimedia.europarl.europa.eu/en/video/four-years-of-russias-war-of-aggression-against-ukraine-and-european-contributions-to-a-just-peace-and-sustained-security-for-ukraine-one-round-of-political-group-leaders_I285499,EP MMC,public_conditional,official_reuse_conditions,注明 © EU–EP,,False,
L1-03_L2-03b_0009__scene_023,L1-03,L2-03b,media,https://multimedia.europarl.europa.eu/en/video/four-years-of-russias-war-of-aggression-against-ukraine-and-european-contributions-to-a-just-peace-and-sustained-security-for-ukraine-one-round-of-political-group-leaders_I285499,EP MMC,public_conditional,official_reuse_conditions,注明 © EU–EP,,False,
L1-03_L2-03b_0009__scene_024,L1-03,L2-03b,media,https://multimedia.europarl.europa.eu/en/video/four-years-of-russias-war-of-aggression-against-ukraine-and-european-contributions-to-a-just-peace-and-sustained-security-for-ukraine-one-round-of-political-group-leaders_I285499,EP MMC,public_conditional,official_reuse_conditions,注明 © EU–EP,,False,
L1-03_L2-03b_0009__scene_026,L1-03,L2-03b,media,https://multimedia.europarl.europa.eu/en/video/four-years-of-russias-war-of-aggression-against-ukraine-and-european-contributions-to-a-just-peace-and-sustained-security-for-ukraine-one-round-of-political-group-leaders_I285499,EP MMC,public_conditional,official_reuse_conditions,注明 © EU–EP,,False,
L1-03_L2-03b_0009__scene_042,L1-03,L2-03b,media,https://multimedia.europarl.europa.eu/en/video/four-years-of-russias-war-of-aggression-against-ukraine-and-european-contributions-to-a-just-peace-and-sustained-security-for-ukraine-one-round-of-political-group-leaders_I285499,EP MMC,public_conditional,official_reuse_conditions,注明 © EU–EP,,False,
L1-03_L2-03b_0009__scene_051,L1-03,L2-03b,media,https://multimedia.europarl.europa.eu/en/video/four-years-of-russias-war-of-aggression-against-ukraine-and-european-contributions-to-a-just-peace-and-sustained-security-for-ukraine-one-round-of-political-group-leaders_I285499,EP MMC,public_conditional,official_reuse_conditions,注明 © EU–EP,,False,
L1-03_L2-03b_0009__scene_052,L1-03,L2-03b,media,https://multimedia.europarl.europa.eu/en/video/four-years-of-russias-war-of-aggression-against-ukraine-and-european-contributions-to-a-just-peace-and-sustained-security-for-ukraine-one-round-of-political-group-leaders_I285499,EP MMC,public_conditional,official_reuse_conditions,注明 © EU–EP,,False,
L1-03_L2-03b_0009__scene_057,L1-03,L2-03b,media,https://multimedia.europarl.europa.eu/en/video/four-years-of-russias-war-of-aggression-against-ukraine-and-european-contributions-to-a-just-peace-and-sustained-security-for-ukraine-one-round-of-political-group-leaders_I285499,EP MMC,public_conditional,official_reuse_conditions,注明 © EU–EP,,False,
L1-03_L2-03b_0009__scene_066,L1-03,L2-03b,media,https://multimedia.europarl.europa.eu/en/video/four-years-of-russias-war-of-aggression-against-ukraine-and-european-contributions-to-a-just-peace-and-sustained-security-for-ukraine-one-round-of-political-group-leaders_I285499,EP MMC,public_conditional,official_reuse_conditions,注明 © EU–EP,,False,
L1-03_L2-03c_0003__scene_008,L1-03,L2-03c,media,https://multimedia.europarl.europa.eu/en/video/four-years-of-russias-war-of-aggression-against-ukraine-and-european-contributions-to-a-just-peace-and-sustained-security-for-ukraine-statement-by-volodymyr-zelenskyy-president-of-ukraine-remote_I285249,EP MMC,public_conditional,official_reuse_conditions,注明 © EU–EP,,False,
L1-03_L2-03c_0003__scene_009,L1-03,L2-03c,media,https://multimedia.europarl.europa.eu/en/video/four-years-of-russias-war-of-aggression-against-ukraine-and-european-contributions-to-a-just-peace-and-sustained-security-for-ukraine-statement-by-volodymyr-zelenskyy-president-of-ukraine-remote_I285249,EP MMC,public_conditional,official_reuse_conditions,注明 © EU–EP,,False,
L1-03_L2-03c_0003__scene_015,L1-03,L2-03c,media,https://multimedia.europarl.europa.eu/en/video/four-years-of-russias-war-of-aggression-against-ukraine-and-european-contributions-to-a-just-peace-and-sustained-security-for-ukraine-statement-by-volodymyr-zelenskyy-president-of-ukraine-remote_I285249,EP MMC,public_conditional,official_reuse_conditions,注明 © EU–EP,,False,
L1-03_L2-03c_0003__scene_020,L1-03,L2-03c,media,https://multimedia.europarl.europa.eu/en/video/four-years-of-russias-war-of-aggression-against-ukraine-and-european-contributions-to-a-just-peace-and-sustained-security-for-ukraine-statement-by-volodymyr-zelenskyy-president-of-ukraine-remote_I285249,EP MMC,public_conditional,official_reuse_conditions,注明 © EU–EP,,False,
L1-03_L2-03c_0003__scene_021,L1-03,L2-03c,media,https://multimedia.europarl.europa.eu/en/video/four-years-of-russias-war-of-aggression-against-ukraine-and-european-contributions-to-a-just-peace-and-sustained-security-for-ukraine-statement-by-volodymyr-zelenskyy-president-of-ukraine-remote_I285249,EP MMC,public_conditional,official_reuse_conditions,注明 © EU–EP,,False,
L1-03_L2-03c_0013__scene_004,L1-03,L2-03c,media,https://www.whitehouse.gov/videos/president-trump-delivers-investing-in-america-remarks/,WhiteHouse,public_conditional,commons_free_license,CC BY 3.0,,False,
L1-03_L2-03c_0013__scene_014,L1-03,L2-03c,media,https://www.whitehouse.gov/videos/president-trump-delivers-investing-in-america-remarks/,WhiteHouse,public_conditional,commons_free_license,CC BY 3.0,,False,
L1-03_L2-03c_0013__scene_021,L1-03,L2-03c,media,https://www.whitehouse.gov/videos/president-trump-delivers-investing-in-america-remarks/,WhiteHouse,public_conditional,commons_free_license,CC BY 3.0,,False,
L1-03_L2-03c_0013__scene_033,L1-03,L2-03c,media,https://www.whitehouse.gov/videos/president-trump-delivers-investing-in-america-remarks/,WhiteHouse,public_conditional,commons_free_license,CC BY 3.0,,False,
L1-03_L2-03c_0013__scene_034,L1-03,L2-03c,media,https://www.whitehouse.gov/videos/president-trump-delivers-investing-in-america-remarks/,WhiteHouse,public_conditional,commons_free_license,CC BY 3.0,,False,
L1-03_L2-03c_0013__scene_038,L1-03,L2-03c,media,https://www.whitehouse.gov/videos/president-trump-delivers-investing-in-america-remarks/,WhiteHouse,public_conditional,commons_free_license,CC BY 3.0,,False,
L1-03_L2-03c_0013__scene_039,L1-03,L2-03c,media,https://www.whitehouse.gov/videos/president-trump-delivers-investing-in-america-remarks/,WhiteHouse,public_conditional,commons_free_license,CC BY 3.0,,False,
L1-03_L2-03c_0013__scene_066,L1-03,L2-03c,media,https://www.whitehouse.gov/videos/president-trump-delivers-investing-in-america-remarks/,WhiteHouse,public_conditional,commons_free_license,CC BY 3.0,,False,
L1-03_L2-03c_0013__scene_067,L1-03,L2-03c,media,https://www.whitehouse.gov/videos/president-trump-delivers-investing-in-america-remarks/,WhiteHouse,public_conditional,commons_free_license,CC BY 3.0,,False,
L1-03_L2-03d_0001__scene_003,L1-03,L2-03d,media,https://multimedia.europarl.europa.eu/en/video/roberta-metsola-ep-president-meets-with-rob-jetten-dutch-prime-minister-arrival-welcome-and-roundtable_I285760,EP MMC,public_conditional,official_reuse_conditions,注明 © EU–EP,,False,
L1-03_L2-03d_0001__scene_005,L1-03,L2-03d,media,https://multimedia.europarl.europa.eu/en/video/roberta-metsola-ep-president-meets-with-rob-jetten-dutch-prime-minister-arrival-welcome-and-roundtable_I285760,EP MMC,public_conditional,official_reuse_conditions,注明 © EU–EP,,False,
L1-03_L2-03d_0001__scene_006,L1-03,L2-03d,media,https://multimedia.europarl.europa.eu/en/video/roberta-metsola-ep-president-meets-with-rob-jetten-dutch-prime-minister-arrival-welcome-and-roundtable_I285760,EP MMC,public_conditional,official_reuse_conditions,注明 © EU–EP,,False,
L1-03_L2-03d_0001__scene_008,L1-03,L2-03d,media,https://multimedia.europarl.europa.eu/en/video/roberta-metsola-ep-president-meets-with-rob-jetten-dutch-prime-minister-arrival-welcome-and-roundtable_I285760,EP MMC,public_conditional,official_reuse_conditions,注明 © EU–EP,,False,
L1-03_L2-03d_0001__scene_009,L1-03,L2-03d,media,https://multimedia.europarl.europa.eu/en/video/roberta-metsola-ep-president-meets-with-rob-jetten-dutch-prime-minister-arrival-welcome-and-roundtable_I285760,EP MMC,public_conditional,official_reuse_conditions,注明 © EU–EP,,False,
L1-03_L2-03d_0001__scene_010,L1-03,L2-03d,media,https://multimedia.europarl.europa.eu/en/video/roberta-metsola-ep-president-meets-with-rob-jetten-dutch-prime-minister-arrival-welcome-and-roundtable_I285760,EP MMC,public_conditional,official_reuse_conditions,注明 © EU–EP,,False,
L1-03_L2-03d_0001__scene_011,L1-03,L2-03d,media,https://multimedia.europarl.europa.eu/en/video/roberta-metsola-ep-president-meets-with-rob-jetten-dutch-prime-minister-arrival-welcome-and-roundtable_I285760,EP MMC,public_conditional,official_reuse_conditions,注明 © EU–EP,,False,
L1-03_L2-03d_0001__scene_012,L1-03,L2-03d,media,https://multimedia.europarl.europa.eu/en/video/roberta-metsola-ep-president-meets-with-rob-jetten-dutch-prime-minister-arrival-welcome-and-roundtable_I285760,EP MMC,public_conditional,official_reuse_conditions,注明 © EU–EP,,False,
L1-03_L2-03d_0001__scene_013,L1-03,L2-03d,media,https://multimedia.europarl.europa.eu/en/video/roberta-metsola-ep-president-meets-with-rob-jetten-dutch-prime-minister-arrival-welcome-and-roundtable_I285760,EP MMC,public_conditional,official_reuse_conditions,注明 © EU–EP,,False,
L1-03_L2-03d_0002__scene_002,L1-03,L2-03d,media,https://multimedia.europarl.europa.eu/en/video/roberta-metsola-ep-president-meeting-with-marcelo-rebelo-de-sousa-president-of-portugal-arrival-welcome-and-roundtable_I285158,EP MMC,public_conditional,official_reuse_conditions,注明 © EU–EP,,False,
L1-03_L2-03d_0002__scene_003,L1-03,L2-03d,media,https://multimedia.europarl.europa.eu/en/video/roberta-metsola-ep-president-meeting-with-marcelo-rebelo-de-sousa-president-of-portugal-arrival-welcome-and-roundtable_I285158,EP MMC,public_conditional,official_reuse_conditions,注明 © EU–EP,,False,
L1-03_L2-03d_0002__scene_004,L1-03,L2-03d,media,https://multimedia.europarl.europa.eu/en/video/roberta-metsola-ep-president-meeting-with-marcelo-rebelo-de-sousa-president-of-portugal-arrival-welcome-and-roundtable_I285158,EP MMC,public_conditional,official_reuse_conditions,注明 © EU–EP,,False,
L1-03_L2-03d_0002__scene_005,L1-03,L2-03d,media,https://multimedia.europarl.europa.eu/en/video/roberta-metsola-ep-president-meeting-with-marcelo-rebelo-de-sousa-president-of-portugal-arrival-welcome-and-roundtable_I285158,EP MMC,public_conditional,official_reuse_conditions,注明 © EU–EP,,False,
L1-03_L2-03d_0002__scene_006,L1-03,L2-03d,media,https://multimedia.europarl.europa.eu/en/video/roberta-metsola-ep-president-meeting-with-marcelo-rebelo-de-sousa-president-of-portugal-arrival-welcome-and-roundtable_I285158,EP MMC,public_conditional,official_reuse_conditions,注明 © EU–EP,,False,
L1-03_L2-03d_0002__scene_008,L1-03,L2-03d,media,https://multimedia.europarl.europa.eu/en/video/roberta-metsola-ep-president-meeting-with-marcelo-rebelo-de-sousa-president-of-portugal-arrival-welcome-and-roundtable_I285158,EP MMC,public_conditional,official_reuse_conditions,注明 © EU–EP,,False,
L1-03_L2-03d_0006__scene_003,L1-03,L2-03d,media,https://www.whitehouse.gov/videos/president-trump-and-the-first-lady-participate-in-a-dinner-with-the-crown-prince-of-saudi-arabia/,WhiteHouse,public_conditional,commons_free_license,CC BY 3.0,,False,
L1-03_L2-03d_0006__scene_020,L1-03,L2-03d,media,https://www.whitehouse.gov/videos/president-trump-and-the-first-lady-participate-in-a-dinner-with-the-crown-prince-of-saudi-arabia/,WhiteHouse,public_conditional,commons_free_license,CC BY 3.0,,False,
L1-03_L2-03d_0006__scene_032,L1-03,L2-03d,media,https://www.whitehouse.gov/videos/president-trump-and-the-first-lady-participate-in-a-dinner-with-the-crown-prince-of-saudi-arabia/,WhiteHouse,public_conditional,commons_free_license,CC BY 3.0,,False,
L1-03_L2-03d_0006__scene_033,L1-03,L2-03d,media,https://www.whitehouse.gov/videos/president-trump-and-the-first-lady-participate-in-a-dinner-with-the-crown-prince-of-saudi-arabia/,WhiteHouse,public_conditional,commons_free_license,CC BY 3.0,,False,
L1-03_L2-03d_0006__scene_035,L1-03,L2-03d,media,https://www.whitehouse.gov/videos/president-trump-and-the-first-lady-participate-in-a-dinner-with-the-crown-prince-of-saudi-arabia/,WhiteHouse,public_conditional,commons_free_license,CC BY 3.0,,False,
L1-03_L2-03d_0006__scene_036,L1-03,L2-03d,media,https://www.whitehouse.gov/videos/president-trump-and-the-first-lady-participate-in-a-dinner-with-the-crown-prince-of-saudi-arabia/,WhiteHouse,public_conditional,commons_free_license,CC BY 3.0,,False,
L1-03_L2-03d_0006__scene_038,L1-03,L2-03d,media,https://www.whitehouse.gov/videos/president-trump-and-the-first-lady-participate-in-a-dinner-with-the-crown-prince-of-saudi-arabia/,WhiteHouse,public_conditional,commons_free_license,CC BY 3.0,,False,
L1-03_L2-03d_0006__scene_039,L1-03,L2-03d,media,https://www.whitehouse.gov/videos/president-trump-and-the-first-lady-participate-in-a-dinner-with-the-crown-prince-of-saudi-arabia/,WhiteHouse,public_conditional,commons_free_license,CC BY 3.0,,False,
L1-03_L2-03d_0007__scene_002,L1-03,L2-03d,media,https://www.whitehouse.gov/videos/president-trump-participates-in-an-arrival-ceremony-with-the-crown-prince-of-saudi-arabia/,WhiteHouse,public_conditional,commons_free_license,CC BY 3.0,,False,
L1-03_L2-03d_0007__scene_003,L1-03,L2-03d,media,https://www.whitehouse.gov/videos/president-trump-participates-in-an-arrival-ceremony-with-the-crown-prince-of-saudi-arabia/,WhiteHouse,public_conditional,commons_free_license,CC BY 3.0,,False,
L1-03_L2-03d_0007__scene_004,L1-03,L2-03d,media,https://www.whitehouse.gov/videos/president-trump-participates-in-an-arrival-ceremony-with-the-crown-prince-of-saudi-arabia/,WhiteHouse,public_conditional,commons_free_license,CC BY 3.0,,False,
L1-03_L2-03d_0007__scene_005,L1-03,L2-03d,media,https://www.whitehouse.gov/videos/president-trump-participates-in-an-arrival-ceremony-with-the-crown-prince-of-saudi-arabia/,WhiteHouse,public_conditional,commons_free_license,CC BY 3.0,,False,
L1-03_L2-03d_0010__scene_011,L1-03,L2-03d,media,https://www.whitehouse.gov/videos/president-trump-and-the-first-lady-participate-in-a-windsor-castle-arrival-ceremony/,WhiteHouse,public_conditional,commons_free_license,CC BY 3.0,,False,
L1-03_L2-03d_0010__scene_013,L1-03,L2-03d,media,https://www.whitehouse.gov/videos/president-trump-and-the-first-lady-participate-in-a-windsor-castle-arrival-ceremony/,WhiteHouse,public_conditional,commons_free_license,CC BY 3.0,,False,
L1-03_L2-03d_0010__scene_016,L1-03,L2-03d,media,https://www.whitehouse.gov/videos/president-trump-and-the-first-lady-participate-in-a-windsor-castle-arrival-ceremony/,WhiteHouse,public_conditional,commons_free_license,CC BY 3.0,,False,
L1-03_L2-03d_0010__scene_018,L1-03,L2-03d,media,https://www.whitehouse.gov/videos/president-trump-and-the-first-lady-participate-in-a-windsor-castle-arrival-ceremony/,WhiteHouse,public_conditional,commons_free_license,CC BY 3.0,,False,
L1-03_L2-03d_0010__scene_019,L1-03,L2-03d,media,https://www.whitehouse.gov/videos/president-trump-and-the-first-lady-participate-in-a-windsor-castle-arrival-ceremony/,WhiteHouse,public_conditional,commons_free_license,CC BY 3.0,,False,
L1-03_L2-03d_0010__scene_020,L1-03,L2-03d,media,https://www.whitehouse.gov/videos/president-trump-and-the-first-lady-participate-in-a-windsor-castle-arrival-ceremony/,WhiteHouse,public_conditional,commons_free_license,CC BY 3.0,,False,
L1-03_L2-03d_0010__scene_026,L1-03,L2-03d,media,https://www.whitehouse.gov/videos/president-trump-and-the-first-lady-participate-in-a-windsor-castle-arrival-ceremony/,WhiteHouse,public_conditional,commons_free_license,CC BY 3.0,,False,
L1-03_L2-03d_0010__scene_033,L1-03,L2-03d,media,https://www.whitehouse.gov/videos/president-trump-and-the-first-lady-participate-in-a-windsor-castle-arrival-ceremony/,WhiteHouse,public_conditional,commons_free_license,CC BY 3.0,,False,
L1-03_L2-03d_0010__scene_034,L1-03,L2-03d,media,https://www.whitehouse.gov/videos/president-trump-and-the-first-lady-participate-in-a-windsor-castle-arrival-ceremony/,WhiteHouse,public_conditional,commons_free_license,CC BY 3.0,,False,
L1-03_L2-03d_0011__scene_002,L1-03,L2-03d,media,https://www.whitehouse.gov/videos/president-trump-participates-in-a-bilateral-meeting-with-the-president-of-the-republic-of-poland/,WhiteHouse,public_conditional,commons_free_license,CC BY 3.0,,False,
L1-03_L2-03d_0011__scene_003,L1-03,L2-03d,media,https://www.whitehouse.gov/videos/president-trump-participates-in-a-bilateral-meeting-with-the-president-of-the-republic-of-poland/,WhiteHouse,public_conditional,commons_free_license,CC BY 3.0,,False,
L1-03_L2-03d_0011__scene_011,L1-03,L2-03d,media,https://www.whitehouse.gov/videos/president-trump-participates-in-a-bilateral-meeting-with-the-president-of-the-republic-of-poland/,WhiteHouse,public_conditional,commons_free_license,CC BY 3.0,,False,
L1-03_L2-03d_0011__scene_013,L1-03,L2-03d,media,https://www.whitehouse.gov/videos/president-trump-participates-in-a-bilateral-meeting-with-the-president-of-the-republic-of-poland/,WhiteHouse,public_conditional,commons_free_license,CC BY 3.0,,False,
L1-03_L2-03d_0014__scene_003,L1-03,L2-03d,media,https://www.whitehouse.gov/videos/president-trump-participates-in-a-nato-family-photo/,WhiteHouse,public_conditional,commons_free_license,CC BY 3.0,,False,
L1-03_L2-03d_0014__scene_006,L1-03,L2-03d,media,https://www.whitehouse.gov/videos/president-trump-participates-in-a-nato-family-photo/,WhiteHouse,public_conditional,commons_free_license,CC BY 3.0,,False,
L1-03_L2-03d_0014__scene_009,L1-03,L2-03d,media,https://www.whitehouse.gov/videos/president-trump-participates-in-a-nato-family-photo/,WhiteHouse,public_conditional,commons_free_license,CC BY 3.0,,False,
L1-03_L2-03d_0014__scene_012,L1-03,L2-03d,media,https://www.whitehouse.gov/videos/president-trump-participates-in-a-nato-family-photo/,WhiteHouse,public_conditional,commons_free_license,CC BY 3.0,,False,
L1-03_L2-03d_0014__scene_014,L1-03,L2-03d,media,https://www.whitehouse.gov/videos/president-trump-participates-in-a-nato-family-photo/,WhiteHouse,public_conditional,commons_free_license,CC BY 3.0,,False,
L1-03_L2-03d_0014__scene_016,L1-03,L2-03d,media,https://www.whitehouse.gov/videos/president-trump-participates-in-a-nato-family-photo/,WhiteHouse,public_conditional,commons_free_license,CC BY 3.0,,False,
L1-03_L2-03d_0014__scene_018,L1-03,L2-03d,media,https://www.whitehouse.gov/videos/president-trump-participates-in-a-nato-family-photo/,WhiteHouse,public_conditional,commons_free_license,CC BY 3.0,,False,
L1-03_L2-03d_0014__scene_020,L1-03,L2-03d,media,https://www.whitehouse.gov/videos/president-trump-participates-in-a-nato-family-photo/,WhiteHouse,public_conditional,commons_free_license,CC BY 3.0,,False,
L1-03_L2-03d_0014__scene_022,L1-03,L2-03d,media,https://www.whitehouse.gov/videos/president-trump-participates-in-a-nato-family-photo/,WhiteHouse,public_conditional,commons_free_license,CC BY 3.0,,False,
L1-03_L2-03d_0014__scene_025,L1-03,L2-03d,media,https://www.whitehouse.gov/videos/president-trump-participates-in-a-nato-family-photo/,WhiteHouse,public_conditional,commons_free_license,CC BY 3.0,,False,
L1-03_L2-03d_0014__scene_028,L1-03,L2-03d,media,https://www.whitehouse.gov/videos/president-trump-participates-in-a-nato-family-photo/,WhiteHouse,public_conditional,commons_free_license,CC BY 3.0,,False,
L1-03_L2-03d_0014__scene_032,L1-03,L2-03d,media,https://www.whitehouse.gov/videos/president-trump-participates-in-a-nato-family-photo/,WhiteHouse,public_conditional,commons_free_license,CC BY 3.0,,False,
L1-03_L2-03d_0014__scene_036,L1-03,L2-03d,media,https://www.whitehouse.gov/videos/president-trump-participates-in-a-nato-family-photo/,WhiteHouse,public_conditional,commons_free_license,CC BY 3.0,,False,
L1-03_L2-03d_0014__scene_040,L1-03,L2-03d,media,https://www.whitehouse.gov/videos/president-trump-participates-in-a-nato-family-photo/,WhiteHouse,public_conditional,commons_free_license,CC BY 3.0,,False,
L1-03_L2-03d_0014__scene_044,L1-03,L2-03d,media,https://www.whitehouse.gov/videos/president-trump-participates-in-a-nato-family-photo/,WhiteHouse,public_conditional,commons_free_license,CC BY 3.0,,False,
L1-03_L2-03d_0014__scene_049,L1-03,L2-03d,media,https://www.whitehouse.gov/videos/president-trump-participates-in-a-nato-family-photo/,WhiteHouse,public_conditional,commons_free_license,CC BY 3.0,,False,
L1-03_L2-03d_0014__scene_052,L1-03,L2-03d,media,https://www.whitehouse.gov/videos/president-trump-participates-in-a-nato-family-photo/,WhiteHouse,public_conditional,commons_free_license,CC BY 3.0,,False,
L1-03_L2-03d_0014__scene_056,L1-03,L2-03d,media,https://www.whitehouse.gov/videos/president-trump-participates-in-a-nato-family-photo/,WhiteHouse,public_conditional,commons_free_license,CC BY 3.0,,False,
L1-03_L2-03d_0014__scene_058,L1-03,L2-03d,media,https://www.whitehouse.gov/videos/president-trump-participates-in-a-nato-family-photo/,WhiteHouse,public_conditional,commons_free_license,CC BY 3.0,,False,
L1-03_L2-03d_0014__scene_061,L1-03,L2-03d,media,https://www.whitehouse.gov/videos/president-trump-participates-in-a-nato-family-photo/,WhiteHouse,public_conditional,commons_free_license,CC BY 3.0,,False,
L1-03_L2-03d_0014__scene_067,L1-03,L2-03d,media,https://www.whitehouse.gov/videos/president-trump-participates-in-a-nato-family-photo/,WhiteHouse,public_conditional,commons_free_license,CC BY 3.0,,False,
L1-03_L2-03d_0014__scene_077,L1-03,L2-03d,media,https://www.whitehouse.gov/videos/president-trump-participates-in-a-nato-family-photo/,WhiteHouse,public_conditional,commons_free_license,CC BY 3.0,,False,
L1-03_L2-03d_0014__scene_081,L1-03,L2-03d,media,https://www.whitehouse.gov/videos/president-trump-participates-in-a-nato-family-photo/,WhiteHouse,public_conditional,commons_free_license,CC BY 3.0,,False,
L1-03_L2-03d_0014__scene_084,L1-03,L2-03d,media,https://www.whitehouse.gov/videos/president-trump-participates-in-a-nato-family-photo/,WhiteHouse,public_conditional,commons_free_license,CC BY 3.0,,False,
L1-03_L2-03d_0014__scene_086,L1-03,L2-03d,media,https://www.whitehouse.gov/videos/president-trump-participates-in-a-nato-family-photo/,WhiteHouse,public_conditional,commons_free_license,CC BY 3.0,,False,
L1-03_L2-03d_0015__scene_002,L1-03,L2-03d,media,https://www.whitehouse.gov/videos/president-trump-participates-in-a-g7-family-photo/,WhiteHouse,public_conditional,commons_free_license,CC BY 3.0,,False,
L1-03_L2-03d_0015__scene_003,L1-03,L2-03d,media,https://www.whitehouse.gov/videos/president-trump-participates-in-a-g7-family-photo/,WhiteHouse,public_conditional,commons_free_license,CC BY 3.0,,False,
L1-03_L2-03d_0015__scene_005,L1-03,L2-03d,media,https://www.whitehouse.gov/videos/president-trump-participates-in-a-g7-family-photo/,WhiteHouse,public_conditional,commons_free_license,CC BY 3.0,,False,
L1-03_L2-03d_0015__scene_010,L1-03,L2-03d,media,https://www.whitehouse.gov/videos/president-trump-participates-in-a-g7-family-photo/,WhiteHouse,public_conditional,commons_free_license,CC BY 3.0,,False,
L1-03_L2-03d_0015__scene_011,L1-03,L2-03d,media,https://www.whitehouse.gov/videos/president-trump-participates-in-a-g7-family-photo/,WhiteHouse,public_conditional,commons_free_license,CC BY 3.0,,False,
L1-04_L2-04a_0001__scene_001,L1-04,L2-04a,media,https://www.dvidshub.net/video/994879/alabama-national-guard-continues-prescence-patrol-during-dc-safe-mission,DVIDS,public_cleared,us_gov_public_domain,Public Domain,,False,
L1-04_L2-04a_0001__scene_004,L1-04,L2-04a,media,https://www.dvidshub.net/video/994879/alabama-national-guard-continues-prescence-patrol-during-dc-safe-mission,DVIDS,public_cleared,us_gov_public_domain,Public Domain,,False,
L1-04_L2-04a_0001__scene_005,L1-04,L2-04a,media,https://www.dvidshub.net/video/994879/alabama-national-guard-continues-prescence-patrol-during-dc-safe-mission,DVIDS,public_cleared,us_gov_public_domain,Public Domain,,False,
L1-04_L2-04a_0001__scene_006,L1-04,L2-04a,media,https://www.dvidshub.net/video/994879/alabama-national-guard-continues-prescence-patrol-during-dc-safe-mission,DVIDS,public_cleared,us_gov_public_domain,Public Domain,,False,
L1-04_L2-04a_0001__scene_008,L1-04,L2-04a,media,https://www.dvidshub.net/video/994879/alabama-national-guard-continues-prescence-patrol-during-dc-safe-mission,DVIDS,public_cleared,us_gov_public_domain,Public Domain,,False,
L1-04_L2-04a_0001__scene_009,L1-04,L2-04a,media,https://www.dvidshub.net/video/994879/alabama-national-guard-continues-prescence-patrol-during-dc-safe-mission,DVIDS,public_cleared,us_gov_public_domain,Public Domain,,False,
L1-04_L2-04a_0001__scene_010,L1-04,L2-04a,media,https://www.dvidshub.net/video/994879/alabama-national-guard-continues-prescence-patrol-during-dc-safe-mission,DVIDS,public_cleared,us_gov_public_domain,Public Domain,,False,
L1-04_L2-04a_0002__scene_004,L1-04,L2-04a,media,https://www.dvidshub.net/video/995772/florida-national-guard-supports-dc-safe-and-beautiful-mission-amid-winter-conditions,DVIDS,public_cleared,us_gov_public_domain,Public Domain,,False,
L1-04_L2-04a_0002__scene_007,L1-04,L2-04a,media,https://www.dvidshub.net/video/995772/florida-national-guard-supports-dc-safe-and-beautiful-mission-amid-winter-conditions,DVIDS,public_cleared,us_gov_public_domain,Public Domain,,False,
L1-04_L2-04a_0002__scene_008,L1-04,L2-04a,media,https://www.dvidshub.net/video/995772/florida-national-guard-supports-dc-safe-and-beautiful-mission-amid-winter-conditions,DVIDS,public_cleared,us_gov_public_domain,Public Domain,,False,
L1-04_L2-04a_0002__scene_012,L1-04,L2-04a,media,https://www.dvidshub.net/video/995772/florida-national-guard-supports-dc-safe-and-beautiful-mission-amid-winter-conditions,DVIDS,public_cleared,us_gov_public_domain,Public Domain,,False,
L1-04_L2-04a_0002__scene_013,L1-04,L2-04a,media,https://www.dvidshub.net/video/995772/florida-national-guard-supports-dc-safe-and-beautiful-mission-amid-winter-conditions,DVIDS,public_cleared,us_gov_public_domain,Public Domain,,False,
L1-04_L2-04a_0004__scene_002,L1-04,L2-04a,media,https://www.dvidshub.net/video/984823/dc-safe-and-beautiful,DVIDS,public_cleared,us_gov_public_domain,Public Domain,,False,
L1-04_L2-04a_0004__scene_005,L1-04,L2-04a,media,https://www.dvidshub.net/video/984823/dc-safe-and-beautiful,DVIDS,public_cleared,us_gov_public_domain,Public Domain,,False,
L1-04_L2-04a_0004__scene_006,L1-04,L2-04a,media,https://www.dvidshub.net/video/984823/dc-safe-and-beautiful,DVIDS,public_cleared,us_gov_public_domain,Public Domain,,False,
L1-04_L2-04a_0004__scene_007,L1-04,L2-04a,media,https://www.dvidshub.net/video/984823/dc-safe-and-beautiful,DVIDS,public_cleared,us_gov_public_domain,Public Domain,,False,
L1-04_L2-04a_0005__scene_001,L1-04,L2-04a,media,https://www.dvidshub.net/video/977726/dc-safe-and-beautiful-task-force,DVIDS,public_cleared,us_gov_public_domain,Public Domain,,False,
L1-04_L2-04a_0005__scene_002,L1-04,L2-04a,media,https://www.dvidshub.net/video/977726/dc-safe-and-beautiful-task-force,DVIDS,public_cleared,us_gov_public_domain,Public Domain,,False,
L1-04_L2-04a_0005__scene_005,L1-04,L2-04a,media,https://www.dvidshub.net/video/977726/dc-safe-and-beautiful-task-force,DVIDS,public_cleared,us_gov_public_domain,Public Domain,,False,
L1-04_L2-04a_0005__scene_009,L1-04,L2-04a,media,https://www.dvidshub.net/video/977726/dc-safe-and-beautiful-task-force,DVIDS,public_cleared,us_gov_public_domain,Public Domain,,False,
L1-04_L2-04a_0005__scene_010,L1-04,L2-04a,media,https://www.dvidshub.net/video/977726/dc-safe-and-beautiful-task-force,DVIDS,public_cleared,us_gov_public_domain,Public Domain,,False,
L1-04_L2-04a_0006__scene_002,L1-04,L2-04a,media,https://www.dvidshub.net/video/973997/dc-safe-and-beautiful-dc-metro-station-patrols,DVIDS,public_cleared,us_gov_public_domain,Public Domain,,False,
L1-04_L2-04a_0006__scene_003,L1-04,L2-04a,media,https://www.dvidshub.net/video/973997/dc-safe-and-beautiful-dc-metro-station-patrols,DVIDS,public_cleared,us_gov_public_domain,Public Domain,,False,
L1-04_L2-04a_0006__scene_004,L1-04,L2-04a,media,https://www.dvidshub.net/video/973997/dc-safe-and-beautiful-dc-metro-station-patrols,DVIDS,public_cleared,us_gov_public_domain,Public Domain,,False,
L1-04_L2-04a_0006__scene_005,L1-04,L2-04a,media,https://www.dvidshub.net/video/973997/dc-safe-and-beautiful-dc-metro-station-patrols,DVIDS,public_cleared,us_gov_public_domain,Public Domain,,False,
L1-04_L2-04a_0006__scene_007,L1-04,L2-04a,media,https://www.dvidshub.net/video/973997/dc-safe-and-beautiful-dc-metro-station-patrols,DVIDS,public_cleared,us_gov_public_domain,Public Domain,,False,
L1-04_L2-04a_0006__scene_008,L1-04,L2-04a,media,https://www.dvidshub.net/video/973997/dc-safe-and-beautiful-dc-metro-station-patrols,DVIDS,public_cleared,us_gov_public_domain,Public Domain,,False,
L1-04_L2-04a_0006__scene_010,L1-04,L2-04a,media,https://www.dvidshub.net/video/973997/dc-safe-and-beautiful-dc-metro-station-patrols,DVIDS,public_cleared,us_gov_public_domain,Public Domain,,False,
L1-04_L2-04a_0006__scene_012,L1-04,L2-04a,media,https://www.dvidshub.net/video/973997/dc-safe-and-beautiful-dc-metro-station-patrols,DVIDS,public_cleared,us_gov_public_domain,Public Domain,,False,
L1-04_L2-04a_0006__scene_013,L1-04,L2-04a,media,https://www.dvidshub.net/video/973997/dc-safe-and-beautiful-dc-metro-station-patrols,DVIDS,public_cleared,us_gov_public_domain,Public Domain,,False,
L1-04_L2-04a_0007__scene_001,L1-04,L2-04a,media,https://www.dvidshub.net/video/968080/b-roll-california-national-guard-supports-security-operations-los-angeles,DVIDS,public_cleared,us_gov_public_domain,Public Domain,,False,
L1-04_L2-04a_0007__scene_002,L1-04,L2-04a,media,https://www.dvidshub.net/video/968080/b-roll-california-national-guard-supports-security-operations-los-angeles,DVIDS,public_cleared,us_gov_public_domain,Public Domain,,False,
L1-04_L2-04a_0007__scene_005,L1-04,L2-04a,media,https://www.dvidshub.net/video/968080/b-roll-california-national-guard-supports-security-operations-los-angeles,DVIDS,public_cleared,us_gov_public_domain,Public Domain,,False,
L1-04_L2-04a_0007__scene_006,L1-04,L2-04a,media,https://www.dvidshub.net/video/968080/b-roll-california-national-guard-supports-security-operations-los-angeles,DVIDS,public_cleared,us_gov_public_domain,Public Domain,,False,
L1-04_L2-04a_0007__scene_007,L1-04,L2-04a,media,https://www.dvidshub.net/video/968080/b-roll-california-national-guard-supports-security-operations-los-angeles,DVIDS,public_cleared,us_gov_public_domain,Public Domain,,False,
L1-04_L2-04a_0007__scene_008,L1-04,L2-04a,media,https://www.dvidshub.net/video/968080/b-roll-california-national-guard-supports-security-operations-los-angeles,DVIDS,public_cleared,us_gov_public_domain,Public Domain,,False,
L1-04_L2-04a_0007__scene_009,L1-04,L2-04a,media,https://www.dvidshub.net/video/968080/b-roll-california-national-guard-supports-security-operations-los-angeles,DVIDS,public_cleared,us_gov_public_domain,Public Domain,,False,
L1-04_L2-04a_0007__scene_010,L1-04,L2-04a,media,https://www.dvidshub.net/video/968080/b-roll-california-national-guard-supports-security-operations-los-angeles,DVIDS,public_cleared,us_gov_public_domain,Public Domain,,False,
L1-04_L2-04a_0007__scene_013,L1-04,L2-04a,media,https://www.dvidshub.net/video/968080/b-roll-california-national-guard-supports-security-operations-los-angeles,DVIDS,public_cleared,us_gov_public_domain,Public Domain,,False,
L1-04_L2-04a_0008__scene_002,L1-04,L2-04a,media,https://www.dvidshub.net/video/949348/california-army-national-guard-supports-local-law-enforcement-during-la-wildfires,DVIDS,public_cleared,us_gov_public_domain,Public Domain,,False,
L1-04_L2-04a_0008__scene_003,L1-04,L2-04a,media,https://www.dvidshub.net/video/949348/california-army-national-guard-supports-local-law-enforcement-during-la-wildfires,DVIDS,public_cleared,us_gov_public_domain,Public Domain,,False,
L1-04_L2-04a_0008__scene_005,L1-04,L2-04a,media,https://www.dvidshub.net/video/949348/california-army-national-guard-supports-local-law-enforcement-during-la-wildfires,DVIDS,public_cleared,us_gov_public_domain,Public Domain,,False,
L1-04_L2-04a_0008__scene_006,L1-04,L2-04a,media,https://www.dvidshub.net/video/949348/california-army-national-guard-supports-local-law-enforcement-during-la-wildfires,DVIDS,public_cleared,us_gov_public_domain,Public Domain,,False,
L1-04_L2-04a_0009__scene_001,L1-04,L2-04a,media,https://www.dvidshub.net/video/949329/california-army-national-guard-military-police-provide-traffic-check-point-support-near-eaton-fire-area,DVIDS,public_cleared,us_gov_public_domain,Public Domain,,False,
L1-04_L2-04a_0009__scene_002,L1-04,L2-04a,media,https://www.dvidshub.net/video/949329/california-army-national-guard-military-police-provide-traffic-check-point-support-near-eaton-fire-area,DVIDS,public_cleared,us_gov_public_domain,Public Domain,,False,
L1-04_L2-04a_0009__scene_003,L1-04,L2-04a,media,https://www.dvidshub.net/video/949329/california-army-national-guard-military-police-provide-traffic-check-point-support-near-eaton-fire-area,DVIDS,public_cleared,us_gov_public_domain,Public Domain,,False,
L1-04_L2-04a_0009__scene_004,L1-04,L2-04a,media,https://www.dvidshub.net/video/949329/california-army-national-guard-military-police-provide-traffic-check-point-support-near-eaton-fire-area,DVIDS,public_cleared,us_gov_public_domain,Public Domain,,False,
L1-04_L2-04a_0009__scene_006,L1-04,L2-04a,media,https://www.dvidshub.net/video/949329/california-army-national-guard-military-police-provide-traffic-check-point-support-near-eaton-fire-area,DVIDS,public_cleared,us_gov_public_domain,Public Domain,,False,
L1-04_L2-04a_0009__scene_007,L1-04,L2-04a,media,https://www.dvidshub.net/video/949329/california-army-national-guard-military-police-provide-traffic-check-point-support-near-eaton-fire-area,DVIDS,public_cleared,us_gov_public_domain,Public Domain,,False,
L1-04_L2-04a_0009__scene_009,L1-04,L2-04a,media,https://www.dvidshub.net/video/949329/california-army-national-guard-military-police-provide-traffic-check-point-support-near-eaton-fire-area,DVIDS,public_cleared,us_gov_public_domain,Public Domain,,False,
L1-04_L2-04a_0009__scene_010,L1-04,L2-04a,media,https://www.dvidshub.net/video/949329/california-army-national-guard-military-police-provide-traffic-check-point-support-near-eaton-fire-area,DVIDS,public_cleared,us_gov_public_domain,Public Domain,,False,
L1-04_L2-04a_0009__scene_012,L1-04,L2-04a,media,https://www.dvidshub.net/video/949329/california-army-national-guard-military-police-provide-traffic-check-point-support-near-eaton-fire-area,DVIDS,public_cleared,us_gov_public_domain,Public Domain,,False,
L1-04_L2-04a_0009__scene_018,L1-04,L2-04a,media,https://www.dvidshub.net/video/949329/california-army-national-guard-military-police-provide-traffic-check-point-support-near-eaton-fire-area,DVIDS,public_cleared,us_gov_public_domain,Public Domain,,False,
L1-04_L2-04a_0009__scene_019,L1-04,L2-04a,media,https://www.dvidshub.net/video/949329/california-army-national-guard-military-police-provide-traffic-check-point-support-near-eaton-fire-area,DVIDS,public_cleared,us_gov_public_domain,Public Domain,,False,
L1-04_L2-04a_0009__scene_020,L1-04,L2-04a,media,https://www.dvidshub.net/video/949329/california-army-national-guard-military-police-provide-traffic-check-point-support-near-eaton-fire-area,DVIDS,public_cleared,us_gov_public_domain,Public Domain,,False,
L1-04_L2-04a_0010__scene_001,L1-04,L2-04a,media,https://www.dvidshub.net/video/792081/minnesota-guardsmen-provide-security-brooklyn-center-police-department,DVIDS,public_cleared,us_gov_public_domain,Public Domain,,False,
L1-04_L2-04a_0010__scene_002,L1-04,L2-04a,media,https://www.dvidshub.net/video/792081/minnesota-guardsmen-provide-security-brooklyn-center-police-department,DVIDS,public_cleared,us_gov_public_domain,Public Domain,,False,
L1-04_L2-04a_0010__scene_003,L1-04,L2-04a,media,https://www.dvidshub.net/video/792081/minnesota-guardsmen-provide-security-brooklyn-center-police-department,DVIDS,public_cleared,us_gov_public_domain,Public Domain,,False,
L1-04_L2-04a_0010__scene_009,L1-04,L2-04a,media,https://www.dvidshub.net/video/792081/minnesota-guardsmen-provide-security-brooklyn-center-police-department,DVIDS,public_cleared,us_gov_public_domain,Public Domain,,False,
L1-04_L2-04a_0010__scene_012,L1-04,L2-04a,media,https://www.dvidshub.net/video/792081/minnesota-guardsmen-provide-security-brooklyn-center-police-department,DVIDS,public_cleared,us_gov_public_domain,Public Domain,,False,
L1-04_L2-04a_0010__scene_016,L1-04,L2-04a,media,https://www.dvidshub.net/video/792081/minnesota-guardsmen-provide-security-brooklyn-center-police-department,DVIDS,public_cleared,us_gov_public_domain,Public Domain,,False,
L1-04_L2-04a_0010__scene_020,L1-04,L2-04a,media,https://www.dvidshub.net/video/792081/minnesota-guardsmen-provide-security-brooklyn-center-police-department,DVIDS,public_cleared,us_gov_public_domain,Public Domain,,False,
L1-04_L2-04a_0010__scene_026,L1-04,L2-04a,media,https://www.dvidshub.net/video/792081/minnesota-guardsmen-provide-security-brooklyn-center-police-department,DVIDS,public_cleared,us_gov_public_domain,Public Domain,,False,
L1-04_L2-04a_0010__scene_028,L1-04,L2-04a,media,https://www.dvidshub.net/video/792081/minnesota-guardsmen-provide-security-brooklyn-center-police-department,DVIDS,public_cleared,us_gov_public_domain,Public Domain,,False,
L1-04_L2-04a_0010__scene_030,L1-04,L2-04a,media,https://www.dvidshub.net/video/792081/minnesota-guardsmen-provide-security-brooklyn-center-police-department,DVIDS,public_cleared,us_gov_public_domain,Public Domain,,False,
L1-04_L2-04a_0011__scene_001,L1-04,L2-04a,media,https://www.dvidshub.net/video/781567/cal-guard-sacramento-during-2021-inauguration,DVIDS,public_cleared,us_gov_public_domain,Public Domain,,False,
L1-04_L2-04a_0011__scene_002,L1-04,L2-04a,media,https://www.dvidshub.net/video/781567/cal-guard-sacramento-during-2021-inauguration,DVIDS,public_cleared,us_gov_public_domain,Public Domain,,False,
L1-04_L2-04a_0011__scene_003,L1-04,L2-04a,media,https://www.dvidshub.net/video/781567/cal-guard-sacramento-during-2021-inauguration,DVIDS,public_cleared,us_gov_public_domain,Public Domain,,False,
L1-04_L2-04a_0011__scene_004,L1-04,L2-04a,media,https://www.dvidshub.net/video/781567/cal-guard-sacramento-during-2021-inauguration,DVIDS,public_cleared,us_gov_public_domain,Public Domain,,False,
L1-04_L2-04a_0011__scene_005,L1-04,L2-04a,media,https://www.dvidshub.net/video/781567/cal-guard-sacramento-during-2021-inauguration,DVIDS,public_cleared,us_gov_public_domain,Public Domain,,False,
L1-04_L2-04a_0011__scene_006,L1-04,L2-04a,media,https://www.dvidshub.net/video/781567/cal-guard-sacramento-during-2021-inauguration,DVIDS,public_cleared,us_gov_public_domain,Public Domain,,False,
L1-04_L2-04a_0011__scene_007,L1-04,L2-04a,media,https://www.dvidshub.net/video/781567/cal-guard-sacramento-during-2021-inauguration,DVIDS,public_cleared,us_gov_public_domain,Public Domain,,False,
L1-04_L2-04a_0011__scene_008,L1-04,L2-04a,media,https://www.dvidshub.net/video/781567/cal-guard-sacramento-during-2021-inauguration,DVIDS,public_cleared,us_gov_public_domain,Public Domain,,False,
L1-04_L2-04a_0011__scene_009,L1-04,L2-04a,media,https://www.dvidshub.net/video/781567/cal-guard-sacramento-during-2021-inauguration,DVIDS,public_cleared,us_gov_public_domain,Public Domain,,False,
L1-04_L2-04a_0012__scene_001,L1-04,L2-04a,media,https://www.dvidshub.net/video/755447/idaho-national-guard-support-dc-civil-unrest-response-efforts,DVIDS,public_cleared,us_gov_public_domain,Public Domain,,False,
L1-04_L2-04a_0012__scene_002,L1-04,L2-04a,media,https://www.dvidshub.net/video/755447/idaho-national-guard-support-dc-civil-unrest-response-efforts,DVIDS,public_cleared,us_gov_public_domain,Public Domain,,False,
L1-04_L2-04a_0012__scene_003,L1-04,L2-04a,media,https://www.dvidshub.net/video/755447/idaho-national-guard-support-dc-civil-unrest-response-efforts,DVIDS,public_cleared,us_gov_public_domain,Public Domain,,False,
L1-04_L2-04a_0012__scene_004,L1-04,L2-04a,media,https://www.dvidshub.net/video/755447/idaho-national-guard-support-dc-civil-unrest-response-efforts,DVIDS,public_cleared,us_gov_public_domain,Public Domain,,False,
L1-04_L2-04a_0012__scene_006,L1-04,L2-04a,media,https://www.dvidshub.net/video/755447/idaho-national-guard-support-dc-civil-unrest-response-efforts,DVIDS,public_cleared,us_gov_public_domain,Public Domain,,False,
L1-04_L2-04a_0012__scene_007,L1-04,L2-04a,media,https://www.dvidshub.net/video/755447/idaho-national-guard-support-dc-civil-unrest-response-efforts,DVIDS,public_cleared,us_gov_public_domain,Public Domain,,False,
L1-04_L2-04a_0012__scene_009,L1-04,L2-04a,media,https://www.dvidshub.net/video/755447/idaho-national-guard-support-dc-civil-unrest-response-efforts,DVIDS,public_cleared,us_gov_public_domain,Public Domain,,False,
L1-04_L2-04a_0012__scene_010,L1-04,L2-04a,media,https://www.dvidshub.net/video/755447/idaho-national-guard-support-dc-civil-unrest-response-efforts,DVIDS,public_cleared,us_gov_public_domain,Public Domain,,False,
L1-04_L2-04a_0012__scene_012,L1-04,L2-04a,media,https://www.dvidshub.net/video/755447/idaho-national-guard-support-dc-civil-unrest-response-efforts,DVIDS,public_cleared,us_gov_public_domain,Public Domain,,False,
L1-04_L2-04a_0012__scene_013,L1-04,L2-04a,media,https://www.dvidshub.net/video/755447/idaho-national-guard-support-dc-civil-unrest-response-efforts,DVIDS,public_cleared,us_gov_public_domain,Public Domain,,False,
L1-04_L2-04a_0013__scene_002,L1-04,L2-04a,media,https://www.dvidshub.net/video/756806/cal-guard-supports-sacramento-peace-officers-during-civil-unrest,DVIDS,public_cleared,us_gov_public_domain,Public Domain,,False,
L1-04_L2-04a_0013__scene_003,L1-04,L2-04a,media,https://www.dvidshub.net/video/756806/cal-guard-supports-sacramento-peace-officers-during-civil-unrest,DVIDS,public_cleared,us_gov_public_domain,Public Domain,,False,
L1-04_L2-04a_0013__scene_006,L1-04,L2-04a,media,https://www.dvidshub.net/video/756806/cal-guard-supports-sacramento-peace-officers-during-civil-unrest,DVIDS,public_cleared,us_gov_public_domain,Public Domain,,False,
L1-04_L2-04a_0013__scene_008,L1-04,L2-04a,media,https://www.dvidshub.net/video/756806/cal-guard-supports-sacramento-peace-officers-during-civil-unrest,DVIDS,public_cleared,us_gov_public_domain,Public Domain,,False,
L1-04_L2-04a_0013__scene_009,L1-04,L2-04a,media,https://www.dvidshub.net/video/756806/cal-guard-supports-sacramento-peace-officers-during-civil-unrest,DVIDS,public_cleared,us_gov_public_domain,Public Domain,,False,
L1-04_L2-04a_0013__scene_010,L1-04,L2-04a,media,https://www.dvidshub.net/video/756806/cal-guard-supports-sacramento-peace-officers-during-civil-unrest,DVIDS,public_cleared,us_gov_public_domain,Public Domain,,False,
L1-04_L2-04a_0013__scene_011,L1-04,L2-04a,media,https://www.dvidshub.net/video/756806/cal-guard-supports-sacramento-peace-officers-during-civil-unrest,DVIDS,public_cleared,us_gov_public_domain,Public Domain,,False,
L1-04_L2-04a_0013__scene_012,L1-04,L2-04a,media,https://www.dvidshub.net/video/756806/cal-guard-supports-sacramento-peace-officers-during-civil-unrest,DVIDS,public_cleared,us_gov_public_domain,Public Domain,,False,
L1-04_L2-04a_0013__scene_013,L1-04,L2-04a,media,https://www.dvidshub.net/video/756806/cal-guard-supports-sacramento-peace-officers-during-civil-unrest,DVIDS,public_cleared,us_gov_public_domain,Public Domain,,False,
L1-04_L2-04a_0014__scene_002,L1-04,L2-04a,media,https://www.dvidshub.net/video/754798/cal-guard-assists-los-angeles-law-enforcement-providing-security-during-ongoing-demonstrations,DVIDS,public_cleared,us_gov_public_domain,Public Domain,,False,
L1-04_L2-04a_0014__scene_003,L1-04,L2-04a,media,https://www.dvidshub.net/video/754798/cal-guard-assists-los-angeles-law-enforcement-providing-security-during-ongoing-demonstrations,DVIDS,public_cleared,us_gov_public_domain,Public Domain,,False,
L1-04_L2-04a_0014__scene_004,L1-04,L2-04a,media,https://www.dvidshub.net/video/754798/cal-guard-assists-los-angeles-law-enforcement-providing-security-during-ongoing-demonstrations,DVIDS,public_cleared,us_gov_public_domain,Public Domain,,False,
L1-04_L2-04a_0014__scene_005,L1-04,L2-04a,media,https://www.dvidshub.net/video/754798/cal-guard-assists-los-angeles-law-enforcement-providing-security-during-ongoing-demonstrations,DVIDS,public_cleared,us_gov_public_domain,Public Domain,,False,
L1-04_L2-04a_0014__scene_006,L1-04,L2-04a,media,https://www.dvidshub.net/video/754798/cal-guard-assists-los-angeles-law-enforcement-providing-security-during-ongoing-demonstrations,DVIDS,public_cleared,us_gov_public_domain,Public Domain,,False,
L1-04_L2-04a_0014__scene_007,L1-04,L2-04a,media,https://www.dvidshub.net/video/754798/cal-guard-assists-los-angeles-law-enforcement-providing-security-during-ongoing-demonstrations,DVIDS,public_cleared,us_gov_public_domain,Public Domain,,False,
L1-04_L2-04a_0014__scene_008,L1-04,L2-04a,media,https://www.dvidshub.net/video/754798/cal-guard-assists-los-angeles-law-enforcement-providing-security-during-ongoing-demonstrations,DVIDS,public_cleared,us_gov_public_domain,Public Domain,,False,
L1-04_L2-04a_0014__scene_011,L1-04,L2-04a,media,https://www.dvidshub.net/video/754798/cal-guard-assists-los-angeles-law-enforcement-providing-security-during-ongoing-demonstrations,DVIDS,public_cleared,us_gov_public_domain,Public Domain,,False,
L1-04_L2-04a_0014__scene_012,L1-04,L2-04a,media,https://www.dvidshub.net/video/754798/cal-guard-assists-los-angeles-law-enforcement-providing-security-during-ongoing-demonstrations,DVIDS,public_cleared,us_gov_public_domain,Public Domain,,False,
L1-04_L2-04a_0015__scene_001,L1-04,L2-04a,media,https://www.dvidshub.net/video/754724/ohio-national-guard-supports-city-cleveland-b-roll,DVIDS,public_cleared,us_gov_public_domain,Public Domain,,False,
L1-04_L2-04a_0015__scene_003,L1-04,L2-04a,media,https://www.dvidshub.net/video/754724/ohio-national-guard-supports-city-cleveland-b-roll,DVIDS,public_cleared,us_gov_public_domain,Public Domain,,False,
L1-04_L2-04b_0003__scene_015,L1-04,L2-04b,media,https://www.dvidshub.net/video/872797/por200806-redacted,DVIDS,public_cleared,us_gov_public_domain,Public Domain,,False,
L1-04_L2-04b_0016__scene_002,L1-04,L2-04b,url_only,https://www.youtube.com/watch?v=MbspKeMop6g,APArchive_YouTube,exclude,editorial_restricted,Editorial licensing required,https://www.ap.org/terms-and-conditions/,True,Credit and licensing required from AP Archive
L1-04_L2-04b_0016__scene_003,L1-04,L2-04b,url_only,https://www.youtube.com/watch?v=MbspKeMop6g,APArchive_YouTube,exclude,editorial_restricted,Editorial licensing required,https://www.ap.org/terms-and-conditions/,True,Credit and licensing required from AP Archive
L1-04_L2-04b_0016__scene_004,L1-04,L2-04b,url_only,https://www.youtube.com/watch?v=MbspKeMop6g,APArchive_YouTube,exclude,editorial_restricted,Editorial licensing required,https://www.ap.org/terms-and-conditions/,True,Credit and licensing required from AP Archive
L1-04_L2-04b_0016__scene_007,L1-04,L2-04b,url_only,https://www.youtube.com/watch?v=MbspKeMop6g,APArchive_YouTube,exclude,editorial_restricted,Editorial licensing required,https://www.ap.org/terms-and-conditions/,True,Credit and licensing required from AP Archive
L1-04_L2-04b_0016__scene_011,L1-04,L2-04b,url_only,https://www.youtube.com/watch?v=MbspKeMop6g,APArchive_YouTube,exclude,editorial_restricted,Editorial licensing required,https://www.ap.org/terms-and-conditions/,True,Credit and licensing required from AP Archive
L1-04_L2-04b_0016__scene_013,L1-04,L2-04b,url_only,https://www.youtube.com/watch?v=MbspKeMop6g,APArchive_YouTube,exclude,editorial_restricted,Editorial licensing required,https://www.ap.org/terms-and-conditions/,True,Credit and licensing required from AP Archive
L1-04_L2-04b_0016__scene_014,L1-04,L2-04b,url_only,https://www.youtube.com/watch?v=MbspKeMop6g,APArchive_YouTube,exclude,editorial_restricted,Editorial licensing required,https://www.ap.org/terms-and-conditions/,True,Credit and licensing required from AP Archive
L1-04_L2-04b_0016__scene_015,L1-04,L2-04b,url_only,https://www.youtube.com/watch?v=MbspKeMop6g,APArchive_YouTube,exclude,editorial_restricted,Editorial licensing required,https://www.ap.org/terms-and-conditions/,True,Credit and licensing required from AP Archive
L1-04_L2-04b_0016__scene_019,L1-04,L2-04b,url_only,https://www.youtube.com/watch?v=MbspKeMop6g,APArchive_YouTube,exclude,editorial_restricted,Editorial licensing required,https://www.ap.org/terms-and-conditions/,True,Credit and licensing required from AP Archive
L1-04_L2-04b_0018__scene_007,L1-04,L2-04b,url_only,https://www.youtube.com/watch?v=5tvker-nNtA,APArchive_YouTube,exclude,editorial_restricted,Editorial licensing required,https://www.ap.org/terms-and-conditions/,True,Credit and licensing required from AP Archive
L1-04_L2-04b_0018__scene_008,L1-04,L2-04b,url_only,https://www.youtube.com/watch?v=5tvker-nNtA,APArchive_YouTube,exclude,editorial_restricted,Editorial licensing required,https://www.ap.org/terms-and-conditions/,True,Credit and licensing required from AP Archive
L1-04_L2-04b_0018__scene_009,L1-04,L2-04b,url_only,https://www.youtube.com/watch?v=5tvker-nNtA,APArchive_YouTube,exclude,editorial_restricted,Editorial licensing required,https://www.ap.org/terms-and-conditions/,True,Credit and licensing required from AP Archive
L1-04_L2-04b_0018__scene_011,L1-04,L2-04b,url_only,https://www.youtube.com/watch?v=5tvker-nNtA,APArchive_YouTube,exclude,editorial_restricted,Editorial licensing required,https://www.ap.org/terms-and-conditions/,True,Credit and licensing required from AP Archive
L1-04_L2-04b_0018__scene_012,L1-04,L2-04b,url_only,https://www.youtube.com/watch?v=5tvker-nNtA,APArchive_YouTube,exclude,editorial_restricted,Editorial licensing required,https://www.ap.org/terms-and-conditions/,True,Credit and licensing required from AP Archive
L1-04_L2-04b_0018__scene_013,L1-04,L2-04b,url_only,https://www.youtube.com/watch?v=5tvker-nNtA,APArchive_YouTube,exclude,editorial_restricted,Editorial licensing required,https://www.ap.org/terms-and-conditions/,True,Credit and licensing required from AP Archive
L1-04_L2-04b_0018__scene_014,L1-04,L2-04b,url_only,https://www.youtube.com/watch?v=5tvker-nNtA,APArchive_YouTube,exclude,editorial_restricted,Editorial licensing required,https://www.ap.org/terms-and-conditions/,True,Credit and licensing required from AP Archive
L1-04_L2-04b_0018__scene_015,L1-04,L2-04b,url_only,https://www.youtube.com/watch?v=5tvker-nNtA,APArchive_YouTube,exclude,editorial_restricted,Editorial licensing required,https://www.ap.org/terms-and-conditions/,True,Credit and licensing required from AP Archive
L1-04_L2-04b_0019__scene_001,L1-04,L2-04b,url_only,https://www.youtube.com/watch?v=FV_lyDuddxA,APArchive_YouTube,exclude,editorial_restricted,Editorial licensing required,https://www.ap.org/terms-and-conditions/,True,Credit and licensing required from AP Archive
L1-04_L2-04b_0019__scene_002,L1-04,L2-04b,url_only,https://www.youtube.com/watch?v=FV_lyDuddxA,APArchive_YouTube,exclude,editorial_restricted,Editorial licensing required,https://www.ap.org/terms-and-conditions/,True,Credit and licensing required from AP Archive
L1-04_L2-04b_0019__scene_003,L1-04,L2-04b,url_only,https://www.youtube.com/watch?v=FV_lyDuddxA,APArchive_YouTube,exclude,editorial_restricted,Editorial licensing required,https://www.ap.org/terms-and-conditions/,True,Credit and licensing required from AP Archive
L1-04_L2-04b_0019__scene_004,L1-04,L2-04b,url_only,https://www.youtube.com/watch?v=FV_lyDuddxA,APArchive_YouTube,exclude,editorial_restricted,Editorial licensing required,https://www.ap.org/terms-and-conditions/,True,Credit and licensing required from AP Archive
L1-04_L2-04b_0019__scene_005,L1-04,L2-04b,url_only,https://www.youtube.com/watch?v=FV_lyDuddxA,APArchive_YouTube,exclude,editorial_restricted,Editorial licensing required,https://www.ap.org/terms-and-conditions/,True,Credit and licensing required from AP Archive
L1-04_L2-04b_0019__scene_006,L1-04,L2-04b,url_only,https://www.youtube.com/watch?v=FV_lyDuddxA,APArchive_YouTube,exclude,editorial_restricted,Editorial licensing required,https://www.ap.org/terms-and-conditions/,True,Credit and licensing required from AP Archive
L1-04_L2-04b_0019__scene_007,L1-04,L2-04b,url_only,https://www.youtube.com/watch?v=FV_lyDuddxA,APArchive_YouTube,exclude,editorial_restricted,Editorial licensing required,https://www.ap.org/terms-and-conditions/,True,Credit and licensing required from AP Archive
L1-04_L2-04b_0019__scene_008,L1-04,L2-04b,url_only,https://www.youtube.com/watch?v=FV_lyDuddxA,APArchive_YouTube,exclude,editorial_restricted,Editorial licensing required,https://www.ap.org/terms-and-conditions/,True,Credit and licensing required from AP Archive
L1-04_L2-04b_0020__scene_001,L1-04,L2-04b,url_only,https://www.youtube.com/watch?v=kkxHvaZ2Z_8,APArchive_YouTube,exclude,editorial_restricted,Editorial licensing required,https://www.ap.org/terms-and-conditions/,True,Credit and licensing required from AP Archive
L1-04_L2-04b_0020__scene_003,L1-04,L2-04b,url_only,https://www.youtube.com/watch?v=kkxHvaZ2Z_8,APArchive_YouTube,exclude,editorial_restricted,Editorial licensing required,https://www.ap.org/terms-and-conditions/,True,Credit and licensing required from AP Archive
L1-04_L2-04b_0020__scene_004,L1-04,L2-04b,url_only,https://www.youtube.com/watch?v=kkxHvaZ2Z_8,APArchive_YouTube,exclude,editorial_restricted,Editorial licensing required,https://www.ap.org/terms-and-conditions/,True,Credit and licensing required from AP Archive
L1-04_L2-04b_0020__scene_005,L1-04,L2-04b,url_only,https://www.youtube.com/watch?v=kkxHvaZ2Z_8,APArchive_YouTube,exclude,editorial_restricted,Editorial licensing required,https://www.ap.org/terms-and-conditions/,True,Credit and licensing required from AP Archive
L1-04_L2-04b_0020__scene_006,L1-04,L2-04b,url_only,https://www.youtube.com/watch?v=kkxHvaZ2Z_8,APArchive_YouTube,exclude,editorial_restricted,Editorial licensing required,https://www.ap.org/terms-and-conditions/,True,Credit and licensing required from AP Archive
L1-04_L2-04b_0020__scene_007,L1-04,L2-04b,url_only,https://www.youtube.com/watch?v=kkxHvaZ2Z_8,APArchive_YouTube,exclude,editorial_restricted,Editorial licensing required,https://www.ap.org/terms-and-conditions/,True,Credit and licensing required from AP Archive
L1-04_L2-04b_0020__scene_008,L1-04,L2-04b,url_only,https://www.youtube.com/watch?v=kkxHvaZ2Z_8,APArchive_YouTube,exclude,editorial_restricted,Editorial licensing required,https://www.ap.org/terms-and-conditions/,True,Credit and licensing required from AP Archive
L1-04_L2-04b_0020__scene_009,L1-04,L2-04b,url_only,https://www.youtube.com/watch?v=kkxHvaZ2Z_8,APArchive_YouTube,exclude,editorial_restricted,Editorial licensing required,https://www.ap.org/terms-and-conditions/,True,Credit and licensing required from AP Archive
L1-04_L2-04b_0020__scene_012,L1-04,L2-04b,url_only,https://www.youtube.com/watch?v=kkxHvaZ2Z_8,APArchive_YouTube,exclude,editorial_restricted,Editorial licensing required,https://www.ap.org/terms-and-conditions/,True,Credit and licensing required from AP Archive
L1-04_L2-04b_0020__scene_013,L1-04,L2-04b,url_only,https://www.youtube.com/watch?v=kkxHvaZ2Z_8,APArchive_YouTube,exclude,editorial_restricted,Editorial licensing required,https://www.ap.org/terms-and-conditions/,True,Credit and licensing required from AP Archive
L1-04_L2-04b_0021__scene_001,L1-04,L2-04b,url_only,https://www.youtube.com/watch?v=kljND1BDn68,APArchive_YouTube,exclude,editorial_restricted,Editorial licensing required,https://www.ap.org/terms-and-conditions/,True,Credit and licensing required from AP Archive
L1-04_L2-04b_0021__scene_002,L1-04,L2-04b,url_only,https://www.youtube.com/watch?v=kljND1BDn68,APArchive_YouTube,exclude,editorial_restricted,Editorial licensing required,https://www.ap.org/terms-and-conditions/,True,Credit and licensing required from AP Archive
L1-04_L2-04b_0021__scene_006,L1-04,L2-04b,url_only,https://www.youtube.com/watch?v=kljND1BDn68,APArchive_YouTube,exclude,editorial_restricted,Editorial licensing required,https://www.ap.org/terms-and-conditions/,True,Credit and licensing required from AP Archive
L1-04_L2-04b_0023__scene_001,L1-04,L2-04b,url_only,https://www.youtube.com/watch?v=UKPwIQBEA0o,Reuters_YouTube,exclude,editorial_restricted,Editorial licensing required,https://www.reutersagency.com/license-reuters-content/,True,Credit and licensing required from Reuters
L1-04_L2-04b_0023__scene_002,L1-04,L2-04b,url_only,https://www.youtube.com/watch?v=UKPwIQBEA0o,Reuters_YouTube,exclude,editorial_restricted,Editorial licensing required,https://www.reutersagency.com/license-reuters-content/,True,Credit and licensing required from Reuters
L1-04_L2-04b_0023__scene_004,L1-04,L2-04b,url_only,https://www.youtube.com/watch?v=UKPwIQBEA0o,Reuters_YouTube,exclude,editorial_restricted,Editorial licensing required,https://www.reutersagency.com/license-reuters-content/,True,Credit and licensing required from Reuters
L1-04_L2-04b_0023__scene_007,L1-04,L2-04b,url_only,https://www.youtube.com/watch?v=UKPwIQBEA0o,Reuters_YouTube,exclude,editorial_restricted,Editorial licensing required,https://www.reutersagency.com/license-reuters-content/,True,Credit and licensing required from Reuters
L1-04_L2-04b_0024__scene_001,L1-04,L2-04b,url_only,https://www.youtube.com/watch?v=YeIlPx5ausg,APArchive_YouTube,exclude,editorial_restricted,Editorial licensing required,https://www.ap.org/terms-and-conditions/,True,Credit and licensing required from AP Archive
L1-04_L2-04b_0024__scene_002,L1-04,L2-04b,url_only,https://www.youtube.com/watch?v=YeIlPx5ausg,APArchive_YouTube,exclude,editorial_restricted,Editorial licensing required,https://www.ap.org/terms-and-conditions/,True,Credit and licensing required from AP Archive
L1-04_L2-04b_0024__scene_003,L1-04,L2-04b,url_only,https://www.youtube.com/watch?v=YeIlPx5ausg,APArchive_YouTube,exclude,editorial_restricted,Editorial licensing required,https://www.ap.org/terms-and-conditions/,True,Credit and licensing required from AP Archive
L1-04_L2-04b_0024__scene_005,L1-04,L2-04b,url_only,https://www.youtube.com/watch?v=YeIlPx5ausg,APArchive_YouTube,exclude,editorial_restricted,Editorial licensing required,https://www.ap.org/terms-and-conditions/,True,Credit and licensing required from AP Archive
L1-04_L2-04b_0024__scene_008,L1-04,L2-04b,url_only,https://www.youtube.com/watch?v=YeIlPx5ausg,APArchive_YouTube,exclude,editorial_restricted,Editorial licensing required,https://www.ap.org/terms-and-conditions/,True,Credit and licensing required from AP Archive
L1-04_L2-04b_0024__scene_010,L1-04,L2-04b,url_only,https://www.youtube.com/watch?v=YeIlPx5ausg,APArchive_YouTube,exclude,editorial_restricted,Editorial licensing required,https://www.ap.org/terms-and-conditions/,True,Credit and licensing required from AP Archive
L1-04_L2-04b_0024__scene_011,L1-04,L2-04b,url_only,https://www.youtube.com/watch?v=YeIlPx5ausg,APArchive_YouTube,exclude,editorial_restricted,Editorial licensing required,https://www.ap.org/terms-and-conditions/,True,Credit and licensing required from AP Archive
L1-04_L2-04b_0024__scene_013,L1-04,L2-04b,url_only,https://www.youtube.com/watch?v=YeIlPx5ausg,APArchive_YouTube,exclude,editorial_restricted,Editorial licensing required,https://www.ap.org/terms-and-conditions/,True,Credit and licensing required from AP Archive
L1-04_L2-04b_0024__scene_017,L1-04,L2-04b,url_only,https://www.youtube.com/watch?v=YeIlPx5ausg,APArchive_YouTube,exclude,editorial_restricted,Editorial licensing required,https://www.ap.org/terms-and-conditions/,True,Credit and licensing required from AP Archive
L1-04_L2-04b_0024__scene_018,L1-04,L2-04b,url_only,https://www.youtube.com/watch?v=YeIlPx5ausg,APArchive_YouTube,exclude,editorial_restricted,Editorial licensing required,https://www.ap.org/terms-and-conditions/,True,Credit and licensing required from AP Archive
L1-04_L2-04b_0024__scene_019,L1-04,L2-04b,url_only,https://www.youtube.com/watch?v=YeIlPx5ausg,APArchive_YouTube,exclude,editorial_restricted,Editorial licensing required,https://www.ap.org/terms-and-conditions/,True,Credit and licensing required from AP Archive
L1-04_L2-04b_0024__scene_020,L1-04,L2-04b,url_only,https://www.youtube.com/watch?v=YeIlPx5ausg,APArchive_YouTube,exclude,editorial_restricted,Editorial licensing required,https://www.ap.org/terms-and-conditions/,True,Credit and licensing required from AP Archive
L1-04_L2-04b_0024__scene_022,L1-04,L2-04b,url_only,https://www.youtube.com/watch?v=YeIlPx5ausg,APArchive_YouTube,exclude,editorial_restricted,Editorial licensing required,https://www.ap.org/terms-and-conditions/,True,Credit and licensing required from AP Archive
L1-04_L2-04b_0024__scene_023,L1-04,L2-04b,url_only,https://www.youtube.com/watch?v=YeIlPx5ausg,APArchive_YouTube,exclude,editorial_restricted,Editorial licensing required,https://www.ap.org/terms-and-conditions/,True,Credit and licensing required from AP Archive
L1-04_L2-04c_0001__scene_002,L1-04,L2-04c,media,https://www.dvidshub.net/video/998358/146-aes-conductsaeromedical-evacuation-exercise-with-139-aw-c-130-hercules-missouri-ang,DVIDS,public_cleared,us_gov_public_domain,Public Domain,,False,
L1-04_L2-04c_0001__scene_003,L1-04,L2-04c,media,https://www.dvidshub.net/video/998358/146-aes-conductsaeromedical-evacuation-exercise-with-139-aw-c-130-hercules-missouri-ang,DVIDS,public_cleared,us_gov_public_domain,Public Domain,,False,
L1-04_L2-04c_0001__scene_004,L1-04,L2-04c,media,https://www.dvidshub.net/video/998358/146-aes-conductsaeromedical-evacuation-exercise-with-139-aw-c-130-hercules-missouri-ang,DVIDS,public_cleared,us_gov_public_domain,Public Domain,,False,
L1-04_L2-04c_0001__scene_005,L1-04,L2-04c,media,https://www.dvidshub.net/video/998358/146-aes-conductsaeromedical-evacuation-exercise-with-139-aw-c-130-hercules-missouri-ang,DVIDS,public_cleared,us_gov_public_domain,Public Domain,,False,
L1-04_L2-04c_0001__scene_007,L1-04,L2-04c,media,https://www.dvidshub.net/video/998358/146-aes-conductsaeromedical-evacuation-exercise-with-139-aw-c-130-hercules-missouri-ang,DVIDS,public_cleared,us_gov_public_domain,Public Domain,,False,
L1-04_L2-04c_0001__scene_008,L1-04,L2-04c,media,https://www.dvidshub.net/video/998358/146-aes-conductsaeromedical-evacuation-exercise-with-139-aw-c-130-hercules-missouri-ang,DVIDS,public_cleared,us_gov_public_domain,Public Domain,,False,
L1-04_L2-04c_0001__scene_009,L1-04,L2-04c,media,https://www.dvidshub.net/video/998358/146-aes-conductsaeromedical-evacuation-exercise-with-139-aw-c-130-hercules-missouri-ang,DVIDS,public_cleared,us_gov_public_domain,Public Domain,,False,
L1-04_L2-04c_0002__scene_001,L1-04,L2-04c,media,https://www.dvidshub.net/video/993474/spot-yokota-air-base-active-shooter-actions,DVIDS,public_cleared,us_gov_public_domain,Public Domain,,False,
L1-04_L2-04c_0004__scene_002,L1-04,L2-04c,media,https://www.dvidshub.net/video/988640/mass-casualty-exercise-bevsent-26-1,DVIDS,public_cleared,us_gov_public_domain,Public Domain,,False,
L1-04_L2-04c_0006__scene_001,L1-04,L2-04c,media,https://www.dvidshub.net/video/977950/os25-mass-casualty-and-aviation-exercise-broll,DVIDS,public_cleared,us_gov_public_domain,Public Domain,,False,
L1-04_L2-04c_0006__scene_002,L1-04,L2-04c,media,https://www.dvidshub.net/video/977950/os25-mass-casualty-and-aviation-exercise-broll,DVIDS,public_cleared,us_gov_public_domain,Public Domain,,False,
L1-04_L2-04c_0006__scene_004,L1-04,L2-04c,media,https://www.dvidshub.net/video/977950/os25-mass-casualty-and-aviation-exercise-broll,DVIDS,public_cleared,us_gov_public_domain,Public Domain,,False,
L1-04_L2-04c_0006__scene_005,L1-04,L2-04c,media,https://www.dvidshub.net/video/977950/os25-mass-casualty-and-aviation-exercise-broll,DVIDS,public_cleared,us_gov_public_domain,Public Domain,,False,
L1-04_L2-04c_0006__scene_006,L1-04,L2-04c,media,https://www.dvidshub.net/video/977950/os25-mass-casualty-and-aviation-exercise-broll,DVIDS,public_cleared,us_gov_public_domain,Public Domain,,False,
L1-04_L2-04c_0006__scene_007,L1-04,L2-04c,media,https://www.dvidshub.net/video/977950/os25-mass-casualty-and-aviation-exercise-broll,DVIDS,public_cleared,us_gov_public_domain,Public Domain,,False,
L1-04_L2-04c_0006__scene_008,L1-04,L2-04c,media,https://www.dvidshub.net/video/977950/os25-mass-casualty-and-aviation-exercise-broll,DVIDS,public_cleared,us_gov_public_domain,Public Domain,,False,
L1-04_L2-04c_0006__scene_009,L1-04,L2-04c,media,https://www.dvidshub.net/video/977950/os25-mass-casualty-and-aviation-exercise-broll,DVIDS,public_cleared,us_gov_public_domain,Public Domain,,False,
L1-04_L2-04c_0007__scene_003,L1-04,L2-04c,media,https://www.dvidshub.net/video/968058/active-shooter-drill,DVIDS,public_cleared,us_gov_public_domain,Public Domain,,False,
L1-04_L2-04c_0007__scene_004,L1-04,L2-04c,media,https://www.dvidshub.net/video/968058/active-shooter-drill,DVIDS,public_cleared,us_gov_public_domain,Public Domain,,False,
L1-04_L2-04c_0009__scene_002,L1-04,L2-04c,media,https://www.dvidshub.net/video/960169/flintlock-2025-special-operations-joint-raid-demonstration,DVIDS,public_cleared,us_gov_public_domain,Public Domain,,False,
L1-04_L2-04c_0009__scene_003,L1-04,L2-04c,media,https://www.dvidshub.net/video/960169/flintlock-2025-special-operations-joint-raid-demonstration,DVIDS,public_cleared,us_gov_public_domain,Public Domain,,False,
L1-04_L2-04c_0009__scene_004,L1-04,L2-04c,media,https://www.dvidshub.net/video/960169/flintlock-2025-special-operations-joint-raid-demonstration,DVIDS,public_cleared,us_gov_public_domain,Public Domain,,False,
L1-04_L2-04c_0010__scene_003,L1-04,L2-04c,media,https://www.dvidshub.net/video/963377/misawa-neo-exercise,DVIDS,public_cleared,us_gov_public_domain,Public Domain,,False,
L1-04_L2-04c_0011__scene_001,L1-04,L2-04c,media,https://www.dvidshub.net/video/957316/active-shooter-exercise,DVIDS,public_cleared,us_gov_public_domain,Public Domain,,False,
L1-04_L2-04c_0011__scene_004,L1-04,L2-04c,media,https://www.dvidshub.net/video/957316/active-shooter-exercise,DVIDS,public_cleared,us_gov_public_domain,Public Domain,,False,
L1-04_L2-04c_0011__scene_005,L1-04,L2-04c,media,https://www.dvidshub.net/video/957316/active-shooter-exercise,DVIDS,public_cleared,us_gov_public_domain,Public Domain,,False,
L1-04_L2-04c_0011__scene_006,L1-04,L2-04c,media,https://www.dvidshub.net/video/957316/active-shooter-exercise,DVIDS,public_cleared,us_gov_public_domain,Public Domain,,False,
L1-04_L2-04c_0011__scene_008,L1-04,L2-04c,media,https://www.dvidshub.net/video/957316/active-shooter-exercise,DVIDS,public_cleared,us_gov_public_domain,Public Domain,,False,
L1-04_L2-04c_0011__scene_009,L1-04,L2-04c,media,https://www.dvidshub.net/video/957316/active-shooter-exercise,DVIDS,public_cleared,us_gov_public_domain,Public Domain,,False,
L1-04_L2-04c_0011__scene_010,L1-04,L2-04c,media,https://www.dvidshub.net/video/957316/active-shooter-exercise,DVIDS,public_cleared,us_gov_public_domain,Public Domain,,False,
L1-04_L2-04c_0011__scene_012,L1-04,L2-04c,media,https://www.dvidshub.net/video/957316/active-shooter-exercise,DVIDS,public_cleared,us_gov_public_domain,Public Domain,,False,
L1-04_L2-04c_0011__scene_016,L1-04,L2-04c,media,https://www.dvidshub.net/video/957316/active-shooter-exercise,DVIDS,public_cleared,us_gov_public_domain,Public Domain,,False,
L1-04_L2-04c_0011__scene_017,L1-04,L2-04c,media,https://www.dvidshub.net/video/957316/active-shooter-exercise,DVIDS,public_cleared,us_gov_public_domain,Public Domain,,False,
L1-04_L2-04c_0011__scene_018,L1-04,L2-04c,media,https://www.dvidshub.net/video/957316/active-shooter-exercise,DVIDS,public_cleared,us_gov_public_domain,Public Domain,,False,
L1-04_L2-04c_0011__scene_019,L1-04,L2-04c,media,https://www.dvidshub.net/video/957316/active-shooter-exercise,DVIDS,public_cleared,us_gov_public_domain,Public Domain,,False,
L1-04_L2-04c_0012__scene_002,L1-04,L2-04c,media,https://www.dvidshub.net/video/930903/citadel-pacific-active-shooter-drill,DVIDS,public_cleared,us_gov_public_domain,Public Domain,,False,
L1-04_L2-04c_0012__scene_003,L1-04,L2-04c,media,https://www.dvidshub.net/video/930903/citadel-pacific-active-shooter-drill,DVIDS,public_cleared,us_gov_public_domain,Public Domain,,False,
L1-04_L2-04c_0012__scene_004,L1-04,L2-04c,media,https://www.dvidshub.net/video/930903/citadel-pacific-active-shooter-drill,DVIDS,public_cleared,us_gov_public_domain,Public Domain,,False,
L1-04_L2-04c_0012__scene_006,L1-04,L2-04c,media,https://www.dvidshub.net/video/930903/citadel-pacific-active-shooter-drill,DVIDS,public_cleared,us_gov_public_domain,Public Domain,,False,
L1-04_L2-04c_0013__scene_001,L1-04,L2-04c,media,https://www.dvidshub.net/video/926790/peru-ecuador-us-strengthen-counter-terrorism-tactics,DVIDS,public_cleared,us_gov_public_domain,Public Domain,,False,
L1-04_L2-04c_0013__scene_003,L1-04,L2-04c,media,https://www.dvidshub.net/video/926790/peru-ecuador-us-strengthen-counter-terrorism-tactics,DVIDS,public_cleared,us_gov_public_domain,Public Domain,,False,
L1-04_L2-04c_0014__scene_005,L1-04,L2-04c,media,https://www.dvidshub.net/video/917997/mass-casualty-exercise,DVIDS,public_cleared,us_gov_public_domain,Public Domain,,False,
L1-04_L2-04c_0015__scene_002,L1-04,L2-04c,media,https://www.dvidshub.net/video/917996/non-combatant-evacuation-operations-exercise,DVIDS,public_cleared,us_gov_public_domain,Public Domain,,False,
L1-04_L2-04c_0015__scene_004,L1-04,L2-04c,media,https://www.dvidshub.net/video/917996/non-combatant-evacuation-operations-exercise,DVIDS,public_cleared,us_gov_public_domain,Public Domain,,False,
L1-04_L2-04d_0001__scene_001,L1-04,L2-04d,media,https://www.dvidshub.net/video/996824/coast-guard-rescues-stranded-man-illinois-river-valley,DVIDS,public_cleared,us_gov_public_domain,Public Domain,,False,
L1-04_L2-04d_0001__scene_002,L1-04,L2-04d,media,https://www.dvidshub.net/video/996824/coast-guard-rescues-stranded-man-illinois-river-valley,DVIDS,public_cleared,us_gov_public_domain,Public Domain,,False,
L1-04_L2-04d_0001__scene_004,L1-04,L2-04d,media,https://www.dvidshub.net/video/996824/coast-guard-rescues-stranded-man-illinois-river-valley,DVIDS,public_cleared,us_gov_public_domain,Public Domain,,False,
L1-04_L2-04d_0001__scene_005,L1-04,L2-04d,media,https://www.dvidshub.net/video/996824/coast-guard-rescues-stranded-man-illinois-river-valley,DVIDS,public_cleared,us_gov_public_domain,Public Domain,,False,
L1-04_L2-04d_0001__scene_006,L1-04,L2-04d,media,https://www.dvidshub.net/video/996824/coast-guard-rescues-stranded-man-illinois-river-valley,DVIDS,public_cleared,us_gov_public_domain,Public Domain,,False,
L1-04_L2-04d_0003__scene_001,L1-04,L2-04d,media,https://www.dvidshub.net/video/992215/coast-guard-rescues-9-people-near-st-george-island-alaska,DVIDS,public_cleared,us_gov_public_domain,Public Domain,,False,
L1-04_L2-04d_0006__scene_002,L1-04,L2-04d,media,https://www.dvidshub.net/video/976106/coast-guard-air-force-conduct-search-and-rescue-exercise,DVIDS,public_cleared,us_gov_public_domain,Public Domain,,False,
L1-04_L2-04d_0006__scene_003,L1-04,L2-04d,media,https://www.dvidshub.net/video/976106/coast-guard-air-force-conduct-search-and-rescue-exercise,DVIDS,public_cleared,us_gov_public_domain,Public Domain,,False,
L1-04_L2-04d_0006__scene_006,L1-04,L2-04d,media,https://www.dvidshub.net/video/976106/coast-guard-air-force-conduct-search-and-rescue-exercise,DVIDS,public_cleared,us_gov_public_domain,Public Domain,,False,
L1-04_L2-04d_0006__scene_007,L1-04,L2-04d,media,https://www.dvidshub.net/video/976106/coast-guard-air-force-conduct-search-and-rescue-exercise,DVIDS,public_cleared,us_gov_public_domain,Public Domain,,False,
L1-04_L2-04d_0006__scene_008,L1-04,L2-04d,media,https://www.dvidshub.net/video/976106/coast-guard-air-force-conduct-search-and-rescue-exercise,DVIDS,public_cleared,us_gov_public_domain,Public Domain,,False,
L1-04_L2-04d_0006__scene_009,L1-04,L2-04d,media,https://www.dvidshub.net/video/976106/coast-guard-air-force-conduct-search-and-rescue-exercise,DVIDS,public_cleared,us_gov_public_domain,Public Domain,,False,
L1-04_L2-04d_0006__scene_010,L1-04,L2-04d,media,https://www.dvidshub.net/video/976106/coast-guard-air-force-conduct-search-and-rescue-exercise,DVIDS,public_cleared,us_gov_public_domain,Public Domain,,False,
L1-04_L2-04d_0006__scene_014,L1-04,L2-04d,media,https://www.dvidshub.net/video/976106/coast-guard-air-force-conduct-search-and-rescue-exercise,DVIDS,public_cleared,us_gov_public_domain,Public Domain,,False,
L1-04_L2-04d_0007__scene_001,L1-04,L2-04d,media,https://www.dvidshub.net/video/971292/jolly-vihar-25-4,DVIDS,public_cleared,us_gov_public_domain,Public Domain,,False,
L1-04_L2-04d_0007__scene_002,L1-04,L2-04d,media,https://www.dvidshub.net/video/971292/jolly-vihar-25-4,DVIDS,public_cleared,us_gov_public_domain,Public Domain,,False,
L1-04_L2-04d_0008__scene_004,L1-04,L2-04d,media,https://www.dvidshub.net/video/960601/combat-search-and-rescue-training-exercise-25-2,DVIDS,public_cleared,us_gov_public_domain,Public Domain,,False,
L1-04_L2-04d_0009__scene_001,L1-04,L2-04d,media,https://www.dvidshub.net/video/960275/combat-search-and-rescue-training-exercise,DVIDS,public_cleared,us_gov_public_domain,Public Domain,,False,
L1-04_L2-04d_0009__scene_006,L1-04,L2-04d,media,https://www.dvidshub.net/video/960275/combat-search-and-rescue-training-exercise,DVIDS,public_cleared,us_gov_public_domain,Public Domain,,False,
L1-04_L2-04d_0009__scene_007,L1-04,L2-04d,media,https://www.dvidshub.net/video/960275/combat-search-and-rescue-training-exercise,DVIDS,public_cleared,us_gov_public_domain,Public Domain,,False,
L1-04_L2-04d_0009__scene_009,L1-04,L2-04d,media,https://www.dvidshub.net/video/960275/combat-search-and-rescue-training-exercise,DVIDS,public_cleared,us_gov_public_domain,Public Domain,,False,
L1-04_L2-04d_0009__scene_010,L1-04,L2-04d,media,https://www.dvidshub.net/video/960275/combat-search-and-rescue-training-exercise,DVIDS,public_cleared,us_gov_public_domain,Public Domain,,False,
L1-04_L2-04d_0010__scene_002,L1-04,L2-04d,media,https://www.dvidshub.net/video/952322/urban-search-and-rescue-task-force-3-conducts-search-palisades,DVIDS,public_cleared,us_gov_public_domain,Public Domain,,False,
L1-04_L2-04d_0010__scene_003,L1-04,L2-04d,media,https://www.dvidshub.net/video/952322/urban-search-and-rescue-task-force-3-conducts-search-palisades,DVIDS,public_cleared,us_gov_public_domain,Public Domain,,False,
L1-04_L2-04d_0010__scene_004,L1-04,L2-04d,media,https://www.dvidshub.net/video/952322/urban-search-and-rescue-task-force-3-conducts-search-palisades,DVIDS,public_cleared,us_gov_public_domain,Public Domain,,False,
L1-04_L2-04d_0010__scene_006,L1-04,L2-04d,media,https://www.dvidshub.net/video/952322/urban-search-and-rescue-task-force-3-conducts-search-palisades,DVIDS,public_cleared,us_gov_public_domain,Public Domain,,False,
L1-04_L2-04d_0010__scene_007,L1-04,L2-04d,media,https://www.dvidshub.net/video/952322/urban-search-and-rescue-task-force-3-conducts-search-palisades,DVIDS,public_cleared,us_gov_public_domain,Public Domain,,False,
L1-04_L2-04d_0010__scene_008,L1-04,L2-04d,media,https://www.dvidshub.net/video/952322/urban-search-and-rescue-task-force-3-conducts-search-palisades,DVIDS,public_cleared,us_gov_public_domain,Public Domain,,False,
L1-04_L2-04d_0010__scene_010,L1-04,L2-04d,media,https://www.dvidshub.net/video/952322/urban-search-and-rescue-task-force-3-conducts-search-palisades,DVIDS,public_cleared,us_gov_public_domain,Public Domain,,False,
L1-04_L2-04d_0010__scene_011,L1-04,L2-04d,media,https://www.dvidshub.net/video/952322/urban-search-and-rescue-task-force-3-conducts-search-palisades,DVIDS,public_cleared,us_gov_public_domain,Public Domain,,False,
L1-04_L2-04d_0010__scene_012,L1-04,L2-04d,media,https://www.dvidshub.net/video/952322/urban-search-and-rescue-task-force-3-conducts-search-palisades,DVIDS,public_cleared,us_gov_public_domain,Public Domain,,False,
L1-04_L2-04d_0010__scene_014,L1-04,L2-04d,media,https://www.dvidshub.net/video/952322/urban-search-and-rescue-task-force-3-conducts-search-palisades,DVIDS,public_cleared,us_gov_public_domain,Public Domain,,False,
L1-04_L2-04d_0010__scene_015,L1-04,L2-04d,media,https://www.dvidshub.net/video/952322/urban-search-and-rescue-task-force-3-conducts-search-palisades,DVIDS,public_cleared,us_gov_public_domain,Public Domain,,False,
L1-04_L2-04d_0010__scene_016,L1-04,L2-04d,media,https://www.dvidshub.net/video/952322/urban-search-and-rescue-task-force-3-conducts-search-palisades,DVIDS,public_cleared,us_gov_public_domain,Public Domain,,False,
L1-04_L2-04d_0010__scene_018,L1-04,L2-04d,media,https://www.dvidshub.net/video/952322/urban-search-and-rescue-task-force-3-conducts-search-palisades,DVIDS,public_cleared,us_gov_public_domain,Public Domain,,False,
L1-04_L2-04d_0010__scene_019,L1-04,L2-04d,media,https://www.dvidshub.net/video/952322/urban-search-and-rescue-task-force-3-conducts-search-palisades,DVIDS,public_cleared,us_gov_public_domain,Public Domain,,False,
L1-04_L2-04d_0010__scene_020,L1-04,L2-04d,media,https://www.dvidshub.net/video/952322/urban-search-and-rescue-task-force-3-conducts-search-palisades,DVIDS,public_cleared,us_gov_public_domain,Public Domain,,False,
L1-04_L2-04d_0010__scene_022,L1-04,L2-04d,media,https://www.dvidshub.net/video/952322/urban-search-and-rescue-task-force-3-conducts-search-palisades,DVIDS,public_cleared,us_gov_public_domain,Public Domain,,False,
L1-04_L2-04d_0010__scene_023,L1-04,L2-04d,media,https://www.dvidshub.net/video/952322/urban-search-and-rescue-task-force-3-conducts-search-palisades,DVIDS,public_cleared,us_gov_public_domain,Public Domain,,False,
L1-04_L2-04d_0010__scene_024,L1-04,L2-04d,media,https://www.dvidshub.net/video/952322/urban-search-and-rescue-task-force-3-conducts-search-palisades,DVIDS,public_cleared,us_gov_public_domain,Public Domain,,False,
L1-04_L2-04d_0010__scene_026,L1-04,L2-04d,media,https://www.dvidshub.net/video/952322/urban-search-and-rescue-task-force-3-conducts-search-palisades,DVIDS,public_cleared,us_gov_public_domain,Public Domain,,False,
L1-04_L2-04d_0010__scene_027,L1-04,L2-04d,media,https://www.dvidshub.net/video/952322/urban-search-and-rescue-task-force-3-conducts-search-palisades,DVIDS,public_cleared,us_gov_public_domain,Public Domain,,False,
L1-04_L2-04d_0010__scene_028,L1-04,L2-04d,media,https://www.dvidshub.net/video/952322/urban-search-and-rescue-task-force-3-conducts-search-palisades,DVIDS,public_cleared,us_gov_public_domain,Public Domain,,False,
L1-04_L2-04d_0011__scene_002,L1-04,L2-04d,media,https://www.dvidshub.net/video/952285/usar-k9-dogs-conduct-search-missions-pacific-palisades,DVIDS,public_cleared,us_gov_public_domain,Public Domain,,False,
L1-04_L2-04d_0011__scene_003,L1-04,L2-04d,media,https://www.dvidshub.net/video/952285/usar-k9-dogs-conduct-search-missions-pacific-palisades,DVIDS,public_cleared,us_gov_public_domain,Public Domain,,False,
L1-04_L2-04d_0011__scene_005,L1-04,L2-04d,media,https://www.dvidshub.net/video/952285/usar-k9-dogs-conduct-search-missions-pacific-palisades,DVIDS,public_cleared,us_gov_public_domain,Public Domain,,False,
L1-04_L2-04d_0011__scene_006,L1-04,L2-04d,media,https://www.dvidshub.net/video/952285/usar-k9-dogs-conduct-search-missions-pacific-palisades,DVIDS,public_cleared,us_gov_public_domain,Public Domain,,False,
L1-04_L2-04d_0011__scene_010,L1-04,L2-04d,media,https://www.dvidshub.net/video/952285/usar-k9-dogs-conduct-search-missions-pacific-palisades,DVIDS,public_cleared,us_gov_public_domain,Public Domain,,False,
L1-04_L2-04d_0011__scene_011,L1-04,L2-04d,media,https://www.dvidshub.net/video/952285/usar-k9-dogs-conduct-search-missions-pacific-palisades,DVIDS,public_cleared,us_gov_public_domain,Public Domain,,False,
L1-04_L2-04d_0011__scene_013,L1-04,L2-04d,media,https://www.dvidshub.net/video/952285/usar-k9-dogs-conduct-search-missions-pacific-palisades,DVIDS,public_cleared,us_gov_public_domain,Public Domain,,False,
L1-04_L2-04d_0011__scene_016,L1-04,L2-04d,media,https://www.dvidshub.net/video/952285/usar-k9-dogs-conduct-search-missions-pacific-palisades,DVIDS,public_cleared,us_gov_public_domain,Public Domain,,False,
L1-04_L2-04d_0011__scene_018,L1-04,L2-04d,media,https://www.dvidshub.net/video/952285/usar-k9-dogs-conduct-search-missions-pacific-palisades,DVIDS,public_cleared,us_gov_public_domain,Public Domain,,False,
L1-04_L2-04d_0011__scene_019,L1-04,L2-04d,media,https://www.dvidshub.net/video/952285/usar-k9-dogs-conduct-search-missions-pacific-palisades,DVIDS,public_cleared,us_gov_public_domain,Public Domain,,False,
L1-04_L2-04d_0011__scene_022,L1-04,L2-04d,media,https://www.dvidshub.net/video/952285/usar-k9-dogs-conduct-search-missions-pacific-palisades,DVIDS,public_cleared,us_gov_public_domain,Public Domain,,False,
L1-04_L2-04d_0011__scene_023,L1-04,L2-04d,media,https://www.dvidshub.net/video/952285/usar-k9-dogs-conduct-search-missions-pacific-palisades,DVIDS,public_cleared,us_gov_public_domain,Public Domain,,False,
L1-04_L2-04d_0011__scene_025,L1-04,L2-04d,media,https://www.dvidshub.net/video/952285/usar-k9-dogs-conduct-search-missions-pacific-palisades,DVIDS,public_cleared,us_gov_public_domain,Public Domain,,False,
L1-04_L2-04d_0011__scene_026,L1-04,L2-04d,media,https://www.dvidshub.net/video/952285/usar-k9-dogs-conduct-search-missions-pacific-palisades,DVIDS,public_cleared,us_gov_public_domain,Public Domain,,False,
L1-04_L2-04d_0011__scene_029,L1-04,L2-04d,media,https://www.dvidshub.net/video/952285/usar-k9-dogs-conduct-search-missions-pacific-palisades,DVIDS,public_cleared,us_gov_public_domain,Public Domain,,False,
L1-04_L2-04d_0011__scene_031,L1-04,L2-04d,media,https://www.dvidshub.net/video/952285/usar-k9-dogs-conduct-search-missions-pacific-palisades,DVIDS,public_cleared,us_gov_public_domain,Public Domain,,False,
L1-04_L2-04d_0011__scene_035,L1-04,L2-04d,media,https://www.dvidshub.net/video/952285/usar-k9-dogs-conduct-search-missions-pacific-palisades,DVIDS,public_cleared,us_gov_public_domain,Public Domain,,False,
L1-04_L2-04d_0011__scene_036,L1-04,L2-04d,media,https://www.dvidshub.net/video/952285/usar-k9-dogs-conduct-search-missions-pacific-palisades,DVIDS,public_cleared,us_gov_public_domain,Public Domain,,False,
L1-04_L2-04d_0011__scene_038,L1-04,L2-04d,media,https://www.dvidshub.net/video/952285/usar-k9-dogs-conduct-search-missions-pacific-palisades,DVIDS,public_cleared,us_gov_public_domain,Public Domain,,False,
L1-04_L2-04d_0011__scene_039,L1-04,L2-04d,media,https://www.dvidshub.net/video/952285/usar-k9-dogs-conduct-search-missions-pacific-palisades,DVIDS,public_cleared,us_gov_public_domain,Public Domain,,False,
L1-04_L2-04d_0011__scene_041,L1-04,L2-04d,media,https://www.dvidshub.net/video/952285/usar-k9-dogs-conduct-search-missions-pacific-palisades,DVIDS,public_cleared,us_gov_public_domain,Public Domain,,False,
L1-04_L2-04d_0011__scene_042,L1-04,L2-04d,media,https://www.dvidshub.net/video/952285/usar-k9-dogs-conduct-search-missions-pacific-palisades,DVIDS,public_cleared,us_gov_public_domain,Public Domain,,False,
L1-04_L2-04d_0011__scene_044,L1-04,L2-04d,media,https://www.dvidshub.net/video/952285/usar-k9-dogs-conduct-search-missions-pacific-palisades,DVIDS,public_cleared,us_gov_public_domain,Public Domain,,False,
L1-04_L2-04d_0011__scene_045,L1-04,L2-04d,media,https://www.dvidshub.net/video/952285/usar-k9-dogs-conduct-search-missions-pacific-palisades,DVIDS,public_cleared,us_gov_public_domain,Public Domain,,False,
L1-04_L2-04d_0011__scene_048,L1-04,L2-04d,media,https://www.dvidshub.net/video/952285/usar-k9-dogs-conduct-search-missions-pacific-palisades,DVIDS,public_cleared,us_gov_public_domain,Public Domain,,False,
L1-04_L2-04d_0012__scene_003,L1-04,L2-04d,media,https://www.dvidshub.net/video/943598/coast-guard-rescues-kite-surfer-near-davenport-beach,DVIDS,public_cleared,us_gov_public_domain,Public Domain,,False,
L1-04_L2-04d_0014__scene_001,L1-04,L2-04d,media,https://www.dvidshub.net/video/936318/pp24-2-phl-urban-search-and-rescue,DVIDS,public_cleared,us_gov_public_domain,Public Domain,,False,
L1-04_L2-04d_0014__scene_002,L1-04,L2-04d,media,https://www.dvidshub.net/video/936318/pp24-2-phl-urban-search-and-rescue,DVIDS,public_cleared,us_gov_public_domain,Public Domain,,False,
L1-04_L2-04d_0014__scene_004,L1-04,L2-04d,media,https://www.dvidshub.net/video/936318/pp24-2-phl-urban-search-and-rescue,DVIDS,public_cleared,us_gov_public_domain,Public Domain,,False,
L1-04_L2-04d_0014__scene_005,L1-04,L2-04d,media,https://www.dvidshub.net/video/936318/pp24-2-phl-urban-search-and-rescue,DVIDS,public_cleared,us_gov_public_domain,Public Domain,,False,
L1-04_L2-04d_0014__scene_007,L1-04,L2-04d,media,https://www.dvidshub.net/video/936318/pp24-2-phl-urban-search-and-rescue,DVIDS,public_cleared,us_gov_public_domain,Public Domain,,False,
L1-04_L2-04d_0014__scene_009,L1-04,L2-04d,media,https://www.dvidshub.net/video/936318/pp24-2-phl-urban-search-and-rescue,DVIDS,public_cleared,us_gov_public_domain,Public Domain,,False,
L1-04_L2-04d_0014__scene_012,L1-04,L2-04d,media,https://www.dvidshub.net/video/936318/pp24-2-phl-urban-search-and-rescue,DVIDS,public_cleared,us_gov_public_domain,Public Domain,,False,
L1-04_L2-04d_0014__scene_014,L1-04,L2-04d,media,https://www.dvidshub.net/video/936318/pp24-2-phl-urban-search-and-rescue,DVIDS,public_cleared,us_gov_public_domain,Public Domain,,False,
L1-04_L2-04d_0014__scene_016,L1-04,L2-04d,media,https://www.dvidshub.net/video/936318/pp24-2-phl-urban-search-and-rescue,DVIDS,public_cleared,us_gov_public_domain,Public Domain,,False,
L1-04_L2-04d_0014__scene_018,L1-04,L2-04d,media,https://www.dvidshub.net/video/936318/pp24-2-phl-urban-search-and-rescue,DVIDS,public_cleared,us_gov_public_domain,Public Domain,,False,
L1-04_L2-04d_0014__scene_020,L1-04,L2-04d,media,https://www.dvidshub.net/video/936318/pp24-2-phl-urban-search-and-rescue,DVIDS,public_cleared,us_gov_public_domain,Public Domain,,False,
L1-04_L2-04d_0014__scene_023,L1-04,L2-04d,media,https://www.dvidshub.net/video/936318/pp24-2-phl-urban-search-and-rescue,DVIDS,public_cleared,us_gov_public_domain,Public Domain,,False,
L1-04_L2-04d_0014__scene_025,L1-04,L2-04d,media,https://www.dvidshub.net/video/936318/pp24-2-phl-urban-search-and-rescue,DVIDS,public_cleared,us_gov_public_domain,Public Domain,,False,
L1-04_L2-04d_0014__scene_026,L1-04,L2-04d,media,https://www.dvidshub.net/video/936318/pp24-2-phl-urban-search-and-rescue,DVIDS,public_cleared,us_gov_public_domain,Public Domain,,False,
L1-04_L2-04d_0014__scene_028,L1-04,L2-04d,media,https://www.dvidshub.net/video/936318/pp24-2-phl-urban-search-and-rescue,DVIDS,public_cleared,us_gov_public_domain,Public Domain,,False,
L1-04_L2-04d_0014__scene_030,L1-04,L2-04d,media,https://www.dvidshub.net/video/936318/pp24-2-phl-urban-search-and-rescue,DVIDS,public_cleared,us_gov_public_domain,Public Domain,,False,
L1-04_L2-04d_0014__scene_033,L1-04,L2-04d,media,https://www.dvidshub.net/video/936318/pp24-2-phl-urban-search-and-rescue,DVIDS,public_cleared,us_gov_public_domain,Public Domain,,False,
L1-04_L2-04d_0014__scene_034,L1-04,L2-04d,media,https://www.dvidshub.net/video/936318/pp24-2-phl-urban-search-and-rescue,DVIDS,public_cleared,us_gov_public_domain,Public Domain,,False,
L1-04_L2-04d_0014__scene_036,L1-04,L2-04d,media,https://www.dvidshub.net/video/936318/pp24-2-phl-urban-search-and-rescue,DVIDS,public_cleared,us_gov_public_domain,Public Domain,,False,
L1-04_L2-04d_0014__scene_041,L1-04,L2-04d,media,https://www.dvidshub.net/video/936318/pp24-2-phl-urban-search-and-rescue,DVIDS,public_cleared,us_gov_public_domain,Public Domain,,False,
L1-04_L2-04d_0014__scene_047,L1-04,L2-04d,media,https://www.dvidshub.net/video/936318/pp24-2-phl-urban-search-and-rescue,DVIDS,public_cleared,us_gov_public_domain,Public Domain,,False,
L1-04_L2-04d_0014__scene_049,L1-04,L2-04d,media,https://www.dvidshub.net/video/936318/pp24-2-phl-urban-search-and-rescue,DVIDS,public_cleared,us_gov_public_domain,Public Domain,,False,
L1-04_L2-04d_0014__scene_053,L1-04,L2-04d,media,https://www.dvidshub.net/video/936318/pp24-2-phl-urban-search-and-rescue,DVIDS,public_cleared,us_gov_public_domain,Public Domain,,False,
L1-04_L2-04d_0014__scene_056,L1-04,L2-04d,media,https://www.dvidshub.net/video/936318/pp24-2-phl-urban-search-and-rescue,DVIDS,public_cleared,us_gov_public_domain,Public Domain,,False,
L1-04_L2-04d_0015__scene_002,L1-04,L2-04d,media,https://www.dvidshub.net/video/922411/coast-guard-air-force-sitka-mountain-rescue-crews-conduct-exercises-near-sitka-alaska-sarex-2024,DVIDS,public_cleared,us_gov_public_domain,Public Domain,,False,
L1-05_L2-05a_0013__scene_005,L1-05,L2-05a,url_only,https://www.youtube.com/watch?v=VO8HdzYa6f4,NTSB_YouTube,internal_hold,platform_tos_only,Official channel footage; verify reuse terms,,True,Source credit required: NTSBgov
L1-05_L2-05a_0013__scene_006,L1-05,L2-05a,url_only,https://www.youtube.com/watch?v=VO8HdzYa6f4,NTSB_YouTube,internal_hold,platform_tos_only,Official channel footage; verify reuse terms,,True,Source credit required: NTSBgov
L1-05_L2-05a_0013__scene_007,L1-05,L2-05a,url_only,https://www.youtube.com/watch?v=VO8HdzYa6f4,NTSB_YouTube,internal_hold,platform_tos_only,Official channel footage; verify reuse terms,,True,Source credit required: NTSBgov
L1-05_L2-05a_0013__scene_008,L1-05,L2-05a,url_only,https://www.youtube.com/watch?v=VO8HdzYa6f4,NTSB_YouTube,internal_hold,platform_tos_only,Official channel footage; verify reuse terms,,True,Source credit required: NTSBgov
L1-05_L2-05a_0013__scene_010,L1-05,L2-05a,url_only,https://www.youtube.com/watch?v=VO8HdzYa6f4,NTSB_YouTube,internal_hold,platform_tos_only,Official channel footage; verify reuse terms,,True,Source credit required: NTSBgov
L1-05_L2-05a_0013__scene_012,L1-05,L2-05a,url_only,https://www.youtube.com/watch?v=VO8HdzYa6f4,NTSB_YouTube,internal_hold,platform_tos_only,Official channel footage; verify reuse terms,,True,Source credit required: NTSBgov
L1-05_L2-05a_0013__scene_013,L1-05,L2-05a,url_only,https://www.youtube.com/watch?v=VO8HdzYa6f4,NTSB_YouTube,internal_hold,platform_tos_only,Official channel footage; verify reuse terms,,True,Source credit required: NTSBgov
L1-05_L2-05a_0013__scene_014,L1-05,L2-05a,url_only,https://www.youtube.com/watch?v=VO8HdzYa6f4,NTSB_YouTube,internal_hold,platform_tos_only,Official channel footage; verify reuse terms,,True,Source credit required: NTSBgov
L1-05_L2-05a_0013__scene_019,L1-05,L2-05a,url_only,https://www.youtube.com/watch?v=VO8HdzYa6f4,NTSB_YouTube,internal_hold,platform_tos_only,Official channel footage; verify reuse terms,,True,Source credit required: NTSBgov
L1-05_L2-05a_0013__scene_020,L1-05,L2-05a,url_only,https://www.youtube.com/watch?v=VO8HdzYa6f4,NTSB_YouTube,internal_hold,platform_tos_only,Official channel footage; verify reuse terms,,True,Source credit required: NTSBgov
L1-05_L2-05a_0013__scene_023,L1-05,L2-05a,url_only,https://www.youtube.com/watch?v=VO8HdzYa6f4,NTSB_YouTube,internal_hold,platform_tos_only,Official channel footage; verify reuse terms,,True,Source credit required: NTSBgov
L1-05_L2-05a_0013__scene_025,L1-05,L2-05a,url_only,https://www.youtube.com/watch?v=VO8HdzYa6f4,NTSB_YouTube,internal_hold,platform_tos_only,Official channel footage; verify reuse terms,,True,Source credit required: NTSBgov
L1-05_L2-05a_0014__scene_003,L1-05,L2-05a,url_only,https://www.youtube.com/watch?v=CnZa3DWoFT8,NTSB_YouTube,internal_hold,platform_tos_only,Official channel footage; verify reuse terms,,True,Source credit required: NTSBgov
L1-05_L2-05a_0014__scene_005,L1-05,L2-05a,url_only,https://www.youtube.com/watch?v=CnZa3DWoFT8,NTSB_YouTube,internal_hold,platform_tos_only,Official channel footage; verify reuse terms,,True,Source credit required: NTSBgov
L1-05_L2-05a_0014__scene_006,L1-05,L2-05a,url_only,https://www.youtube.com/watch?v=CnZa3DWoFT8,NTSB_YouTube,internal_hold,platform_tos_only,Official channel footage; verify reuse terms,,True,Source credit required: NTSBgov
L1-05_L2-05a_0014__scene_008,L1-05,L2-05a,url_only,https://www.youtube.com/watch?v=CnZa3DWoFT8,NTSB_YouTube,internal_hold,platform_tos_only,Official channel footage; verify reuse terms,,True,Source credit required: NTSBgov
L1-05_L2-05a_0014__scene_010,L1-05,L2-05a,url_only,https://www.youtube.com/watch?v=CnZa3DWoFT8,NTSB_YouTube,internal_hold,platform_tos_only,Official channel footage; verify reuse terms,,True,Source credit required: NTSBgov
L1-05_L2-05a_0015__scene_003,L1-05,L2-05a,url_only,https://www.youtube.com/watch?v=TzNX5tJ-OcU,NTSB_YouTube,internal_hold,platform_tos_only,Official channel footage; verify reuse terms,,True,Source credit required: NTSBgov
L1-05_L2-05a_0015__scene_005,L1-05,L2-05a,url_only,https://www.youtube.com/watch?v=TzNX5tJ-OcU,NTSB_YouTube,internal_hold,platform_tos_only,Official channel footage; verify reuse terms,,True,Source credit required: NTSBgov
L1-05_L2-05a_0015__scene_006,L1-05,L2-05a,url_only,https://www.youtube.com/watch?v=TzNX5tJ-OcU,NTSB_YouTube,internal_hold,platform_tos_only,Official channel footage; verify reuse terms,,True,Source credit required: NTSBgov
L1-05_L2-05a_0015__scene_007,L1-05,L2-05a,url_only,https://www.youtube.com/watch?v=TzNX5tJ-OcU,NTSB_YouTube,internal_hold,platform_tos_only,Official channel footage; verify reuse terms,,True,Source credit required: NTSBgov
L1-05_L2-05a_0015__scene_010,L1-05,L2-05a,url_only,https://www.youtube.com/watch?v=TzNX5tJ-OcU,NTSB_YouTube,internal_hold,platform_tos_only,Official channel footage; verify reuse terms,,True,Source credit required: NTSBgov
L1-05_L2-05a_0015__scene_011,L1-05,L2-05a,url_only,https://www.youtube.com/watch?v=TzNX5tJ-OcU,NTSB_YouTube,internal_hold,platform_tos_only,Official channel footage; verify reuse terms,,True,Source credit required: NTSBgov
L1-05_L2-05a_0015__scene_012,L1-05,L2-05a,url_only,https://www.youtube.com/watch?v=TzNX5tJ-OcU,NTSB_YouTube,internal_hold,platform_tos_only,Official channel footage; verify reuse terms,,True,Source credit required: NTSBgov
L1-05_L2-05a_0015__scene_013,L1-05,L2-05a,url_only,https://www.youtube.com/watch?v=TzNX5tJ-OcU,NTSB_YouTube,internal_hold,platform_tos_only,Official channel footage; verify reuse terms,,True,Source credit required: NTSBgov
L1-05_L2-05a_0015__scene_015,L1-05,L2-05a,url_only,https://www.youtube.com/watch?v=TzNX5tJ-OcU,NTSB_YouTube,internal_hold,platform_tos_only,Official channel footage; verify reuse terms,,True,Source credit required: NTSBgov
L1-05_L2-05a_0015__scene_016,L1-05,L2-05a,url_only,https://www.youtube.com/watch?v=TzNX5tJ-OcU,NTSB_YouTube,internal_hold,platform_tos_only,Official channel footage; verify reuse terms,,True,Source credit required: NTSBgov
L1-05_L2-05a_0016__scene_008,L1-05,L2-05a,url_only,https://www.youtube.com/watch?v=XKfF_CLANNU,NTSB_YouTube,internal_hold,platform_tos_only,Official channel footage; verify reuse terms,,True,Source credit required: NTSBgov
L1-05_L2-05a_0016__scene_013,L1-05,L2-05a,url_only,https://www.youtube.com/watch?v=XKfF_CLANNU,NTSB_YouTube,internal_hold,platform_tos_only,Official channel footage; verify reuse terms,,True,Source credit required: NTSBgov
L1-05_L2-05a_0016__scene_014,L1-05,L2-05a,url_only,https://www.youtube.com/watch?v=XKfF_CLANNU,NTSB_YouTube,internal_hold,platform_tos_only,Official channel footage; verify reuse terms,,True,Source credit required: NTSBgov
L1-05_L2-05a_0016__scene_016,L1-05,L2-05a,url_only,https://www.youtube.com/watch?v=XKfF_CLANNU,NTSB_YouTube,internal_hold,platform_tos_only,Official channel footage; verify reuse terms,,True,Source credit required: NTSBgov
L1-05_L2-05a_0016__scene_021,L1-05,L2-05a,url_only,https://www.youtube.com/watch?v=XKfF_CLANNU,NTSB_YouTube,internal_hold,platform_tos_only,Official channel footage; verify reuse terms,,True,Source credit required: NTSBgov
L1-05_L2-05a_0016__scene_023,L1-05,L2-05a,url_only,https://www.youtube.com/watch?v=XKfF_CLANNU,NTSB_YouTube,internal_hold,platform_tos_only,Official channel footage; verify reuse terms,,True,Source credit required: NTSBgov
L1-05_L2-05a_0016__scene_024,L1-05,L2-05a,url_only,https://www.youtube.com/watch?v=XKfF_CLANNU,NTSB_YouTube,internal_hold,platform_tos_only,Official channel footage; verify reuse terms,,True,Source credit required: NTSBgov
L1-05_L2-05a_0016__scene_025,L1-05,L2-05a,url_only,https://www.youtube.com/watch?v=XKfF_CLANNU,NTSB_YouTube,internal_hold,platform_tos_only,Official channel footage; verify reuse terms,,True,Source credit required: NTSBgov
L1-05_L2-05a_0016__scene_028,L1-05,L2-05a,url_only,https://www.youtube.com/watch?v=XKfF_CLANNU,NTSB_YouTube,internal_hold,platform_tos_only,Official channel footage; verify reuse terms,,True,Source credit required: NTSBgov
L1-05_L2-05a_0016__scene_029,L1-05,L2-05a,url_only,https://www.youtube.com/watch?v=XKfF_CLANNU,NTSB_YouTube,internal_hold,platform_tos_only,Official channel footage; verify reuse terms,,True,Source credit required: NTSBgov
L1-05_L2-05a_0016__scene_030,L1-05,L2-05a,url_only,https://www.youtube.com/watch?v=XKfF_CLANNU,NTSB_YouTube,internal_hold,platform_tos_only,Official channel footage; verify reuse terms,,True,Source credit required: NTSBgov
L1-05_L2-05a_0016__scene_031,L1-05,L2-05a,url_only,https://www.youtube.com/watch?v=XKfF_CLANNU,NTSB_YouTube,internal_hold,platform_tos_only,Official channel footage; verify reuse terms,,True,Source credit required: NTSBgov
L1-05_L2-05a_0016__scene_034,L1-05,L2-05a,url_only,https://www.youtube.com/watch?v=XKfF_CLANNU,NTSB_YouTube,internal_hold,platform_tos_only,Official channel footage; verify reuse terms,,True,Source credit required: NTSBgov
L1-05_L2-05a_0016__scene_036,L1-05,L2-05a,url_only,https://www.youtube.com/watch?v=XKfF_CLANNU,NTSB_YouTube,internal_hold,platform_tos_only,Official channel footage; verify reuse terms,,True,Source credit required: NTSBgov
L1-05_L2-05a_0016__scene_037,L1-05,L2-05a,url_only,https://www.youtube.com/watch?v=XKfF_CLANNU,NTSB_YouTube,internal_hold,platform_tos_only,Official channel footage; verify reuse terms,,True,Source credit required: NTSBgov
L1-05_L2-05a_0016__scene_039,L1-05,L2-05a,url_only,https://www.youtube.com/watch?v=XKfF_CLANNU,NTSB_YouTube,internal_hold,platform_tos_only,Official channel footage; verify reuse terms,,True,Source credit required: NTSBgov
L1-05_L2-05a_0017__scene_004,L1-05,L2-05a,url_only,https://www.youtube.com/watch?v=WFIqxo4QMu4,NTSB_YouTube,internal_hold,platform_tos_only,Official channel footage; verify reuse terms,,True,Source credit required: NTSBgov
L1-05_L2-05a_0017__scene_006,L1-05,L2-05a,url_only,https://www.youtube.com/watch?v=WFIqxo4QMu4,NTSB_YouTube,internal_hold,platform_tos_only,Official channel footage; verify reuse terms,,True,Source credit required: NTSBgov
L1-05_L2-05a_0017__scene_007,L1-05,L2-05a,url_only,https://www.youtube.com/watch?v=WFIqxo4QMu4,NTSB_YouTube,internal_hold,platform_tos_only,Official channel footage; verify reuse terms,,True,Source credit required: NTSBgov
L1-05_L2-05a_0019__scene_003,L1-05,L2-05a,url_only,https://www.youtube.com/watch?v=3TA8VWF2O8k,NTSB_YouTube,internal_hold,platform_tos_only,Official channel footage; verify reuse terms,,True,Source credit required: NTSBgov
L1-05_L2-05a_0019__scene_004,L1-05,L2-05a,url_only,https://www.youtube.com/watch?v=3TA8VWF2O8k,NTSB_YouTube,internal_hold,platform_tos_only,Official channel footage; verify reuse terms,,True,Source credit required: NTSBgov
L1-05_L2-05a_0019__scene_005,L1-05,L2-05a,url_only,https://www.youtube.com/watch?v=3TA8VWF2O8k,NTSB_YouTube,internal_hold,platform_tos_only,Official channel footage; verify reuse terms,,True,Source credit required: NTSBgov
L1-05_L2-05a_0019__scene_006,L1-05,L2-05a,url_only,https://www.youtube.com/watch?v=3TA8VWF2O8k,NTSB_YouTube,internal_hold,platform_tos_only,Official channel footage; verify reuse terms,,True,Source credit required: NTSBgov
L1-05_L2-05a_0019__scene_008,L1-05,L2-05a,url_only,https://www.youtube.com/watch?v=3TA8VWF2O8k,NTSB_YouTube,internal_hold,platform_tos_only,Official channel footage; verify reuse terms,,True,Source credit required: NTSBgov
L1-05_L2-05a_0019__scene_009,L1-05,L2-05a,url_only,https://www.youtube.com/watch?v=3TA8VWF2O8k,NTSB_YouTube,internal_hold,platform_tos_only,Official channel footage; verify reuse terms,,True,Source credit required: NTSBgov
L1-05_L2-05a_0019__scene_010,L1-05,L2-05a,url_only,https://www.youtube.com/watch?v=3TA8VWF2O8k,NTSB_YouTube,internal_hold,platform_tos_only,Official channel footage; verify reuse terms,,True,Source credit required: NTSBgov
L1-05_L2-05a_0019__scene_011,L1-05,L2-05a,url_only,https://www.youtube.com/watch?v=3TA8VWF2O8k,NTSB_YouTube,internal_hold,platform_tos_only,Official channel footage; verify reuse terms,,True,Source credit required: NTSBgov
L1-05_L2-05a_0019__scene_012,L1-05,L2-05a,url_only,https://www.youtube.com/watch?v=3TA8VWF2O8k,NTSB_YouTube,internal_hold,platform_tos_only,Official channel footage; verify reuse terms,,True,Source credit required: NTSBgov
L1-05_L2-05a_0019__scene_013,L1-05,L2-05a,url_only,https://www.youtube.com/watch?v=3TA8VWF2O8k,NTSB_YouTube,internal_hold,platform_tos_only,Official channel footage; verify reuse terms,,True,Source credit required: NTSBgov
L1-05_L2-05a_0020__scene_005,L1-05,L2-05a,url_only,https://www.youtube.com/watch?v=JpkRK9o8SSo,NTSB_YouTube,internal_hold,platform_tos_only,Official channel footage; verify reuse terms,,True,Source credit required: NTSBgov
L1-05_L2-05a_0020__scene_006,L1-05,L2-05a,url_only,https://www.youtube.com/watch?v=JpkRK9o8SSo,NTSB_YouTube,internal_hold,platform_tos_only,Official channel footage; verify reuse terms,,True,Source credit required: NTSBgov
L1-05_L2-05a_0020__scene_007,L1-05,L2-05a,url_only,https://www.youtube.com/watch?v=JpkRK9o8SSo,NTSB_YouTube,internal_hold,platform_tos_only,Official channel footage; verify reuse terms,,True,Source credit required: NTSBgov
L1-05_L2-05a_0020__scene_009,L1-05,L2-05a,url_only,https://www.youtube.com/watch?v=JpkRK9o8SSo,NTSB_YouTube,internal_hold,platform_tos_only,Official channel footage; verify reuse terms,,True,Source credit required: NTSBgov
L1-05_L2-05a_0020__scene_010,L1-05,L2-05a,url_only,https://www.youtube.com/watch?v=JpkRK9o8SSo,NTSB_YouTube,internal_hold,platform_tos_only,Official channel footage; verify reuse terms,,True,Source credit required: NTSBgov
L1-05_L2-05a_0020__scene_011,L1-05,L2-05a,url_only,https://www.youtube.com/watch?v=JpkRK9o8SSo,NTSB_YouTube,internal_hold,platform_tos_only,Official channel footage; verify reuse terms,,True,Source credit required: NTSBgov
L1-05_L2-05a_0020__scene_012,L1-05,L2-05a,url_only,https://www.youtube.com/watch?v=JpkRK9o8SSo,NTSB_YouTube,internal_hold,platform_tos_only,Official channel footage; verify reuse terms,,True,Source credit required: NTSBgov
L1-05_L2-05a_0020__scene_013,L1-05,L2-05a,url_only,https://www.youtube.com/watch?v=JpkRK9o8SSo,NTSB_YouTube,internal_hold,platform_tos_only,Official channel footage; verify reuse terms,,True,Source credit required: NTSBgov
L1-05_L2-05a_0020__scene_014,L1-05,L2-05a,url_only,https://www.youtube.com/watch?v=JpkRK9o8SSo,NTSB_YouTube,internal_hold,platform_tos_only,Official channel footage; verify reuse terms,,True,Source credit required: NTSBgov
L1-05_L2-05a_0022__scene_008,L1-05,L2-05a,url_only,https://www.youtube.com/watch?v=Tmu8y7ZPLnU,NTSB_YouTube,internal_hold,platform_tos_only,Official channel footage; verify reuse terms,,True,Source credit required: NTSBgov
L1-05_L2-05a_0022__scene_009,L1-05,L2-05a,url_only,https://www.youtube.com/watch?v=Tmu8y7ZPLnU,NTSB_YouTube,internal_hold,platform_tos_only,Official channel footage; verify reuse terms,,True,Source credit required: NTSBgov
L1-05_L2-05a_0022__scene_014,L1-05,L2-05a,url_only,https://www.youtube.com/watch?v=Tmu8y7ZPLnU,NTSB_YouTube,internal_hold,platform_tos_only,Official channel footage; verify reuse terms,,True,Source credit required: NTSBgov
L1-05_L2-05b_0011__scene_004,L1-05,L2-05b,url_only,https://www.youtube.com/watch?v=7AyXTVkVBT4,NTSB_YouTube,internal_hold,platform_tos_only,Official channel footage; verify reuse terms,,True,Source credit required: NTSBgov
L1-05_L2-05b_0011__scene_005,L1-05,L2-05b,url_only,https://www.youtube.com/watch?v=7AyXTVkVBT4,NTSB_YouTube,internal_hold,platform_tos_only,Official channel footage; verify reuse terms,,True,Source credit required: NTSBgov
L1-05_L2-05b_0011__scene_006,L1-05,L2-05b,url_only,https://www.youtube.com/watch?v=7AyXTVkVBT4,NTSB_YouTube,internal_hold,platform_tos_only,Official channel footage; verify reuse terms,,True,Source credit required: NTSBgov
L1-05_L2-05b_0011__scene_007,L1-05,L2-05b,url_only,https://www.youtube.com/watch?v=7AyXTVkVBT4,NTSB_YouTube,internal_hold,platform_tos_only,Official channel footage; verify reuse terms,,True,Source credit required: NTSBgov
L1-05_L2-05b_0011__scene_008,L1-05,L2-05b,url_only,https://www.youtube.com/watch?v=7AyXTVkVBT4,NTSB_YouTube,internal_hold,platform_tos_only,Official channel footage; verify reuse terms,,True,Source credit required: NTSBgov
L1-05_L2-05b_0011__scene_011,L1-05,L2-05b,url_only,https://www.youtube.com/watch?v=7AyXTVkVBT4,NTSB_YouTube,internal_hold,platform_tos_only,Official channel footage; verify reuse terms,,True,Source credit required: NTSBgov
L1-05_L2-05b_0011__scene_013,L1-05,L2-05b,url_only,https://www.youtube.com/watch?v=7AyXTVkVBT4,NTSB_YouTube,internal_hold,platform_tos_only,Official channel footage; verify reuse terms,,True,Source credit required: NTSBgov
L1-05_L2-05b_0011__scene_014,L1-05,L2-05b,url_only,https://www.youtube.com/watch?v=7AyXTVkVBT4,NTSB_YouTube,internal_hold,platform_tos_only,Official channel footage; verify reuse terms,,True,Source credit required: NTSBgov
L1-05_L2-05c_0013__scene_007,L1-05,L2-05c,url_only,https://www.youtube.com/watch?v=3OBB3N7yZPU,NTSB_YouTube,internal_hold,platform_tos_only,Official channel footage; verify reuse terms,,True,Source credit required: NTSBgov
L1-05_L2-05c_0013__scene_008,L1-05,L2-05c,url_only,https://www.youtube.com/watch?v=3OBB3N7yZPU,NTSB_YouTube,internal_hold,platform_tos_only,Official channel footage; verify reuse terms,,True,Source credit required: NTSBgov
L1-05_L2-05c_0013__scene_013,L1-05,L2-05c,url_only,https://www.youtube.com/watch?v=3OBB3N7yZPU,NTSB_YouTube,internal_hold,platform_tos_only,Official channel footage; verify reuse terms,,True,Source credit required: NTSBgov
L1-05_L2-05c_0013__scene_014,L1-05,L2-05c,url_only,https://www.youtube.com/watch?v=3OBB3N7yZPU,NTSB_YouTube,internal_hold,platform_tos_only,Official channel footage; verify reuse terms,,True,Source credit required: NTSBgov
L1-05_L2-05c_0013__scene_015,L1-05,L2-05c,url_only,https://www.youtube.com/watch?v=3OBB3N7yZPU,NTSB_YouTube,internal_hold,platform_tos_only,Official channel footage; verify reuse terms,,True,Source credit required: NTSBgov
L1-05_L2-05c_0013__scene_021,L1-05,L2-05c,url_only,https://www.youtube.com/watch?v=3OBB3N7yZPU,NTSB_YouTube,internal_hold,platform_tos_only,Official channel footage; verify reuse terms,,True,Source credit required: NTSBgov
L1-05_L2-05c_0013__scene_023,L1-05,L2-05c,url_only,https://www.youtube.com/watch?v=3OBB3N7yZPU,NTSB_YouTube,internal_hold,platform_tos_only,Official channel footage; verify reuse terms,,True,Source credit required: NTSBgov
L1-05_L2-05c_0015__scene_001,L1-05,L2-05c,url_only,https://www.youtube.com/watch?v=hGj_zvoIQ7w,AP_YouTube,exclude,editorial_restricted,Editorial licensing required,https://www.ap.org/terms-and-conditions/,True,Credit and licensing required from Associated Press
L1-05_L2-05c_0015__scene_003,L1-05,L2-05c,url_only,https://www.youtube.com/watch?v=hGj_zvoIQ7w,AP_YouTube,exclude,editorial_restricted,Editorial licensing required,https://www.ap.org/terms-and-conditions/,True,Credit and licensing required from Associated Press
L1-05_L2-05c_0015__scene_005,L1-05,L2-05c,url_only,https://www.youtube.com/watch?v=hGj_zvoIQ7w,AP_YouTube,exclude,editorial_restricted,Editorial licensing required,https://www.ap.org/terms-and-conditions/,True,Credit and licensing required from Associated Press
L1-05_L2-05c_0015__scene_006,L1-05,L2-05c,url_only,https://www.youtube.com/watch?v=hGj_zvoIQ7w,AP_YouTube,exclude,editorial_restricted,Editorial licensing required,https://www.ap.org/terms-and-conditions/,True,Credit and licensing required from Associated Press
L1-05_L2-05c_0016__scene_002,L1-05,L2-05c,url_only,https://www.youtube.com/watch?v=AUYQi7me5rg,AP_YouTube,exclude,editorial_restricted,Editorial licensing required,https://www.ap.org/terms-and-conditions/,True,Credit and licensing required from Associated Press
L1-05_L2-05d_0013__scene_001,L1-05,L2-05d,url_only,https://www.youtube.com/watch?v=Ppk0RrrQ8OE,Reuters_YouTube,exclude,editorial_restricted,Editorial licensing required,https://www.reutersagency.com/license-reuters-content/,True,Credit and licensing required from Reuters
L1-05_L2-05d_0013__scene_002,L1-05,L2-05d,url_only,https://www.youtube.com/watch?v=Ppk0RrrQ8OE,Reuters_YouTube,exclude,editorial_restricted,Editorial licensing required,https://www.reutersagency.com/license-reuters-content/,True,Credit and licensing required from Reuters
L1-05_L2-05d_0013__scene_003,L1-05,L2-05d,url_only,https://www.youtube.com/watch?v=Ppk0RrrQ8OE,Reuters_YouTube,exclude,editorial_restricted,Editorial licensing required,https://www.reutersagency.com/license-reuters-content/,True,Credit and licensing required from Reuters
L1-05_L2-05d_0014__scene_001,L1-05,L2-05d,url_only,https://www.youtube.com/watch?v=O0bZtjXQHms,AP_YouTube,exclude,editorial_restricted,Editorial licensing required,https://www.ap.org/terms-and-conditions/,True,Credit and licensing required from Associated Press
L1-05_L2-05d_0014__scene_002,L1-05,L2-05d,url_only,https://www.youtube.com/watch?v=O0bZtjXQHms,AP_YouTube,exclude,editorial_restricted,Editorial licensing required,https://www.ap.org/terms-and-conditions/,True,Credit and licensing required from Associated Press
L1-05_L2-05d_0014__scene_003,L1-05,L2-05d,url_only,https://www.youtube.com/watch?v=O0bZtjXQHms,AP_YouTube,exclude,editorial_restricted,Editorial licensing required,https://www.ap.org/terms-and-conditions/,True,Credit and licensing required from Associated Press
L1-05_L2-05d_0014__scene_004,L1-05,L2-05d,url_only,https://www.youtube.com/watch?v=O0bZtjXQHms,AP_YouTube,exclude,editorial_restricted,Editorial licensing required,https://www.ap.org/terms-and-conditions/,True,Credit and licensing required from Associated Press
L1-05_L2-05d_0014__scene_007,L1-05,L2-05d,url_only,https://www.youtube.com/watch?v=O0bZtjXQHms,AP_YouTube,exclude,editorial_restricted,Editorial licensing required,https://www.ap.org/terms-and-conditions/,True,Credit and licensing required from Associated Press
L1-05_L2-05d_0014__scene_008,L1-05,L2-05d,url_only,https://www.youtube.com/watch?v=O0bZtjXQHms,AP_YouTube,exclude,editorial_restricted,Editorial licensing required,https://www.ap.org/terms-and-conditions/,True,Credit and licensing required from Associated Press
L1-05_L2-05d_0014__scene_009,L1-05,L2-05d,url_only,https://www.youtube.com/watch?v=O0bZtjXQHms,AP_YouTube,exclude,editorial_restricted,Editorial licensing required,https://www.ap.org/terms-and-conditions/,True,Credit and licensing required from Associated Press
L1-05_L2-05d_0014__scene_010,L1-05,L2-05d,url_only,https://www.youtube.com/watch?v=O0bZtjXQHms,AP_YouTube,exclude,editorial_restricted,Editorial licensing required,https://www.ap.org/terms-and-conditions/,True,Credit and licensing required from Associated Press
L1-05_L2-05d_0014__scene_012,L1-05,L2-05d,url_only,https://www.youtube.com/watch?v=O0bZtjXQHms,AP_YouTube,exclude,editorial_restricted,Editorial licensing required,https://www.ap.org/terms-and-conditions/,True,Credit and licensing required from Associated Press
L1-05_L2-05d_0015__scene_001,L1-05,L2-05d,url_only,https://www.youtube.com/watch?v=QrepW4sP2Sk,AP_YouTube,exclude,editorial_restricted,Editorial licensing required,https://www.ap.org/terms-and-conditions/,True,Credit and licensing required from Associated Press
L1-05_L2-05d_0015__scene_002,L1-05,L2-05d,url_only,https://www.youtube.com/watch?v=QrepW4sP2Sk,AP_YouTube,exclude,editorial_restricted,Editorial licensing required,https://www.ap.org/terms-and-conditions/,True,Credit and licensing required from Associated Press
L1-05_L2-05d_0015__scene_003,L1-05,L2-05d,url_only,https://www.youtube.com/watch?v=QrepW4sP2Sk,AP_YouTube,exclude,editorial_restricted,Editorial licensing required,https://www.ap.org/terms-and-conditions/,True,Credit and licensing required from Associated Press
L1-05_L2-05d_0016__scene_001,L1-05,L2-05d,url_only,https://www.youtube.com/watch?v=JGRq5OTtQcY,AP_YouTube,exclude,editorial_restricted,Editorial licensing required,https://www.ap.org/terms-and-conditions/,True,Credit and licensing required from Associated Press
L1-05_L2-05d_0016__scene_002,L1-05,L2-05d,url_only,https://www.youtube.com/watch?v=JGRq5OTtQcY,AP_YouTube,exclude,editorial_restricted,Editorial licensing required,https://www.ap.org/terms-and-conditions/,True,Credit and licensing required from Associated Press
L1-05_L2-05d_0016__scene_003,L1-05,L2-05d,url_only,https://www.youtube.com/watch?v=JGRq5OTtQcY,AP_YouTube,exclude,editorial_restricted,Editorial licensing required,https://www.ap.org/terms-and-conditions/,True,Credit and licensing required from Associated Press
L1-05_L2-05d_0016__scene_004,L1-05,L2-05d,url_only,https://www.youtube.com/watch?v=JGRq5OTtQcY,AP_YouTube,exclude,editorial_restricted,Editorial licensing required,https://www.ap.org/terms-and-conditions/,True,Credit and licensing required from Associated Press
L1-05_L2-05d_0017__scene_001,L1-05,L2-05d,url_only,https://www.youtube.com/watch?v=brUHjsxe_e4,AP_YouTube,exclude,editorial_restricted,Editorial licensing required,https://www.ap.org/terms-and-conditions/,True,Credit and licensing required from Associated Press
L1-05_L2-05e_0015__scene_004,L1-05,L2-05e,url_only,https://www.youtube.com/watch?v=OGyAXbVH8Qs,NTSB_YouTube,internal_hold,platform_tos_only,Official channel footage; verify reuse terms,,True,Source credit required: NTSBgov
L1-05_L2-05e_0015__scene_005,L1-05,L2-05e,url_only,https://www.youtube.com/watch?v=OGyAXbVH8Qs,NTSB_YouTube,internal_hold,platform_tos_only,Official channel footage; verify reuse terms,,True,Source credit required: NTSBgov
L1-05_L2-05e_0015__scene_006,L1-05,L2-05e,url_only,https://www.youtube.com/watch?v=OGyAXbVH8Qs,NTSB_YouTube,internal_hold,platform_tos_only,Official channel footage; verify reuse terms,,True,Source credit required: NTSBgov
L1-05_L2-05e_0015__scene_007,L1-05,L2-05e,url_only,https://www.youtube.com/watch?v=OGyAXbVH8Qs,NTSB_YouTube,internal_hold,platform_tos_only,Official channel footage; verify reuse terms,,True,Source credit required: NTSBgov
L1-05_L2-05e_0015__scene_009,L1-05,L2-05e,url_only,https://www.youtube.com/watch?v=OGyAXbVH8Qs,NTSB_YouTube,internal_hold,platform_tos_only,Official channel footage; verify reuse terms,,True,Source credit required: NTSBgov
L1-05_L2-05e_0015__scene_010,L1-05,L2-05e,url_only,https://www.youtube.com/watch?v=OGyAXbVH8Qs,NTSB_YouTube,internal_hold,platform_tos_only,Official channel footage; verify reuse terms,,True,Source credit required: NTSBgov
L1-05_L2-05e_0015__scene_012,L1-05,L2-05e,url_only,https://www.youtube.com/watch?v=OGyAXbVH8Qs,NTSB_YouTube,internal_hold,platform_tos_only,Official channel footage; verify reuse terms,,True,Source credit required: NTSBgov
L1-05_L2-05e_0015__scene_013,L1-05,L2-05e,url_only,https://www.youtube.com/watch?v=OGyAXbVH8Qs,NTSB_YouTube,internal_hold,platform_tos_only,Official channel footage; verify reuse terms,,True,Source credit required: NTSBgov
L1-05_L2-05e_0015__scene_015,L1-05,L2-05e,url_only,https://www.youtube.com/watch?v=OGyAXbVH8Qs,NTSB_YouTube,internal_hold,platform_tos_only,Official channel footage; verify reuse terms,,True,Source credit required: NTSBgov
L1-05_L2-05e_0015__scene_016,L1-05,L2-05e,url_only,https://www.youtube.com/watch?v=OGyAXbVH8Qs,NTSB_YouTube,internal_hold,platform_tos_only,Official channel footage; verify reuse terms,,True,Source credit required: NTSBgov
L1-05_L2-05e_0015__scene_017,L1-05,L2-05e,url_only,https://www.youtube.com/watch?v=OGyAXbVH8Qs,NTSB_YouTube,internal_hold,platform_tos_only,Official channel footage; verify reuse terms,,True,Source credit required: NTSBgov
L1-05_L2-05e_0015__scene_018,L1-05,L2-05e,url_only,https://www.youtube.com/watch?v=OGyAXbVH8Qs,NTSB_YouTube,internal_hold,platform_tos_only,Official channel footage; verify reuse terms,,True,Source credit required: NTSBgov
L1-05_L2-05e_0015__scene_020,L1-05,L2-05e,url_only,https://www.youtube.com/watch?v=OGyAXbVH8Qs,NTSB_YouTube,internal_hold,platform_tos_only,Official channel footage; verify reuse terms,,True,Source credit required: NTSBgov
L1-05_L2-05e_0016__scene_003,L1-05,L2-05e,url_only,https://www.youtube.com/watch?v=aeJKqojmHgY,NTSB_YouTube,internal_hold,platform_tos_only,Official channel footage; verify reuse terms,,True,Source credit required: NTSBgov
L1-05_L2-05e_0016__scene_004,L1-05,L2-05e,url_only,https://www.youtube.com/watch?v=aeJKqojmHgY,NTSB_YouTube,internal_hold,platform_tos_only,Official channel footage; verify reuse terms,,True,Source credit required: NTSBgov
L1-05_L2-05e_0016__scene_005,L1-05,L2-05e,url_only,https://www.youtube.com/watch?v=aeJKqojmHgY,NTSB_YouTube,internal_hold,platform_tos_only,Official channel footage; verify reuse terms,,True,Source credit required: NTSBgov
L1-05_L2-05e_0016__scene_006,L1-05,L2-05e,url_only,https://www.youtube.com/watch?v=aeJKqojmHgY,NTSB_YouTube,internal_hold,platform_tos_only,Official channel footage; verify reuse terms,,True,Source credit required: NTSBgov
L1-05_L2-05e_0016__scene_009,L1-05,L2-05e,url_only,https://www.youtube.com/watch?v=aeJKqojmHgY,NTSB_YouTube,internal_hold,platform_tos_only,Official channel footage; verify reuse terms,,True,Source credit required: NTSBgov
L1-05_L2-05e_0016__scene_012,L1-05,L2-05e,url_only,https://www.youtube.com/watch?v=aeJKqojmHgY,NTSB_YouTube,internal_hold,platform_tos_only,Official channel footage; verify reuse terms,,True,Source credit required: NTSBgov
L1-05_L2-05e_0016__scene_014,L1-05,L2-05e,url_only,https://www.youtube.com/watch?v=aeJKqojmHgY,NTSB_YouTube,internal_hold,platform_tos_only,Official channel footage; verify reuse terms,,True,Source credit required: NTSBgov
L1-05_L2-05e_0016__scene_015,L1-05,L2-05e,url_only,https://www.youtube.com/watch?v=aeJKqojmHgY,NTSB_YouTube,internal_hold,platform_tos_only,Official channel footage; verify reuse terms,,True,Source credit required: NTSBgov
L1-05_L2-05e_0016__scene_018,L1-05,L2-05e,url_only,https://www.youtube.com/watch?v=aeJKqojmHgY,NTSB_YouTube,internal_hold,platform_tos_only,Official channel footage; verify reuse terms,,True,Source credit required: NTSBgov
L1-05_L2-05e_0016__scene_019,L1-05,L2-05e,url_only,https://www.youtube.com/watch?v=aeJKqojmHgY,NTSB_YouTube,internal_hold,platform_tos_only,Official channel footage; verify reuse terms,,True,Source credit required: NTSBgov
L1-05_L2-05e_0025__scene_005,L1-05,L2-05e,url_only,https://www.youtube.com/watch?v=qCbtWKa4m1Q,NTSB_YouTube,internal_hold,platform_tos_only,Official channel footage; verify reuse terms,,True,Source credit required: NTSBgov
L1-05_L2-05e_0025__scene_006,L1-05,L2-05e,url_only,https://www.youtube.com/watch?v=qCbtWKa4m1Q,NTSB_YouTube,internal_hold,platform_tos_only,Official channel footage; verify reuse terms,,True,Source credit required: NTSBgov
L1-05_L2-05e_0025__scene_008,L1-05,L2-05e,url_only,https://www.youtube.com/watch?v=qCbtWKa4m1Q,NTSB_YouTube,internal_hold,platform_tos_only,Official channel footage; verify reuse terms,,True,Source credit required: NTSBgov
L1-05_L2-05e_0025__scene_014,L1-05,L2-05e,url_only,https://www.youtube.com/watch?v=qCbtWKa4m1Q,NTSB_YouTube,internal_hold,platform_tos_only,Official channel footage; verify reuse terms,,True,Source credit required: NTSBgov
L1-05_L2-05e_0025__scene_015,L1-05,L2-05e,url_only,https://www.youtube.com/watch?v=qCbtWKa4m1Q,NTSB_YouTube,internal_hold,platform_tos_only,Official channel footage; verify reuse terms,,True,Source credit required: NTSBgov
L1-05_L2-05e_0025__scene_016,L1-05,L2-05e,url_only,https://www.youtube.com/watch?v=qCbtWKa4m1Q,NTSB_YouTube,internal_hold,platform_tos_only,Official channel footage; verify reuse terms,,True,Source credit required: NTSBgov
L1-05_L2-05e_0025__scene_020,L1-05,L2-05e,url_only,https://www.youtube.com/watch?v=qCbtWKa4m1Q,NTSB_YouTube,internal_hold,platform_tos_only,Official channel footage; verify reuse terms,,True,Source credit required: NTSBgov
L1-05_L2-05e_0026__scene_001,L1-05,L2-05e,url_only,https://www.youtube.com/watch?v=PR0PB0BvKVI,OfficialYouTube,internal_hold,platform_tos_only,Official channel footage; verify reuse terms,,True,Source credit required: OxBlue Corporation
L1-05_L2-05e_0027__scene_006,L1-05,L2-05e,url_only,https://www.youtube.com/watch?v=8KqXESldVLA,OfficialYouTube,internal_hold,platform_tos_only,Official channel footage; verify reuse terms,,True,Source credit required: Rhode Island Department of Transportation
L1-06_L2-06a_0001__scene_003,L1-06,L2-06a,url_only,https://www.youtube.com/watch?v=mKjg9CARIFQ,YouTube,internal_hold,platform_tos_only,二次使用需复核,,False,
L1-06_L2-06a_0001__scene_004,L1-06,L2-06a,url_only,https://www.youtube.com/watch?v=mKjg9CARIFQ,YouTube,internal_hold,platform_tos_only,二次使用需复核,,False,
L1-06_L2-06a_0001__scene_005,L1-06,L2-06a,url_only,https://www.youtube.com/watch?v=mKjg9CARIFQ,YouTube,internal_hold,platform_tos_only,二次使用需复核,,False,
L1-06_L2-06a_0001__scene_006,L1-06,L2-06a,url_only,https://www.youtube.com/watch?v=mKjg9CARIFQ,YouTube,internal_hold,platform_tos_only,二次使用需复核,,False,
L1-06_L2-06a_0001__scene_007,L1-06,L2-06a,url_only,https://www.youtube.com/watch?v=mKjg9CARIFQ,YouTube,internal_hold,platform_tos_only,二次使用需复核,,False,
L1-06_L2-06a_0001__scene_010,L1-06,L2-06a,url_only,https://www.youtube.com/watch?v=mKjg9CARIFQ,YouTube,internal_hold,platform_tos_only,二次使用需复核,,False,
L1-06_L2-06a_0003__scene_001,L1-06,L2-06a,url_only,https://www.youtube.com/watch?v=ZWfdohBsByU,YouTube,internal_hold,platform_tos_only,二次使用需复核,,False,
L1-06_L2-06a_0003__scene_002,L1-06,L2-06a,url_only,https://www.youtube.com/watch?v=ZWfdohBsByU,YouTube,internal_hold,platform_tos_only,二次使用需复核,,False,
L1-06_L2-06a_0003__scene_003,L1-06,L2-06a,url_only,https://www.youtube.com/watch?v=ZWfdohBsByU,YouTube,internal_hold,platform_tos_only,二次使用需复核,,False,
L1-06_L2-06a_0004__scene_007,L1-06,L2-06a,url_only,https://www.youtube.com/watch?v=HWt76-ji1Kc,YouTube,internal_hold,platform_tos_only,二次使用需复核,,False,
L1-06_L2-06a_0004__scene_008,L1-06,L2-06a,url_only,https://www.youtube.com/watch?v=HWt76-ji1Kc,YouTube,internal_hold,platform_tos_only,二次使用需复核,,False,
L1-06_L2-06a_0005__scene_002,L1-06,L2-06a,url_only,https://www.youtube.com/watch?v=h0wkQSML_5Q,YouTube,internal_hold,platform_tos_only,二次使用需复核,,False,
L1-06_L2-06a_0005__scene_005,L1-06,L2-06a,url_only,https://www.youtube.com/watch?v=h0wkQSML_5Q,YouTube,internal_hold,platform_tos_only,二次使用需复核,,False,
L1-06_L2-06a_0006__scene_002,L1-06,L2-06a,url_only,https://www.youtube.com/watch?v=faus3Ff9deQ,YouTube,internal_hold,platform_tos_only,二次使用需复核,,False,
L1-06_L2-06a_0006__scene_003,L1-06,L2-06a,url_only,https://www.youtube.com/watch?v=faus3Ff9deQ,YouTube,internal_hold,platform_tos_only,二次使用需复核,,False,
L1-06_L2-06a_0006__scene_008,L1-06,L2-06a,url_only,https://www.youtube.com/watch?v=faus3Ff9deQ,YouTube,internal_hold,platform_tos_only,二次使用需复核,,False,
L1-06_L2-06a_0006__scene_009,L1-06,L2-06a,url_only,https://www.youtube.com/watch?v=faus3Ff9deQ,YouTube,internal_hold,platform_tos_only,二次使用需复核,,False,
L1-06_L2-06a_0006__scene_010,L1-06,L2-06a,url_only,https://www.youtube.com/watch?v=faus3Ff9deQ,YouTube,internal_hold,platform_tos_only,二次使用需复核,,False,
L1-06_L2-06a_0006__scene_011,L1-06,L2-06a,url_only,https://www.youtube.com/watch?v=faus3Ff9deQ,YouTube,internal_hold,platform_tos_only,二次使用需复核,,False,
L1-06_L2-06a_0007__scene_001,L1-06,L2-06a,url_only,https://www.youtube.com/watch?v=24ignd5MDms,YouTube,internal_hold,platform_tos_only,二次使用需复核,,False,
L1-06_L2-06a_0008__scene_001,L1-06,L2-06a,url_only,https://www.youtube.com/watch?v=AN3h9Qcjxn4,YouTube,internal_hold,platform_tos_only,二次使用需复核,,False,
L1-06_L2-06a_0008__scene_003,L1-06,L2-06a,url_only,https://www.youtube.com/watch?v=AN3h9Qcjxn4,YouTube,internal_hold,platform_tos_only,二次使用需复核,,False,
L1-06_L2-06a_0008__scene_004,L1-06,L2-06a,url_only,https://www.youtube.com/watch?v=AN3h9Qcjxn4,YouTube,internal_hold,platform_tos_only,二次使用需复核,,False,
L1-06_L2-06a_0008__scene_005,L1-06,L2-06a,url_only,https://www.youtube.com/watch?v=AN3h9Qcjxn4,YouTube,internal_hold,platform_tos_only,二次使用需复核,,False,
L1-06_L2-06a_0009__scene_001,L1-06,L2-06a,url_only,https://www.youtube.com/watch?v=Oltr-3ShOC4,YouTube,internal_hold,platform_tos_only,二次使用需复核,,False,
L1-06_L2-06a_0009__scene_002,L1-06,L2-06a,url_only,https://www.youtube.com/watch?v=Oltr-3ShOC4,YouTube,internal_hold,platform_tos_only,二次使用需复核,,False,
L1-06_L2-06a_0009__scene_003,L1-06,L2-06a,url_only,https://www.youtube.com/watch?v=Oltr-3ShOC4,YouTube,internal_hold,platform_tos_only,二次使用需复核,,False,
L1-06_L2-06a_0010__scene_003,L1-06,L2-06a,url_only,https://www.youtube.com/watch?v=33qAlFyaIk4,YouTube,internal_hold,platform_tos_only,二次使用需复核,,False,
L1-06_L2-06a_0010__scene_004,L1-06,L2-06a,url_only,https://www.youtube.com/watch?v=33qAlFyaIk4,YouTube,internal_hold,platform_tos_only,二次使用需复核,,False,
L1-06_L2-06a_0010__scene_005,L1-06,L2-06a,url_only,https://www.youtube.com/watch?v=33qAlFyaIk4,YouTube,internal_hold,platform_tos_only,二次使用需复核,,False,
L1-06_L2-06a_0011__scene_002,L1-06,L2-06a,url_only,https://www.youtube.com/watch?v=RWTsRcHkcis,YouTube,internal_hold,platform_tos_only,二次使用需复核,,False,
L1-06_L2-06a_0011__scene_004,L1-06,L2-06a,url_only,https://www.youtube.com/watch?v=RWTsRcHkcis,YouTube,internal_hold,platform_tos_only,二次使用需复核,,False,
L1-06_L2-06a_0011__scene_005,L1-06,L2-06a,url_only,https://www.youtube.com/watch?v=RWTsRcHkcis,YouTube,internal_hold,platform_tos_only,二次使用需复核,,False,
L1-06_L2-06a_0012__scene_001,L1-06,L2-06a,url_only,https://www.youtube.com/watch?v=Lq5m7ezevro,YouTube,internal_hold,platform_tos_only,二次使用需复核,,False,
L1-06_L2-06a_0012__scene_002,L1-06,L2-06a,url_only,https://www.youtube.com/watch?v=Lq5m7ezevro,YouTube,internal_hold,platform_tos_only,二次使用需复核,,False,
L1-06_L2-06a_0012__scene_007,L1-06,L2-06a,url_only,https://www.youtube.com/watch?v=Lq5m7ezevro,YouTube,internal_hold,platform_tos_only,二次使用需复核,,False,
L1-06_L2-06c_0001__scene_001,L1-06,L2-06c,url_only,https://www.youtube.com/watch?v=u85t1KPaB5o,YouTube,internal_hold,platform_tos_only,二次使用需复核,,False,
L1-06_L2-06c_0002__scene_001,L1-06,L2-06c,url_only,https://www.youtube.com/watch?v=sYRwdfqP204,YouTube,internal_hold,platform_tos_only,二次使用需复核,,False,
L1-06_L2-06c_0003__scene_001,L1-06,L2-06c,url_only,https://www.youtube.com/watch?v=JSi6ROzKuB0,YouTube,internal_hold,platform_tos_only,二次使用需复核,,False,
L1-06_L2-06c_0003__scene_002,L1-06,L2-06c,url_only,https://www.youtube.com/watch?v=JSi6ROzKuB0,YouTube,internal_hold,platform_tos_only,二次使用需复核,,False,
L1-06_L2-06c_0003__scene_003,L1-06,L2-06c,url_only,https://www.youtube.com/watch?v=JSi6ROzKuB0,YouTube,internal_hold,platform_tos_only,二次使用需复核,,False,
L1-06_L2-06c_0004__scene_002,L1-06,L2-06c,url_only,https://www.youtube.com/watch?v=PPoMRaD4lbk,YouTube,internal_hold,platform_tos_only,二次使用需复核,,False,
L1-06_L2-06c_0004__scene_003,L1-06,L2-06c,url_only,https://www.youtube.com/watch?v=PPoMRaD4lbk,YouTube,internal_hold,platform_tos_only,二次使用需复核,,False,
L1-06_L2-06c_0005__scene_001,L1-06,L2-06c,url_only,https://www.youtube.com/watch?v=NuGuJn5Rs4U,YouTube,internal_hold,platform_tos_only,二次使用需复核,,False,
L1-06_L2-06c_0005__scene_003,L1-06,L2-06c,url_only,https://www.youtube.com/watch?v=NuGuJn5Rs4U,YouTube,internal_hold,platform_tos_only,二次使用需复核,,False,
L1-06_L2-06c_0006__scene_006,L1-06,L2-06c,url_only,https://www.youtube.com/watch?v=9smwQFJB680,YouTube,internal_hold,platform_tos_only,二次使用需复核,,False,
L1-06_L2-06c_0006__scene_007,L1-06,L2-06c,url_only,https://www.youtube.com/watch?v=9smwQFJB680,YouTube,internal_hold,platform_tos_only,二次使用需复核,,False,
L1-06_L2-06c_0006__scene_008,L1-06,L2-06c,url_only,https://www.youtube.com/watch?v=9smwQFJB680,YouTube,internal_hold,platform_tos_only,二次使用需复核,,False,
L1-06_L2-06c_0006__scene_009,L1-06,L2-06c,url_only,https://www.youtube.com/watch?v=9smwQFJB680,YouTube,internal_hold,platform_tos_only,二次使用需复核,,False,
L1-06_L2-06c_0006__scene_011,L1-06,L2-06c,url_only,https://www.youtube.com/watch?v=9smwQFJB680,YouTube,internal_hold,platform_tos_only,二次使用需复核,,False,
L1-06_L2-06c_0006__scene_014,L1-06,L2-06c,url_only,https://www.youtube.com/watch?v=9smwQFJB680,YouTube,internal_hold,platform_tos_only,二次使用需复核,,False,
L1-06_L2-06c_0006__scene_015,L1-06,L2-06c,url_only,https://www.youtube.com/watch?v=9smwQFJB680,YouTube,internal_hold,platform_tos_only,二次使用需复核,,False,
L1-06_L2-06c_0006__scene_016,L1-06,L2-06c,url_only,https://www.youtube.com/watch?v=9smwQFJB680,YouTube,internal_hold,platform_tos_only,二次使用需复核,,False,
L1-06_L2-06c_0006__scene_017,L1-06,L2-06c,url_only,https://www.youtube.com/watch?v=9smwQFJB680,YouTube,internal_hold,platform_tos_only,二次使用需复核,,False,
L1-06_L2-06c_0006__scene_018,L1-06,L2-06c,url_only,https://www.youtube.com/watch?v=9smwQFJB680,YouTube,internal_hold,platform_tos_only,二次使用需复核,,False,
L1-06_L2-06c_0007__scene_001,L1-06,L2-06c,url_only,https://www.youtube.com/watch?v=OBrKZTMfpI4,YouTube,internal_hold,platform_tos_only,二次使用需复核,,False,
L1-06_L2-06c_0007__scene_003,L1-06,L2-06c,url_only,https://www.youtube.com/watch?v=OBrKZTMfpI4,YouTube,internal_hold,platform_tos_only,二次使用需复核,,False,
L1-06_L2-06c_0008__scene_001,L1-06,L2-06c,url_only,https://www.youtube.com/watch?v=dJ5F2xpmt-Q,YouTube,internal_hold,platform_tos_only,二次使用需复核,,False,
L1-06_L2-06c_0008__scene_002,L1-06,L2-06c,url_only,https://www.youtube.com/watch?v=dJ5F2xpmt-Q,YouTube,internal_hold,platform_tos_only,二次使用需复核,,False,
L1-06_L2-06c_0008__scene_003,L1-06,L2-06c,url_only,https://www.youtube.com/watch?v=dJ5F2xpmt-Q,YouTube,internal_hold,platform_tos_only,二次使用需复核,,False,
L1-06_L2-06c_0008__scene_004,L1-06,L2-06c,url_only,https://www.youtube.com/watch?v=dJ5F2xpmt-Q,YouTube,internal_hold,platform_tos_only,二次使用需复核,,False,
L1-06_L2-06c_0008__scene_006,L1-06,L2-06c,url_only,https://www.youtube.com/watch?v=dJ5F2xpmt-Q,YouTube,internal_hold,platform_tos_only,二次使用需复核,,False,
L1-06_L2-06c_0008__scene_009,L1-06,L2-06c,url_only,https://www.youtube.com/watch?v=dJ5F2xpmt-Q,YouTube,internal_hold,platform_tos_only,二次使用需复核,,False,
L1-06_L2-06c_0008__scene_012,L1-06,L2-06c,url_only,https://www.youtube.com/watch?v=dJ5F2xpmt-Q,YouTube,internal_hold,platform_tos_only,二次使用需复核,,False,
L1-06_L2-06c_0008__scene_013,L1-06,L2-06c,url_only,https://www.youtube.com/watch?v=dJ5F2xpmt-Q,YouTube,internal_hold,platform_tos_only,二次使用需复核,,False,
L1-06_L2-06c_0008__scene_016,L1-06,L2-06c,url_only,https://www.youtube.com/watch?v=dJ5F2xpmt-Q,YouTube,internal_hold,platform_tos_only,二次使用需复核,,False,
L1-06_L2-06c_0008__scene_022,L1-06,L2-06c,url_only,https://www.youtube.com/watch?v=dJ5F2xpmt-Q,YouTube,internal_hold,platform_tos_only,二次使用需复核,,False,
L1-06_L2-06c_0008__scene_024,L1-06,L2-06c,url_only,https://www.youtube.com/watch?v=dJ5F2xpmt-Q,YouTube,internal_hold,platform_tos_only,二次使用需复核,,False,
L1-06_L2-06c_0008__scene_025,L1-06,L2-06c,url_only,https://www.youtube.com/watch?v=dJ5F2xpmt-Q,YouTube,internal_hold,platform_tos_only,二次使用需复核,,False,
L1-06_L2-06c_0009__scene_001,L1-06,L2-06c,url_only,https://www.youtube.com/watch?v=4vd9PZNMcKk,YouTube,internal_hold,platform_tos_only,二次使用需复核,,False,
L1-06_L2-06c_0009__scene_002,L1-06,L2-06c,url_only,https://www.youtube.com/watch?v=4vd9PZNMcKk,YouTube,internal_hold,platform_tos_only,二次使用需复核,,False,
L1-06_L2-06c_0009__scene_003,L1-06,L2-06c,url_only,https://www.youtube.com/watch?v=4vd9PZNMcKk,YouTube,internal_hold,platform_tos_only,二次使用需复核,,False,
L1-06_L2-06c_0009__scene_006,L1-06,L2-06c,url_only,https://www.youtube.com/watch?v=4vd9PZNMcKk,YouTube,internal_hold,platform_tos_only,二次使用需复核,,False,
L1-06_L2-06c_0009__scene_009,L1-06,L2-06c,url_only,https://www.youtube.com/watch?v=4vd9PZNMcKk,YouTube,internal_hold,platform_tos_only,二次使用需复核,,False,
L1-06_L2-06c_0009__scene_011,L1-06,L2-06c,url_only,https://www.youtube.com/watch?v=4vd9PZNMcKk,YouTube,internal_hold,platform_tos_only,二次使用需复核,,False,
L1-06_L2-06c_0009__scene_013,L1-06,L2-06c,url_only,https://www.youtube.com/watch?v=4vd9PZNMcKk,YouTube,internal_hold,platform_tos_only,二次使用需复核,,False,
L1-06_L2-06c_0009__scene_014,L1-06,L2-06c,url_only,https://www.youtube.com/watch?v=4vd9PZNMcKk,YouTube,internal_hold,platform_tos_only,二次使用需复核,,False,
L1-06_L2-06c_0009__scene_020,L1-06,L2-06c,url_only,https://www.youtube.com/watch?v=4vd9PZNMcKk,YouTube,internal_hold,platform_tos_only,二次使用需复核,,False,
L1-06_L2-06c_0009__scene_022,L1-06,L2-06c,url_only,https://www.youtube.com/watch?v=4vd9PZNMcKk,YouTube,internal_hold,platform_tos_only,二次使用需复核,,False,
L1-06_L2-06c_0009__scene_023,L1-06,L2-06c,url_only,https://www.youtube.com/watch?v=4vd9PZNMcKk,YouTube,internal_hold,platform_tos_only,二次使用需复核,,False,
L1-06_L2-06c_0010__scene_001,L1-06,L2-06c,url_only,https://www.youtube.com/watch?v=rxZj21ZKa2k,YouTube,internal_hold,platform_tos_only,二次使用需复核,,False,
L1-06_L2-06c_0010__scene_002,L1-06,L2-06c,url_only,https://www.youtube.com/watch?v=rxZj21ZKa2k,YouTube,internal_hold,platform_tos_only,二次使用需复核,,False,
L1-06_L2-06c_0010__scene_004,L1-06,L2-06c,url_only,https://www.youtube.com/watch?v=rxZj21ZKa2k,YouTube,internal_hold,platform_tos_only,二次使用需复核,,False,
L1-06_L2-06c_0010__scene_006,L1-06,L2-06c,url_only,https://www.youtube.com/watch?v=rxZj21ZKa2k,YouTube,internal_hold,platform_tos_only,二次使用需复核,,False,
L1-06_L2-06c_0010__scene_008,L1-06,L2-06c,url_only,https://www.youtube.com/watch?v=rxZj21ZKa2k,YouTube,internal_hold,platform_tos_only,二次使用需复核,,False,
L1-06_L2-06c_0010__scene_010,L1-06,L2-06c,url_only,https://www.youtube.com/watch?v=rxZj21ZKa2k,YouTube,internal_hold,platform_tos_only,二次使用需复核,,False,
L1-06_L2-06c_0010__scene_015,L1-06,L2-06c,url_only,https://www.youtube.com/watch?v=rxZj21ZKa2k,YouTube,internal_hold,platform_tos_only,二次使用需复核,,False,
L1-06_L2-06c_0010__scene_017,L1-06,L2-06c,url_only,https://www.youtube.com/watch?v=rxZj21ZKa2k,YouTube,internal_hold,platform_tos_only,二次使用需复核,,False,
L1-06_L2-06c_0010__scene_019,L1-06,L2-06c,url_only,https://www.youtube.com/watch?v=rxZj21ZKa2k,YouTube,internal_hold,platform_tos_only,二次使用需复核,,False,
L1-06_L2-06c_0010__scene_020,L1-06,L2-06c,url_only,https://www.youtube.com/watch?v=rxZj21ZKa2k,YouTube,internal_hold,platform_tos_only,二次使用需复核,,False,
L1-06_L2-06c_0010__scene_021,L1-06,L2-06c,url_only,https://www.youtube.com/watch?v=rxZj21ZKa2k,YouTube,internal_hold,platform_tos_only,二次使用需复核,,False,
L1-06_L2-06c_0010__scene_022,L1-06,L2-06c,url_only,https://www.youtube.com/watch?v=rxZj21ZKa2k,YouTube,internal_hold,platform_tos_only,二次使用需复核,,False,
L1-06_L2-06c_0011__scene_009,L1-06,L2-06c,url_only,https://www.youtube.com/watch?v=1w5efaTcngo,YouTube,internal_hold,platform_tos_only,二次使用需复核,,False,
L1-06_L2-06c_0012__scene_001,L1-06,L2-06c,url_only,https://www.youtube.com/watch?v=lOQoD5Stv8w,YouTube,internal_hold,platform_tos_only,二次使用需复核,,False,
L1-06_L2-06c_0012__scene_002,L1-06,L2-06c,url_only,https://www.youtube.com/watch?v=lOQoD5Stv8w,YouTube,internal_hold,platform_tos_only,二次使用需复核,,False,
L1-06_L2-06d_0002__scene_001,L1-06,L2-06d,url_only,https://www.youtube.com/watch?v=Ff2BvrL722o,YouTube,internal_hold,platform_tos_only,二次使用需复核,,False,
L1-06_L2-06d_0003__scene_003,L1-06,L2-06d,url_only,https://www.youtube.com/watch?v=fkE4m7Z5aeA,YouTube,internal_hold,platform_tos_only,二次使用需复核,,False,
L1-06_L2-06d_0004__scene_006,L1-06,L2-06d,url_only,https://www.youtube.com/watch?v=Io224BpGTZA,YouTube,internal_hold,platform_tos_only,二次使用需复核,,False,
L1-06_L2-06d_0004__scene_010,L1-06,L2-06d,url_only,https://www.youtube.com/watch?v=Io224BpGTZA,YouTube,internal_hold,platform_tos_only,二次使用需复核,,False,
L1-06_L2-06d_0004__scene_011,L1-06,L2-06d,url_only,https://www.youtube.com/watch?v=Io224BpGTZA,YouTube,internal_hold,platform_tos_only,二次使用需复核,,False,
L1-06_L2-06d_0004__scene_013,L1-06,L2-06d,url_only,https://www.youtube.com/watch?v=Io224BpGTZA,YouTube,internal_hold,platform_tos_only,二次使用需复核,,False,
L1-06_L2-06d_0005__scene_001,L1-06,L2-06d,url_only,https://www.youtube.com/watch?v=Zl6C7CGms2A,YouTube,internal_hold,platform_tos_only,二次使用需复核,,False,
L1-06_L2-06d_0006__scene_002,L1-06,L2-06d,url_only,https://www.youtube.com/watch?v=1EshfJ2ovfE,YouTube,internal_hold,platform_tos_only,二次使用需复核,,False,
L1-06_L2-06d_0007__scene_001,L1-06,L2-06d,url_only,https://www.youtube.com/watch?v=GoogeGk9qe4,YouTube,internal_hold,platform_tos_only,二次使用需复核,,False,
L1-06_L2-06d_0007__scene_002,L1-06,L2-06d,url_only,https://www.youtube.com/watch?v=GoogeGk9qe4,YouTube,internal_hold,platform_tos_only,二次使用需复核,,False,
L1-06_L2-06d_0007__scene_004,L1-06,L2-06d,url_only,https://www.youtube.com/watch?v=GoogeGk9qe4,YouTube,internal_hold,platform_tos_only,二次使用需复核,,False,
L1-06_L2-06d_0007__scene_005,L1-06,L2-06d,url_only,https://www.youtube.com/watch?v=GoogeGk9qe4,YouTube,internal_hold,platform_tos_only,二次使用需复核,,False,
L1-06_L2-06d_0007__scene_006,L1-06,L2-06d,url_only,https://www.youtube.com/watch?v=GoogeGk9qe4,YouTube,internal_hold,platform_tos_only,二次使用需复核,,False,
L1-06_L2-06d_0007__scene_007,L1-06,L2-06d,url_only,https://www.youtube.com/watch?v=GoogeGk9qe4,YouTube,internal_hold,platform_tos_only,二次使用需复核,,False,
L1-06_L2-06d_0008__scene_002,L1-06,L2-06d,url_only,https://www.youtube.com/watch?v=UqY8f6MGQGk,YouTube,internal_hold,platform_tos_only,二次使用需复核,,False,
L1-06_L2-06d_0008__scene_003,L1-06,L2-06d,url_only,https://www.youtube.com/watch?v=UqY8f6MGQGk,YouTube,internal_hold,platform_tos_only,二次使用需复核,,False,
L1-06_L2-06d_0008__scene_004,L1-06,L2-06d,url_only,https://www.youtube.com/watch?v=UqY8f6MGQGk,YouTube,internal_hold,platform_tos_only,二次使用需复核,,False,
L1-06_L2-06d_0008__scene_005,L1-06,L2-06d,url_only,https://www.youtube.com/watch?v=UqY8f6MGQGk,YouTube,internal_hold,platform_tos_only,二次使用需复核,,False,
L1-06_L2-06d_0008__scene_007,L1-06,L2-06d,url_only,https://www.youtube.com/watch?v=UqY8f6MGQGk,YouTube,internal_hold,platform_tos_only,二次使用需复核,,False,
L1-06_L2-06d_0008__scene_009,L1-06,L2-06d,url_only,https://www.youtube.com/watch?v=UqY8f6MGQGk,YouTube,internal_hold,platform_tos_only,二次使用需复核,,False,
L1-06_L2-06d_0008__scene_010,L1-06,L2-06d,url_only,https://www.youtube.com/watch?v=UqY8f6MGQGk,YouTube,internal_hold,platform_tos_only,二次使用需复核,,False,
L1-06_L2-06d_0008__scene_012,L1-06,L2-06d,url_only,https://www.youtube.com/watch?v=UqY8f6MGQGk,YouTube,internal_hold,platform_tos_only,二次使用需复核,,False,
L1-06_L2-06d_0009__scene_002,L1-06,L2-06d,url_only,https://www.youtube.com/watch?v=qfp9Bdc2vXE,YouTube,internal_hold,platform_tos_only,二次使用需复核,,False,
L1-06_L2-06d_0009__scene_004,L1-06,L2-06d,url_only,https://www.youtube.com/watch?v=qfp9Bdc2vXE,YouTube,internal_hold,platform_tos_only,二次使用需复核,,False,
L1-06_L2-06d_0009__scene_005,L1-06,L2-06d,url_only,https://www.youtube.com/watch?v=qfp9Bdc2vXE,YouTube,internal_hold,platform_tos_only,二次使用需复核,,False,
L1-06_L2-06d_0009__scene_006,L1-06,L2-06d,url_only,https://www.youtube.com/watch?v=qfp9Bdc2vXE,YouTube,internal_hold,platform_tos_only,二次使用需复核,,False,
L1-06_L2-06d_0009__scene_007,L1-06,L2-06d,url_only,https://www.youtube.com/watch?v=qfp9Bdc2vXE,YouTube,internal_hold,platform_tos_only,二次使用需复核,,False,
L1-06_L2-06d_0009__scene_010,L1-06,L2-06d,url_only,https://www.youtube.com/watch?v=qfp9Bdc2vXE,YouTube,internal_hold,platform_tos_only,二次使用需复核,,False,
L1-06_L2-06d_0010__scene_001,L1-06,L2-06d,url_only,https://www.youtube.com/watch?v=EA1XWYIH42E,YouTube,internal_hold,platform_tos_only,二次使用需复核,,False,
L1-06_L2-06d_0010__scene_003,L1-06,L2-06d,url_only,https://www.youtube.com/watch?v=EA1XWYIH42E,YouTube,internal_hold,platform_tos_only,二次使用需复核,,False,
L1-06_L2-06d_0010__scene_007,L1-06,L2-06d,url_only,https://www.youtube.com/watch?v=EA1XWYIH42E,YouTube,internal_hold,platform_tos_only,二次使用需复核,,False,
L1-06_L2-06e_0008__scene_003,L1-06,L2-06e,url_only,https://www.youtube.com/watch?v=TmtjokysDVc,YouTube,internal_hold,platform_tos_only,二次使用需复核,,False,
L1-06_L2-06e_0008__scene_005,L1-06,L2-06e,url_only,https://www.youtube.com/watch?v=TmtjokysDVc,YouTube,internal_hold,platform_tos_only,二次使用需复核,,False,
L1-06_L2-06e_0008__scene_013,L1-06,L2-06e,url_only,https://www.youtube.com/watch?v=TmtjokysDVc,YouTube,internal_hold,platform_tos_only,二次使用需复核,,False,
L1-06_L2-06e_0009__scene_002,L1-06,L2-06e,url_only,https://www.youtube.com/watch?v=rom51t9uhwU,YouTube,internal_hold,platform_tos_only,二次使用需复核,,False,
L1-06_L2-06e_0010__scene_001,L1-06,L2-06e,url_only,https://www.youtube.com/watch?v=apuQMes9Itg,YouTube,internal_hold,platform_tos_only,二次使用需复核,,False,
L1-06_L2-06e_0010__scene_004,L1-06,L2-06e,url_only,https://www.youtube.com/watch?v=apuQMes9Itg,YouTube,internal_hold,platform_tos_only,二次使用需复核,,False,
L1-06_L2-06e_0010__scene_005,L1-06,L2-06e,url_only,https://www.youtube.com/watch?v=apuQMes9Itg,YouTube,internal_hold,platform_tos_only,二次使用需复核,,False,
L1-06_L2-06e_0010__scene_008,L1-06,L2-06e,url_only,https://www.youtube.com/watch?v=apuQMes9Itg,YouTube,internal_hold,platform_tos_only,二次使用需复核,,False,
L1-06_L2-06e_0010__scene_015,L1-06,L2-06e,url_only,https://www.youtube.com/watch?v=apuQMes9Itg,YouTube,internal_hold,platform_tos_only,二次使用需复核,,False,
L1-06_L2-06e_0010__scene_016,L1-06,L2-06e,url_only,https://www.youtube.com/watch?v=apuQMes9Itg,YouTube,internal_hold,platform_tos_only,二次使用需复核,,False,
L1-06_L2-06e_0010__scene_017,L1-06,L2-06e,url_only,https://www.youtube.com/watch?v=apuQMes9Itg,YouTube,internal_hold,platform_tos_only,二次使用需复核,,False,
L1-06_L2-06e_0010__scene_019,L1-06,L2-06e,url_only,https://www.youtube.com/watch?v=apuQMes9Itg,YouTube,internal_hold,platform_tos_only,二次使用需复核,,False,
L1-06_L2-06e_0010__scene_024,L1-06,L2-06e,url_only,https://www.youtube.com/watch?v=apuQMes9Itg,YouTube,internal_hold,platform_tos_only,二次使用需复核,,False,
L1-06_L2-06e_0010__scene_026,L1-06,L2-06e,url_only,https://www.youtube.com/watch?v=apuQMes9Itg,YouTube,internal_hold,platform_tos_only,二次使用需复核,,False,
L1-06_L2-06e_0011__scene_003,L1-06,L2-06e,url_only,https://www.youtube.com/watch?v=hi79AiHSWh4,YouTube,internal_hold,platform_tos_only,二次使用需复核,,False,
L1-07_L2-07a_0001__scene_002,L1-07,L2-07a,media,https://www.dvidshub.net/video/837741,DVIDS,public_cleared,us_gov_public_domain,Public Domain,,False,
L1-07_L2-07a_0001__scene_004,L1-07,L2-07a,media,https://www.dvidshub.net/video/837741,DVIDS,public_cleared,us_gov_public_domain,Public Domain,,False,
L1-07_L2-07a_0001__scene_006,L1-07,L2-07a,media,https://www.dvidshub.net/video/837741,DVIDS,public_cleared,us_gov_public_domain,Public Domain,,False,
L1-07_L2-07a_0001__scene_011,L1-07,L2-07a,media,https://www.dvidshub.net/video/837741,DVIDS,public_cleared,us_gov_public_domain,Public Domain,,False,
L1-07_L2-07a_0001__scene_014,L1-07,L2-07a,media,https://www.dvidshub.net/video/837741,DVIDS,public_cleared,us_gov_public_domain,Public Domain,,False,
L1-07_L2-07a_0001__scene_015,L1-07,L2-07a,media,https://www.dvidshub.net/video/837741,DVIDS,public_cleared,us_gov_public_domain,Public Domain,,False,
L1-07_L2-07a_0002__scene_003,L1-07,L2-07a,media,https://www.dvidshub.net/video/823801,DVIDS,public_cleared,us_gov_public_domain,Public Domain,,False,
L1-07_L2-07a_0002__scene_004,L1-07,L2-07a,media,https://www.dvidshub.net/video/823801,DVIDS,public_cleared,us_gov_public_domain,Public Domain,,False,
L1-07_L2-07a_0002__scene_007,L1-07,L2-07a,media,https://www.dvidshub.net/video/823801,DVIDS,public_cleared,us_gov_public_domain,Public Domain,,False,
L1-07_L2-07a_0003__scene_001,L1-07,L2-07a,media,https://www.dvidshub.net/video/816115,DVIDS,public_cleared,us_gov_public_domain,Public Domain,,False,
L1-07_L2-07a_0004__scene_006,L1-07,L2-07a,media,https://www.dvidshub.net/video/783105,DVIDS,public_cleared,us_gov_public_domain,Public Domain,,False,
L1-07_L2-07a_0011__scene_002,L1-07,L2-07a,media,https://www.dvidshub.net/video/773973,DVIDS,public_cleared,us_gov_public_domain,Public Domain,,False,
L1-07_L2-07a_0011__scene_003,L1-07,L2-07a,media,https://www.dvidshub.net/video/773973,DVIDS,public_cleared,us_gov_public_domain,Public Domain,,False,
L1-07_L2-07a_0011__scene_005,L1-07,L2-07a,media,https://www.dvidshub.net/video/773973,DVIDS,public_cleared,us_gov_public_domain,Public Domain,,False,
L1-07_L2-07a_0011__scene_029,L1-07,L2-07a,media,https://www.dvidshub.net/video/773973,DVIDS,public_cleared,us_gov_public_domain,Public Domain,,False,
L1-07_L2-07a_0011__scene_035,L1-07,L2-07a,media,https://www.dvidshub.net/video/773973,DVIDS,public_cleared,us_gov_public_domain,Public Domain,,False,
L1-07_L2-07a_0011__scene_040,L1-07,L2-07a,media,https://www.dvidshub.net/video/773973,DVIDS,public_cleared,us_gov_public_domain,Public Domain,,False,
L1-07_L2-07a_0011__scene_053,L1-07,L2-07a,media,https://www.dvidshub.net/video/773973,DVIDS,public_cleared,us_gov_public_domain,Public Domain,,False,
L1-07_L2-07a_0011__scene_055,L1-07,L2-07a,media,https://www.dvidshub.net/video/773973,DVIDS,public_cleared,us_gov_public_domain,Public Domain,,False,
L1-07_L2-07a_0011__scene_058,L1-07,L2-07a,media,https://www.dvidshub.net/video/773973,DVIDS,public_cleared,us_gov_public_domain,Public Domain,,False,
L1-07_L2-07a_0011__scene_059,L1-07,L2-07a,media,https://www.dvidshub.net/video/773973,DVIDS,public_cleared,us_gov_public_domain,Public Domain,,False,
L1-07_L2-07a_0012__scene_022,L1-07,L2-07a,media,https://www.dvidshub.net/video/748904,DVIDS,public_cleared,us_gov_public_domain,Public Domain,,False,
L1-07_L2-07a_0012__scene_026,L1-07,L2-07a,media,https://www.dvidshub.net/video/748904,DVIDS,public_cleared,us_gov_public_domain,Public Domain,,False,
L1-07_L2-07a_0013__scene_001,L1-07,L2-07a,media,https://www.dvidshub.net/video/747459,DVIDS,public_cleared,us_gov_public_domain,Public Domain,,False,
L1-07_L2-07a_0013__scene_006,L1-07,L2-07a,media,https://www.dvidshub.net/video/747459,DVIDS,public_cleared,us_gov_public_domain,Public Domain,,False,
L1-07_L2-07a_0013__scene_011,L1-07,L2-07a,media,https://www.dvidshub.net/video/747459,DVIDS,public_cleared,us_gov_public_domain,Public Domain,,False,
L1-07_L2-07a_0013__scene_016,L1-07,L2-07a,media,https://www.dvidshub.net/video/747459,DVIDS,public_cleared,us_gov_public_domain,Public Domain,,False,
L1-07_L2-07a_0013__scene_022,L1-07,L2-07a,media,https://www.dvidshub.net/video/747459,DVIDS,public_cleared,us_gov_public_domain,Public Domain,,False,
L1-07_L2-07a_0013__scene_024,L1-07,L2-07a,media,https://www.dvidshub.net/video/747459,DVIDS,public_cleared,us_gov_public_domain,Public Domain,,False,
L1-07_L2-07a_0013__scene_030,L1-07,L2-07a,media,https://www.dvidshub.net/video/747459,DVIDS,public_cleared,us_gov_public_domain,Public Domain,,False,
L1-07_L2-07a_0013__scene_033,L1-07,L2-07a,media,https://www.dvidshub.net/video/747459,DVIDS,public_cleared,us_gov_public_domain,Public Domain,,False,
L1-07_L2-07a_0013__scene_039,L1-07,L2-07a,media,https://www.dvidshub.net/video/747459,DVIDS,public_cleared,us_gov_public_domain,Public Domain,,False,
L1-07_L2-07a_0013__scene_041,L1-07,L2-07a,media,https://www.dvidshub.net/video/747459,DVIDS,public_cleared,us_gov_public_domain,Public Domain,,False,
L1-07_L2-07a_0013__scene_044,L1-07,L2-07a,media,https://www.dvidshub.net/video/747459,DVIDS,public_cleared,us_gov_public_domain,Public Domain,,False,
L1-07_L2-07a_0013__scene_045,L1-07,L2-07a,media,https://www.dvidshub.net/video/747459,DVIDS,public_cleared,us_gov_public_domain,Public Domain,,False,
L1-07_L2-07a_0013__scene_058,L1-07,L2-07a,media,https://www.dvidshub.net/video/747459,DVIDS,public_cleared,us_gov_public_domain,Public Domain,,False,
L1-07_L2-07a_0013__scene_066,L1-07,L2-07a,media,https://www.dvidshub.net/video/747459,DVIDS,public_cleared,us_gov_public_domain,Public Domain,,False,
L1-07_L2-07a_0014__scene_002,L1-07,L2-07a,media,https://www.dvidshub.net/video/745937,DVIDS,public_cleared,us_gov_public_domain,Public Domain,,False,
L1-07_L2-07a_0014__scene_003,L1-07,L2-07a,media,https://www.dvidshub.net/video/745937,DVIDS,public_cleared,us_gov_public_domain,Public Domain,,False,
L1-07_L2-07a_0014__scene_006,L1-07,L2-07a,media,https://www.dvidshub.net/video/745937,DVIDS,public_cleared,us_gov_public_domain,Public Domain,,False,
L1-07_L2-07a_0014__scene_007,L1-07,L2-07a,media,https://www.dvidshub.net/video/745937,DVIDS,public_cleared,us_gov_public_domain,Public Domain,,False,
L1-07_L2-07a_0014__scene_010,L1-07,L2-07a,media,https://www.dvidshub.net/video/745937,DVIDS,public_cleared,us_gov_public_domain,Public Domain,,False,
L1-07_L2-07a_0014__scene_011,L1-07,L2-07a,media,https://www.dvidshub.net/video/745937,DVIDS,public_cleared,us_gov_public_domain,Public Domain,,False,
L1-07_L2-07a_0014__scene_017,L1-07,L2-07a,media,https://www.dvidshub.net/video/745937,DVIDS,public_cleared,us_gov_public_domain,Public Domain,,False,
L1-07_L2-07a_0014__scene_019,L1-07,L2-07a,media,https://www.dvidshub.net/video/745937,DVIDS,public_cleared,us_gov_public_domain,Public Domain,,False,
L1-07_L2-07a_0014__scene_034,L1-07,L2-07a,media,https://www.dvidshub.net/video/745937,DVIDS,public_cleared,us_gov_public_domain,Public Domain,,False,
L1-07_L2-07a_0014__scene_040,L1-07,L2-07a,media,https://www.dvidshub.net/video/745937,DVIDS,public_cleared,us_gov_public_domain,Public Domain,,False,
L1-07_L2-07a_0014__scene_047,L1-07,L2-07a,media,https://www.dvidshub.net/video/745937,DVIDS,public_cleared,us_gov_public_domain,Public Domain,,False,
L1-07_L2-07a_0014__scene_051,L1-07,L2-07a,media,https://www.dvidshub.net/video/745937,DVIDS,public_cleared,us_gov_public_domain,Public Domain,,False,
L1-07_L2-07a_0015__scene_003,L1-07,L2-07a,media,https://www.dvidshub.net/video/742071,DVIDS,public_cleared,us_gov_public_domain,Public Domain,,False,
L1-07_L2-07a_0015__scene_005,L1-07,L2-07a,media,https://www.dvidshub.net/video/742071,DVIDS,public_cleared,us_gov_public_domain,Public Domain,,False,
L1-07_L2-07a_0015__scene_012,L1-07,L2-07a,media,https://www.dvidshub.net/video/742071,DVIDS,public_cleared,us_gov_public_domain,Public Domain,,False,
L1-07_L2-07a_0015__scene_016,L1-07,L2-07a,media,https://www.dvidshub.net/video/742071,DVIDS,public_cleared,us_gov_public_domain,Public Domain,,False,
L1-07_L2-07a_0015__scene_026,L1-07,L2-07a,media,https://www.dvidshub.net/video/742071,DVIDS,public_cleared,us_gov_public_domain,Public Domain,,False,
L1-07_L2-07a_0015__scene_030,L1-07,L2-07a,media,https://www.dvidshub.net/video/742071,DVIDS,public_cleared,us_gov_public_domain,Public Domain,,False,
L1-07_L2-07a_0015__scene_035,L1-07,L2-07a,media,https://www.dvidshub.net/video/742071,DVIDS,public_cleared,us_gov_public_domain,Public Domain,,False,
L1-07_L2-07a_0015__scene_042,L1-07,L2-07a,media,https://www.dvidshub.net/video/742071,DVIDS,public_cleared,us_gov_public_domain,Public Domain,,False,
L1-07_L2-07a_0015__scene_045,L1-07,L2-07a,media,https://www.dvidshub.net/video/742071,DVIDS,public_cleared,us_gov_public_domain,Public Domain,,False,
L1-07_L2-07a_0015__scene_054,L1-07,L2-07a,media,https://www.dvidshub.net/video/742071,DVIDS,public_cleared,us_gov_public_domain,Public Domain,,False,
L1-07_L2-07a_0015__scene_055,L1-07,L2-07a,media,https://www.dvidshub.net/video/742071,DVIDS,public_cleared,us_gov_public_domain,Public Domain,,False,
L1-07_L2-07a_0015__scene_065,L1-07,L2-07a,media,https://www.dvidshub.net/video/742071,DVIDS,public_cleared,us_gov_public_domain,Public Domain,,False,
L1-07_L2-07b_0001__scene_003,L1-07,L2-07b,media,https://www.dvidshub.net/video/833974,DVIDS,public_cleared,us_gov_public_domain,Public Domain,,False,
L1-07_L2-07b_0001__scene_004,L1-07,L2-07b,media,https://www.dvidshub.net/video/833974,DVIDS,public_cleared,us_gov_public_domain,Public Domain,,False,
L1-07_L2-07b_0001__scene_006,L1-07,L2-07b,media,https://www.dvidshub.net/video/833974,DVIDS,public_cleared,us_gov_public_domain,Public Domain,,False,
L1-07_L2-07b_0004__scene_001,L1-07,L2-07b,media,https://www.dvidshub.net/video/830346,DVIDS,public_cleared,us_gov_public_domain,Public Domain,,False,
L1-07_L2-07b_0004__scene_002,L1-07,L2-07b,media,https://www.dvidshub.net/video/830346,DVIDS,public_cleared,us_gov_public_domain,Public Domain,,False,
L1-07_L2-07b_0004__scene_003,L1-07,L2-07b,media,https://www.dvidshub.net/video/830346,DVIDS,public_cleared,us_gov_public_domain,Public Domain,,False,
L1-07_L2-07b_0004__scene_004,L1-07,L2-07b,media,https://www.dvidshub.net/video/830346,DVIDS,public_cleared,us_gov_public_domain,Public Domain,,False,
L1-07_L2-07b_0004__scene_006,L1-07,L2-07b,media,https://www.dvidshub.net/video/830346,DVIDS,public_cleared,us_gov_public_domain,Public Domain,,False,
L1-07_L2-07b_0004__scene_007,L1-07,L2-07b,media,https://www.dvidshub.net/video/830346,DVIDS,public_cleared,us_gov_public_domain,Public Domain,,False,
L1-07_L2-07b_0004__scene_008,L1-07,L2-07b,media,https://www.dvidshub.net/video/830346,DVIDS,public_cleared,us_gov_public_domain,Public Domain,,False,
L1-07_L2-07b_0004__scene_009,L1-07,L2-07b,media,https://www.dvidshub.net/video/830346,DVIDS,public_cleared,us_gov_public_domain,Public Domain,,False,
L1-07_L2-07b_0004__scene_011,L1-07,L2-07b,media,https://www.dvidshub.net/video/830346,DVIDS,public_cleared,us_gov_public_domain,Public Domain,,False,
L1-07_L2-07b_0004__scene_012,L1-07,L2-07b,media,https://www.dvidshub.net/video/830346,DVIDS,public_cleared,us_gov_public_domain,Public Domain,,False,
L1-07_L2-07b_0004__scene_014,L1-07,L2-07b,media,https://www.dvidshub.net/video/830346,DVIDS,public_cleared,us_gov_public_domain,Public Domain,,False,
L1-07_L2-07b_0004__scene_016,L1-07,L2-07b,media,https://www.dvidshub.net/video/830346,DVIDS,public_cleared,us_gov_public_domain,Public Domain,,False,
L1-07_L2-07b_0004__scene_019,L1-07,L2-07b,media,https://www.dvidshub.net/video/830346,DVIDS,public_cleared,us_gov_public_domain,Public Domain,,False,
L1-07_L2-07b_0005__scene_001,L1-07,L2-07b,media,https://www.dvidshub.net/video/830060,DVIDS,public_cleared,us_gov_public_domain,Public Domain,,False,
L1-07_L2-07b_0005__scene_009,L1-07,L2-07b,media,https://www.dvidshub.net/video/830060,DVIDS,public_cleared,us_gov_public_domain,Public Domain,,False,
L1-07_L2-07b_0006__scene_002,L1-07,L2-07b,media,https://www.dvidshub.net/video/829884,DVIDS,public_cleared,us_gov_public_domain,Public Domain,,False,
L1-07_L2-07b_0006__scene_004,L1-07,L2-07b,media,https://www.dvidshub.net/video/829884,DVIDS,public_cleared,us_gov_public_domain,Public Domain,,False,
L1-07_L2-07b_0006__scene_005,L1-07,L2-07b,media,https://www.dvidshub.net/video/829884,DVIDS,public_cleared,us_gov_public_domain,Public Domain,,False,
L1-07_L2-07b_0006__scene_007,L1-07,L2-07b,media,https://www.dvidshub.net/video/829884,DVIDS,public_cleared,us_gov_public_domain,Public Domain,,False,
L1-07_L2-07b_0006__scene_011,L1-07,L2-07b,media,https://www.dvidshub.net/video/829884,DVIDS,public_cleared,us_gov_public_domain,Public Domain,,False,
L1-07_L2-07b_0006__scene_013,L1-07,L2-07b,media,https://www.dvidshub.net/video/829884,DVIDS,public_cleared,us_gov_public_domain,Public Domain,,False,
L1-07_L2-07b_0006__scene_014,L1-07,L2-07b,media,https://www.dvidshub.net/video/829884,DVIDS,public_cleared,us_gov_public_domain,Public Domain,,False,
L1-07_L2-07b_0007__scene_001,L1-07,L2-07b,media,https://www.dvidshub.net/video/829867,DVIDS,public_cleared,us_gov_public_domain,Public Domain,,False,
L1-07_L2-07b_0007__scene_002,L1-07,L2-07b,media,https://www.dvidshub.net/video/829867,DVIDS,public_cleared,us_gov_public_domain,Public Domain,,False,
L1-07_L2-07b_0007__scene_005,L1-07,L2-07b,media,https://www.dvidshub.net/video/829867,DVIDS,public_cleared,us_gov_public_domain,Public Domain,,False,
L1-07_L2-07b_0007__scene_006,L1-07,L2-07b,media,https://www.dvidshub.net/video/829867,DVIDS,public_cleared,us_gov_public_domain,Public Domain,,False,
L1-07_L2-07b_0007__scene_007,L1-07,L2-07b,media,https://www.dvidshub.net/video/829867,DVIDS,public_cleared,us_gov_public_domain,Public Domain,,False,
L1-07_L2-07b_0007__scene_008,L1-07,L2-07b,media,https://www.dvidshub.net/video/829867,DVIDS,public_cleared,us_gov_public_domain,Public Domain,,False,
L1-07_L2-07b_0007__scene_009,L1-07,L2-07b,media,https://www.dvidshub.net/video/829867,DVIDS,public_cleared,us_gov_public_domain,Public Domain,,False,
L1-07_L2-07b_0007__scene_011,L1-07,L2-07b,media,https://www.dvidshub.net/video/829867,DVIDS,public_cleared,us_gov_public_domain,Public Domain,,False,
L1-07_L2-07b_0008__scene_001,L1-07,L2-07b,media,https://www.dvidshub.net/video/829885,DVIDS,public_cleared,us_gov_public_domain,Public Domain,,False,
L1-07_L2-07b_0008__scene_009,L1-07,L2-07b,media,https://www.dvidshub.net/video/829885,DVIDS,public_cleared,us_gov_public_domain,Public Domain,,False,
L1-07_L2-07b_0009__scene_001,L1-07,L2-07b,media,https://www.dvidshub.net/video/827802,DVIDS,public_cleared,us_gov_public_domain,Public Domain,,False,
L1-07_L2-07b_0009__scene_002,L1-07,L2-07b,media,https://www.dvidshub.net/video/827802,DVIDS,public_cleared,us_gov_public_domain,Public Domain,,False,
L1-07_L2-07b_0009__scene_004,L1-07,L2-07b,media,https://www.dvidshub.net/video/827802,DVIDS,public_cleared,us_gov_public_domain,Public Domain,,False,
L1-07_L2-07b_0009__scene_005,L1-07,L2-07b,media,https://www.dvidshub.net/video/827802,DVIDS,public_cleared,us_gov_public_domain,Public Domain,,False,
L1-07_L2-07b_0009__scene_007,L1-07,L2-07b,media,https://www.dvidshub.net/video/827802,DVIDS,public_cleared,us_gov_public_domain,Public Domain,,False,
L1-07_L2-07b_0009__scene_008,L1-07,L2-07b,media,https://www.dvidshub.net/video/827802,DVIDS,public_cleared,us_gov_public_domain,Public Domain,,False,
L1-07_L2-07b_0009__scene_009,L1-07,L2-07b,media,https://www.dvidshub.net/video/827802,DVIDS,public_cleared,us_gov_public_domain,Public Domain,,False,
L1-07_L2-07b_0009__scene_010,L1-07,L2-07b,media,https://www.dvidshub.net/video/827802,DVIDS,public_cleared,us_gov_public_domain,Public Domain,,False,
L1-07_L2-07b_0009__scene_013,L1-07,L2-07b,media,https://www.dvidshub.net/video/827802,DVIDS,public_cleared,us_gov_public_domain,Public Domain,,False,
L1-07_L2-07b_0010__scene_007,L1-07,L2-07b,media,https://www.dvidshub.net/video/817801,DVIDS,public_cleared,us_gov_public_domain,Public Domain,,False,
L1-07_L2-07b_0010__scene_008,L1-07,L2-07b,media,https://www.dvidshub.net/video/817801,DVIDS,public_cleared,us_gov_public_domain,Public Domain,,False,
L1-07_L2-07b_0010__scene_014,L1-07,L2-07b,media,https://www.dvidshub.net/video/817801,DVIDS,public_cleared,us_gov_public_domain,Public Domain,,False,
L1-07_L2-07b_0010__scene_015,L1-07,L2-07b,media,https://www.dvidshub.net/video/817801,DVIDS,public_cleared,us_gov_public_domain,Public Domain,,False,
L1-07_L2-07b_0011__scene_001,L1-07,L2-07b,media,https://www.dvidshub.net/video/775741,DVIDS,public_cleared,us_gov_public_domain,Public Domain,,False,
L1-07_L2-07b_0011__scene_002,L1-07,L2-07b,media,https://www.dvidshub.net/video/775741,DVIDS,public_cleared,us_gov_public_domain,Public Domain,,False,
L1-07_L2-07b_0011__scene_003,L1-07,L2-07b,media,https://www.dvidshub.net/video/775741,DVIDS,public_cleared,us_gov_public_domain,Public Domain,,False,
L1-07_L2-07b_0011__scene_005,L1-07,L2-07b,media,https://www.dvidshub.net/video/775741,DVIDS,public_cleared,us_gov_public_domain,Public Domain,,False,
L1-07_L2-07b_0011__scene_008,L1-07,L2-07b,media,https://www.dvidshub.net/video/775741,DVIDS,public_cleared,us_gov_public_domain,Public Domain,,False,
L1-07_L2-07b_0011__scene_009,L1-07,L2-07b,media,https://www.dvidshub.net/video/775741,DVIDS,public_cleared,us_gov_public_domain,Public Domain,,False,
L1-07_L2-07b_0011__scene_010,L1-07,L2-07b,media,https://www.dvidshub.net/video/775741,DVIDS,public_cleared,us_gov_public_domain,Public Domain,,False,
L1-07_L2-07b_0011__scene_016,L1-07,L2-07b,media,https://www.dvidshub.net/video/775741,DVIDS,public_cleared,us_gov_public_domain,Public Domain,,False,
L1-07_L2-07b_0012__scene_003,L1-07,L2-07b,media,https://www.dvidshub.net/video/760966,DVIDS,public_cleared,us_gov_public_domain,Public Domain,,False,
L1-07_L2-07b_0012__scene_004,L1-07,L2-07b,media,https://www.dvidshub.net/video/760966,DVIDS,public_cleared,us_gov_public_domain,Public Domain,,False,
L1-07_L2-07b_0012__scene_005,L1-07,L2-07b,media,https://www.dvidshub.net/video/760966,DVIDS,public_cleared,us_gov_public_domain,Public Domain,,False,
L1-07_L2-07b_0012__scene_006,L1-07,L2-07b,media,https://www.dvidshub.net/video/760966,DVIDS,public_cleared,us_gov_public_domain,Public Domain,,False,
L1-07_L2-07b_0012__scene_007,L1-07,L2-07b,media,https://www.dvidshub.net/video/760966,DVIDS,public_cleared,us_gov_public_domain,Public Domain,,False,
L1-07_L2-07b_0013__scene_001,L1-07,L2-07b,media,https://www.dvidshub.net/video/749448,DVIDS,public_cleared,us_gov_public_domain,Public Domain,,False,
L1-07_L2-07b_0013__scene_002,L1-07,L2-07b,media,https://www.dvidshub.net/video/749448,DVIDS,public_cleared,us_gov_public_domain,Public Domain,,False,
L1-07_L2-07b_0013__scene_005,L1-07,L2-07b,media,https://www.dvidshub.net/video/749448,DVIDS,public_cleared,us_gov_public_domain,Public Domain,,False,
L1-07_L2-07b_0013__scene_007,L1-07,L2-07b,media,https://www.dvidshub.net/video/749448,DVIDS,public_cleared,us_gov_public_domain,Public Domain,,False,
L1-07_L2-07b_0013__scene_013,L1-07,L2-07b,media,https://www.dvidshub.net/video/749448,DVIDS,public_cleared,us_gov_public_domain,Public Domain,,False,
L1-07_L2-07b_0013__scene_016,L1-07,L2-07b,media,https://www.dvidshub.net/video/749448,DVIDS,public_cleared,us_gov_public_domain,Public Domain,,False,
L1-07_L2-07b_0013__scene_017,L1-07,L2-07b,media,https://www.dvidshub.net/video/749448,DVIDS,public_cleared,us_gov_public_domain,Public Domain,,False,
L1-07_L2-07b_0013__scene_018,L1-07,L2-07b,media,https://www.dvidshub.net/video/749448,DVIDS,public_cleared,us_gov_public_domain,Public Domain,,False,
L1-07_L2-07b_0013__scene_020,L1-07,L2-07b,media,https://www.dvidshub.net/video/749448,DVIDS,public_cleared,us_gov_public_domain,Public Domain,,False,
L1-07_L2-07b_0013__scene_021,L1-07,L2-07b,media,https://www.dvidshub.net/video/749448,DVIDS,public_cleared,us_gov_public_domain,Public Domain,,False,
L1-07_L2-07b_0013__scene_022,L1-07,L2-07b,media,https://www.dvidshub.net/video/749448,DVIDS,public_cleared,us_gov_public_domain,Public Domain,,False,
L1-07_L2-07b_0013__scene_024,L1-07,L2-07b,media,https://www.dvidshub.net/video/749448,DVIDS,public_cleared,us_gov_public_domain,Public Domain,,False,
L1-07_L2-07b_0013__scene_026,L1-07,L2-07b,media,https://www.dvidshub.net/video/749448,DVIDS,public_cleared,us_gov_public_domain,Public Domain,,False,
L1-07_L2-07b_0013__scene_030,L1-07,L2-07b,media,https://www.dvidshub.net/video/749448,DVIDS,public_cleared,us_gov_public_domain,Public Domain,,False,
L1-07_L2-07b_0013__scene_031,L1-07,L2-07b,media,https://www.dvidshub.net/video/749448,DVIDS,public_cleared,us_gov_public_domain,Public Domain,,False,
L1-07_L2-07b_0013__scene_036,L1-07,L2-07b,media,https://www.dvidshub.net/video/749448,DVIDS,public_cleared,us_gov_public_domain,Public Domain,,False,
L1-07_L2-07b_0014__scene_001,L1-07,L2-07b,media,https://www.dvidshub.net/video/746913,DVIDS,public_cleared,us_gov_public_domain,Public Domain,,False,
L1-07_L2-07b_0014__scene_004,L1-07,L2-07b,media,https://www.dvidshub.net/video/746913,DVIDS,public_cleared,us_gov_public_domain,Public Domain,,False,
L1-07_L2-07b_0014__scene_005,L1-07,L2-07b,media,https://www.dvidshub.net/video/746913,DVIDS,public_cleared,us_gov_public_domain,Public Domain,,False,
L1-07_L2-07b_0014__scene_006,L1-07,L2-07b,media,https://www.dvidshub.net/video/746913,DVIDS,public_cleared,us_gov_public_domain,Public Domain,,False,
L1-07_L2-07c_0001__scene_001,L1-07,L2-07c,media,https://www.dvidshub.net/video/793364,DVIDS,public_cleared,us_gov_public_domain,Public Domain,,False,
L1-07_L2-07c_0001__scene_008,L1-07,L2-07c,media,https://www.dvidshub.net/video/793364,DVIDS,public_cleared,us_gov_public_domain,Public Domain,,False,
L1-07_L2-07c_0001__scene_009,L1-07,L2-07c,media,https://www.dvidshub.net/video/793364,DVIDS,public_cleared,us_gov_public_domain,Public Domain,,False,
L1-07_L2-07c_0001__scene_010,L1-07,L2-07c,media,https://www.dvidshub.net/video/793364,DVIDS,public_cleared,us_gov_public_domain,Public Domain,,False,
L1-07_L2-07c_0001__scene_012,L1-07,L2-07c,media,https://www.dvidshub.net/video/793364,DVIDS,public_cleared,us_gov_public_domain,Public Domain,,False,
L1-07_L2-07c_0002__scene_003,L1-07,L2-07c,media,https://www.dvidshub.net/video/791410,DVIDS,public_cleared,us_gov_public_domain,Public Domain,,False,
L1-07_L2-07c_0002__scene_004,L1-07,L2-07c,media,https://www.dvidshub.net/video/791410,DVIDS,public_cleared,us_gov_public_domain,Public Domain,,False,
L1-07_L2-07c_0002__scene_005,L1-07,L2-07c,media,https://www.dvidshub.net/video/791410,DVIDS,public_cleared,us_gov_public_domain,Public Domain,,False,
L1-07_L2-07c_0002__scene_007,L1-07,L2-07c,media,https://www.dvidshub.net/video/791410,DVIDS,public_cleared,us_gov_public_domain,Public Domain,,False,
L1-07_L2-07c_0002__scene_010,L1-07,L2-07c,media,https://www.dvidshub.net/video/791410,DVIDS,public_cleared,us_gov_public_domain,Public Domain,,False,
L1-07_L2-07c_0002__scene_011,L1-07,L2-07c,media,https://www.dvidshub.net/video/791410,DVIDS,public_cleared,us_gov_public_domain,Public Domain,,False,
L1-07_L2-07c_0002__scene_013,L1-07,L2-07c,media,https://www.dvidshub.net/video/791410,DVIDS,public_cleared,us_gov_public_domain,Public Domain,,False,
L1-07_L2-07c_0002__scene_014,L1-07,L2-07c,media,https://www.dvidshub.net/video/791410,DVIDS,public_cleared,us_gov_public_domain,Public Domain,,False,
L1-07_L2-07c_0002__scene_016,L1-07,L2-07c,media,https://www.dvidshub.net/video/791410,DVIDS,public_cleared,us_gov_public_domain,Public Domain,,False,
L1-07_L2-07c_0003__scene_002,L1-07,L2-07c,media,https://www.dvidshub.net/video/785747,DVIDS,public_cleared,us_gov_public_domain,Public Domain,,False,
L1-07_L2-07c_0003__scene_003,L1-07,L2-07c,media,https://www.dvidshub.net/video/785747,DVIDS,public_cleared,us_gov_public_domain,Public Domain,,False,
L1-07_L2-07c_0003__scene_006,L1-07,L2-07c,media,https://www.dvidshub.net/video/785747,DVIDS,public_cleared,us_gov_public_domain,Public Domain,,False,
L1-07_L2-07c_0003__scene_008,L1-07,L2-07c,media,https://www.dvidshub.net/video/785747,DVIDS,public_cleared,us_gov_public_domain,Public Domain,,False,
L1-07_L2-07c_0003__scene_009,L1-07,L2-07c,media,https://www.dvidshub.net/video/785747,DVIDS,public_cleared,us_gov_public_domain,Public Domain,,False,
L1-07_L2-07c_0003__scene_012,L1-07,L2-07c,media,https://www.dvidshub.net/video/785747,DVIDS,public_cleared,us_gov_public_domain,Public Domain,,False,
L1-07_L2-07c_0005__scene_001,L1-07,L2-07c,media,https://www.dvidshub.net/video/789554,DVIDS,public_cleared,us_gov_public_domain,Public Domain,,False,
L1-07_L2-07c_0005__scene_002,L1-07,L2-07c,media,https://www.dvidshub.net/video/789554,DVIDS,public_cleared,us_gov_public_domain,Public Domain,,False,
L1-07_L2-07c_0006__scene_002,L1-07,L2-07c,media,https://www.dvidshub.net/video/790776,DVIDS,public_cleared,us_gov_public_domain,Public Domain,,False,
L1-07_L2-07c_0006__scene_003,L1-07,L2-07c,media,https://www.dvidshub.net/video/790776,DVIDS,public_cleared,us_gov_public_domain,Public Domain,,False,
L1-07_L2-07c_0006__scene_004,L1-07,L2-07c,media,https://www.dvidshub.net/video/790776,DVIDS,public_cleared,us_gov_public_domain,Public Domain,,False,
L1-07_L2-07c_0006__scene_006,L1-07,L2-07c,media,https://www.dvidshub.net/video/790776,DVIDS,public_cleared,us_gov_public_domain,Public Domain,,False,
L1-07_L2-07c_0006__scene_008,L1-07,L2-07c,media,https://www.dvidshub.net/video/790776,DVIDS,public_cleared,us_gov_public_domain,Public Domain,,False,
L1-07_L2-07c_0006__scene_009,L1-07,L2-07c,media,https://www.dvidshub.net/video/790776,DVIDS,public_cleared,us_gov_public_domain,Public Domain,,False,
L1-07_L2-07c_0006__scene_010,L1-07,L2-07c,media,https://www.dvidshub.net/video/790776,DVIDS,public_cleared,us_gov_public_domain,Public Domain,,False,
L1-07_L2-07c_0006__scene_011,L1-07,L2-07c,media,https://www.dvidshub.net/video/790776,DVIDS,public_cleared,us_gov_public_domain,Public Domain,,False,
L1-07_L2-07c_0006__scene_012,L1-07,L2-07c,media,https://www.dvidshub.net/video/790776,DVIDS,public_cleared,us_gov_public_domain,Public Domain,,False,
L1-07_L2-07c_0008__scene_002,L1-07,L2-07c,media,https://www.dvidshub.net/video/786048,DVIDS,public_cleared,us_gov_public_domain,Public Domain,,False,
L1-07_L2-07c_0008__scene_004,L1-07,L2-07c,media,https://www.dvidshub.net/video/786048,DVIDS,public_cleared,us_gov_public_domain,Public Domain,,False,
L1-07_L2-07c_0008__scene_006,L1-07,L2-07c,media,https://www.dvidshub.net/video/786048,DVIDS,public_cleared,us_gov_public_domain,Public Domain,,False,
L1-07_L2-07c_0008__scene_007,L1-07,L2-07c,media,https://www.dvidshub.net/video/786048,DVIDS,public_cleared,us_gov_public_domain,Public Domain,,False,
L1-07_L2-07c_0008__scene_010,L1-07,L2-07c,media,https://www.dvidshub.net/video/786048,DVIDS,public_cleared,us_gov_public_domain,Public Domain,,False,
L1-07_L2-07c_0008__scene_015,L1-07,L2-07c,media,https://www.dvidshub.net/video/786048,DVIDS,public_cleared,us_gov_public_domain,Public Domain,,False,
L1-07_L2-07c_0008__scene_016,L1-07,L2-07c,media,https://www.dvidshub.net/video/786048,DVIDS,public_cleared,us_gov_public_domain,Public Domain,,False,
L1-07_L2-07c_0008__scene_017,L1-07,L2-07c,media,https://www.dvidshub.net/video/786048,DVIDS,public_cleared,us_gov_public_domain,Public Domain,,False,
L1-07_L2-07c_0010__scene_008,L1-07,L2-07c,media,https://www.dvidshub.net/video/789976,DVIDS,public_cleared,us_gov_public_domain,Public Domain,,False,
L1-07_L2-07c_0010__scene_010,L1-07,L2-07c,media,https://www.dvidshub.net/video/789976,DVIDS,public_cleared,us_gov_public_domain,Public Domain,,False,
L1-07_L2-07c_0010__scene_011,L1-07,L2-07c,media,https://www.dvidshub.net/video/789976,DVIDS,public_cleared,us_gov_public_domain,Public Domain,,False,
L1-07_L2-07c_0012__scene_001,L1-07,L2-07c,media,https://www.dvidshub.net/video/783671,DVIDS,public_cleared,us_gov_public_domain,Public Domain,,False,
L1-07_L2-07c_0012__scene_002,L1-07,L2-07c,media,https://www.dvidshub.net/video/783671,DVIDS,public_cleared,us_gov_public_domain,Public Domain,,False,
L1-07_L2-07c_0012__scene_003,L1-07,L2-07c,media,https://www.dvidshub.net/video/783671,DVIDS,public_cleared,us_gov_public_domain,Public Domain,,False,
L1-07_L2-07c_0012__scene_004,L1-07,L2-07c,media,https://www.dvidshub.net/video/783671,DVIDS,public_cleared,us_gov_public_domain,Public Domain,,False,
L1-07_L2-07c_0012__scene_005,L1-07,L2-07c,media,https://www.dvidshub.net/video/783671,DVIDS,public_cleared,us_gov_public_domain,Public Domain,,False,
L1-07_L2-07c_0012__scene_006,L1-07,L2-07c,media,https://www.dvidshub.net/video/783671,DVIDS,public_cleared,us_gov_public_domain,Public Domain,,False,
L1-07_L2-07c_0012__scene_007,L1-07,L2-07c,media,https://www.dvidshub.net/video/783671,DVIDS,public_cleared,us_gov_public_domain,Public Domain,,False,
L1-07_L2-07c_0012__scene_008,L1-07,L2-07c,media,https://www.dvidshub.net/video/783671,DVIDS,public_cleared,us_gov_public_domain,Public Domain,,False,
L1-07_L2-07c_0012__scene_009,L1-07,L2-07c,media,https://www.dvidshub.net/video/783671,DVIDS,public_cleared,us_gov_public_domain,Public Domain,,False,
L1-07_L2-07c_0013__scene_002,L1-07,L2-07c,media,https://www.dvidshub.net/video/783947,DVIDS,public_cleared,us_gov_public_domain,Public Domain,,False,
L1-07_L2-07c_0013__scene_007,L1-07,L2-07c,media,https://www.dvidshub.net/video/783947,DVIDS,public_cleared,us_gov_public_domain,Public Domain,,False,
L1-07_L2-07c_0013__scene_008,L1-07,L2-07c,media,https://www.dvidshub.net/video/783947,DVIDS,public_cleared,us_gov_public_domain,Public Domain,,False,
L1-07_L2-07c_0013__scene_009,L1-07,L2-07c,media,https://www.dvidshub.net/video/783947,DVIDS,public_cleared,us_gov_public_domain,Public Domain,,False,
L1-07_L2-07c_0013__scene_010,L1-07,L2-07c,media,https://www.dvidshub.net/video/783947,DVIDS,public_cleared,us_gov_public_domain,Public Domain,,False,
L1-07_L2-07c_0013__scene_011,L1-07,L2-07c,media,https://www.dvidshub.net/video/783947,DVIDS,public_cleared,us_gov_public_domain,Public Domain,,False,
L1-07_L2-07c_0015__scene_001,L1-07,L2-07c,media,https://www.dvidshub.net/video/781530,DVIDS,public_cleared,us_gov_public_domain,Public Domain,,False,
L1-07_L2-07c_0015__scene_003,L1-07,L2-07c,media,https://www.dvidshub.net/video/781530,DVIDS,public_cleared,us_gov_public_domain,Public Domain,,False,
L1-07_L2-07c_0015__scene_004,L1-07,L2-07c,media,https://www.dvidshub.net/video/781530,DVIDS,public_cleared,us_gov_public_domain,Public Domain,,False,
L1-07_L2-07c_0015__scene_005,L1-07,L2-07c,media,https://www.dvidshub.net/video/781530,DVIDS,public_cleared,us_gov_public_domain,Public Domain,,False,
L1-07_L2-07c_0015__scene_008,L1-07,L2-07c,media,https://www.dvidshub.net/video/781530,DVIDS,public_cleared,us_gov_public_domain,Public Domain,,False,
L1-07_L2-07c_0015__scene_009,L1-07,L2-07c,media,https://www.dvidshub.net/video/781530,DVIDS,public_cleared,us_gov_public_domain,Public Domain,,False,
L1-07_L2-07c_0015__scene_010,L1-07,L2-07c,media,https://www.dvidshub.net/video/781530,DVIDS,public_cleared,us_gov_public_domain,Public Domain,,False,
L1-07_L2-07c_0015__scene_011,L1-07,L2-07c,media,https://www.dvidshub.net/video/781530,DVIDS,public_cleared,us_gov_public_domain,Public Domain,,False,
L1-07_L2-07c_0015__scene_012,L1-07,L2-07c,media,https://www.dvidshub.net/video/781530,DVIDS,public_cleared,us_gov_public_domain,Public Domain,,False,
L1-07_L2-07d_0001__scene_002,L1-07,L2-07d,media,https://www.dvidshub.net/video/762594,DVIDS,public_cleared,us_gov_public_domain,Public Domain,,False,
L1-07_L2-07d_0002__scene_001,L1-07,L2-07d,media,https://www.dvidshub.net/video/760327,DVIDS,public_cleared,us_gov_public_domain,Public Domain,,False,
L1-07_L2-07d_0002__scene_002,L1-07,L2-07d,media,https://www.dvidshub.net/video/760327,DVIDS,public_cleared,us_gov_public_domain,Public Domain,,False,
L1-07_L2-07d_0002__scene_003,L1-07,L2-07d,media,https://www.dvidshub.net/video/760327,DVIDS,public_cleared,us_gov_public_domain,Public Domain,,False,
L1-07_L2-07d_0003__scene_005,L1-07,L2-07d,media,https://www.dvidshub.net/video/756899,DVIDS,public_cleared,us_gov_public_domain,Public Domain,,False,
L1-07_L2-07d_0003__scene_006,L1-07,L2-07d,media,https://www.dvidshub.net/video/756899,DVIDS,public_cleared,us_gov_public_domain,Public Domain,,False,
L1-07_L2-07d_0003__scene_007,L1-07,L2-07d,media,https://www.dvidshub.net/video/756899,DVIDS,public_cleared,us_gov_public_domain,Public Domain,,False,
L1-07_L2-07d_0004__scene_002,L1-07,L2-07d,media,https://www.dvidshub.net/video/766969,DVIDS,public_cleared,us_gov_public_domain,Public Domain,,False,
L1-07_L2-07d_0004__scene_007,L1-07,L2-07d,media,https://www.dvidshub.net/video/766969,DVIDS,public_cleared,us_gov_public_domain,Public Domain,,False,
L1-07_L2-07d_0006__scene_001,L1-07,L2-07d,media,https://www.dvidshub.net/video/752342,DVIDS,public_cleared,us_gov_public_domain,Public Domain,,False,
L1-07_L2-07d_0006__scene_002,L1-07,L2-07d,media,https://www.dvidshub.net/video/752342,DVIDS,public_cleared,us_gov_public_domain,Public Domain,,False,
L1-07_L2-07d_0006__scene_003,L1-07,L2-07d,media,https://www.dvidshub.net/video/752342,DVIDS,public_cleared,us_gov_public_domain,Public Domain,,False,
L1-07_L2-07d_0006__scene_005,L1-07,L2-07d,media,https://www.dvidshub.net/video/752342,DVIDS,public_cleared,us_gov_public_domain,Public Domain,,False,
L1-07_L2-07d_0006__scene_006,L1-07,L2-07d,media,https://www.dvidshub.net/video/752342,DVIDS,public_cleared,us_gov_public_domain,Public Domain,,False,
L1-07_L2-07d_0006__scene_007,L1-07,L2-07d,media,https://www.dvidshub.net/video/752342,DVIDS,public_cleared,us_gov_public_domain,Public Domain,,False,
L1-07_L2-07d_0006__scene_008,L1-07,L2-07d,media,https://www.dvidshub.net/video/752342,DVIDS,public_cleared,us_gov_public_domain,Public Domain,,False,
L1-07_L2-07d_0006__scene_010,L1-07,L2-07d,media,https://www.dvidshub.net/video/752342,DVIDS,public_cleared,us_gov_public_domain,Public Domain,,False,
L1-07_L2-07d_0007__scene_001,L1-07,L2-07d,media,https://www.dvidshub.net/video/749626,DVIDS,public_cleared,us_gov_public_domain,Public Domain,,False,
L1-07_L2-07d_0008__scene_003,L1-07,L2-07d,media,https://www.dvidshub.net/video/748824,DVIDS,public_cleared,us_gov_public_domain,Public Domain,,False,
L1-07_L2-07d_0009__scene_002,L1-07,L2-07d,media,https://www.dvidshub.net/video/748275,DVIDS,public_cleared,us_gov_public_domain,Public Domain,,False,
L1-07_L2-07d_0009__scene_003,L1-07,L2-07d,media,https://www.dvidshub.net/video/748275,DVIDS,public_cleared,us_gov_public_domain,Public Domain,,False,
L1-07_L2-07d_0009__scene_004,L1-07,L2-07d,media,https://www.dvidshub.net/video/748275,DVIDS,public_cleared,us_gov_public_domain,Public Domain,,False,
L1-07_L2-07d_0009__scene_005,L1-07,L2-07d,media,https://www.dvidshub.net/video/748275,DVIDS,public_cleared,us_gov_public_domain,Public Domain,,False,
L1-07_L2-07d_0009__scene_006,L1-07,L2-07d,media,https://www.dvidshub.net/video/748275,DVIDS,public_cleared,us_gov_public_domain,Public Domain,,False,
L1-07_L2-07d_0010__scene_002,L1-07,L2-07d,media,https://www.dvidshub.net/video/748251,DVIDS,public_cleared,us_gov_public_domain,Public Domain,,False,
L1-07_L2-07d_0010__scene_003,L1-07,L2-07d,media,https://www.dvidshub.net/video/748251,DVIDS,public_cleared,us_gov_public_domain,Public Domain,,False,
L1-07_L2-07d_0010__scene_004,L1-07,L2-07d,media,https://www.dvidshub.net/video/748251,DVIDS,public_cleared,us_gov_public_domain,Public Domain,,False,
L1-07_L2-07d_0010__scene_005,L1-07,L2-07d,media,https://www.dvidshub.net/video/748251,DVIDS,public_cleared,us_gov_public_domain,Public Domain,,False,
L1-07_L2-07d_0010__scene_007,L1-07,L2-07d,media,https://www.dvidshub.net/video/748251,DVIDS,public_cleared,us_gov_public_domain,Public Domain,,False,
L1-07_L2-07d_0010__scene_010,L1-07,L2-07d,media,https://www.dvidshub.net/video/748251,DVIDS,public_cleared,us_gov_public_domain,Public Domain,,False,
L1-07_L2-07d_0011__scene_002,L1-07,L2-07d,media,https://www.dvidshub.net/video/747786,DVIDS,public_cleared,us_gov_public_domain,Public Domain,,False,
L1-07_L2-07d_0011__scene_018,L1-07,L2-07d,media,https://www.dvidshub.net/video/747786,DVIDS,public_cleared,us_gov_public_domain,Public Domain,,False,
L1-07_L2-07d_0012__scene_004,L1-07,L2-07d,media,https://www.dvidshub.net/video/746385,DVIDS,public_cleared,us_gov_public_domain,Public Domain,,False,
L1-07_L2-07d_0013__scene_004,L1-07,L2-07d,media,https://www.dvidshub.net/video/746060,DVIDS,public_cleared,us_gov_public_domain,Public Domain,,False,
L1-07_L2-07d_0013__scene_005,L1-07,L2-07d,media,https://www.dvidshub.net/video/746060,DVIDS,public_cleared,us_gov_public_domain,Public Domain,,False,
L1-07_L2-07d_0013__scene_006,L1-07,L2-07d,media,https://www.dvidshub.net/video/746060,DVIDS,public_cleared,us_gov_public_domain,Public Domain,,False,
L1-07_L2-07d_0013__scene_008,L1-07,L2-07d,media,https://www.dvidshub.net/video/746060,DVIDS,public_cleared,us_gov_public_domain,Public Domain,,False,
L1-07_L2-07d_0013__scene_009,L1-07,L2-07d,media,https://www.dvidshub.net/video/746060,DVIDS,public_cleared,us_gov_public_domain,Public Domain,,False,
L1-07_L2-07d_0013__scene_010,L1-07,L2-07d,media,https://www.dvidshub.net/video/746060,DVIDS,public_cleared,us_gov_public_domain,Public Domain,,False,
L1-07_L2-07d_0013__scene_011,L1-07,L2-07d,media,https://www.dvidshub.net/video/746060,DVIDS,public_cleared,us_gov_public_domain,Public Domain,,False,
L1-07_L2-07d_0015__scene_001,L1-07,L2-07d,media,https://www.dvidshub.net/video/744184,DVIDS,public_cleared,us_gov_public_domain,Public Domain,,False,
L1-07_L2-07d_0015__scene_004,L1-07,L2-07d,media,https://www.dvidshub.net/video/744184,DVIDS,public_cleared,us_gov_public_domain,Public Domain,,False,
L1-08_L2-08a_0002__scene_010,L1-08,L2-08a,url_only,https://www.youtube.com/watch?v=hS1YqcewH0c,YouTube,internal_hold,platform_tos_only,rights re-check,,False,
L1-08_L2-08a_0002__scene_013,L1-08,L2-08a,url_only,https://www.youtube.com/watch?v=hS1YqcewH0c,YouTube,internal_hold,platform_tos_only,rights re-check,,False,
L1-08_L2-08a_0002__scene_020,L1-08,L2-08a,url_only,https://www.youtube.com/watch?v=hS1YqcewH0c,YouTube,internal_hold,platform_tos_only,rights re-check,,False,
L1-08_L2-08a_0002__scene_032,L1-08,L2-08a,url_only,https://www.youtube.com/watch?v=hS1YqcewH0c,YouTube,internal_hold,platform_tos_only,rights re-check,,False,
L1-08_L2-08a_0002__scene_041,L1-08,L2-08a,url_only,https://www.youtube.com/watch?v=hS1YqcewH0c,YouTube,internal_hold,platform_tos_only,rights re-check,,False,
L1-08_L2-08a_0002__scene_046,L1-08,L2-08a,url_only,https://www.youtube.com/watch?v=hS1YqcewH0c,YouTube,internal_hold,platform_tos_only,rights re-check,,False,
L1-08_L2-08a_0002__scene_054,L1-08,L2-08a,url_only,https://www.youtube.com/watch?v=hS1YqcewH0c,YouTube,internal_hold,platform_tos_only,rights re-check,,False,
L1-08_L2-08a_0002__scene_062,L1-08,L2-08a,url_only,https://www.youtube.com/watch?v=hS1YqcewH0c,YouTube,internal_hold,platform_tos_only,rights re-check,,False,
L1-08_L2-08a_0002__scene_082,L1-08,L2-08a,url_only,https://www.youtube.com/watch?v=hS1YqcewH0c,YouTube,internal_hold,platform_tos_only,rights re-check,,False,
L1-08_L2-08a_0002__scene_086,L1-08,L2-08a,url_only,https://www.youtube.com/watch?v=hS1YqcewH0c,YouTube,internal_hold,platform_tos_only,rights re-check,,False,
L1-08_L2-08a_0002__scene_088,L1-08,L2-08a,url_only,https://www.youtube.com/watch?v=hS1YqcewH0c,YouTube,internal_hold,platform_tos_only,rights re-check,,False,
L1-08_L2-08a_0002__scene_096,L1-08,L2-08a,url_only,https://www.youtube.com/watch?v=hS1YqcewH0c,YouTube,internal_hold,platform_tos_only,rights re-check,,False,
L1-08_L2-08a_0002__scene_101,L1-08,L2-08a,url_only,https://www.youtube.com/watch?v=hS1YqcewH0c,YouTube,internal_hold,platform_tos_only,rights re-check,,False,
L1-08_L2-08a_0002__scene_104,L1-08,L2-08a,url_only,https://www.youtube.com/watch?v=hS1YqcewH0c,YouTube,internal_hold,platform_tos_only,rights re-check,,False,
L1-08_L2-08a_0002__scene_107,L1-08,L2-08a,url_only,https://www.youtube.com/watch?v=hS1YqcewH0c,YouTube,internal_hold,platform_tos_only,rights re-check,,False,
L1-08_L2-08a_0002__scene_134,L1-08,L2-08a,url_only,https://www.youtube.com/watch?v=hS1YqcewH0c,YouTube,internal_hold,platform_tos_only,rights re-check,,False,
L1-08_L2-08a_0002__scene_135,L1-08,L2-08a,url_only,https://www.youtube.com/watch?v=hS1YqcewH0c,YouTube,internal_hold,platform_tos_only,rights re-check,,False,
L1-08_L2-08a_0002__scene_137,L1-08,L2-08a,url_only,https://www.youtube.com/watch?v=hS1YqcewH0c,YouTube,internal_hold,platform_tos_only,rights re-check,,False,
L1-08_L2-08a_0002__scene_142,L1-08,L2-08a,url_only,https://www.youtube.com/watch?v=hS1YqcewH0c,YouTube,internal_hold,platform_tos_only,rights re-check,,False,
L1-08_L2-08a_0002__scene_151,L1-08,L2-08a,url_only,https://www.youtube.com/watch?v=hS1YqcewH0c,YouTube,internal_hold,platform_tos_only,rights re-check,,False,
L1-08_L2-08a_0003__scene_004,L1-08,L2-08a,url_only,https://www.youtube.com/watch?v=auXCQ9-721o,YouTube,internal_hold,platform_tos_only,rights re-check,,False,
L1-08_L2-08a_0003__scene_006,L1-08,L2-08a,url_only,https://www.youtube.com/watch?v=auXCQ9-721o,YouTube,internal_hold,platform_tos_only,rights re-check,,False,
L1-08_L2-08a_0003__scene_011,L1-08,L2-08a,url_only,https://www.youtube.com/watch?v=auXCQ9-721o,YouTube,internal_hold,platform_tos_only,rights re-check,,False,
L1-08_L2-08a_0003__scene_018,L1-08,L2-08a,url_only,https://www.youtube.com/watch?v=auXCQ9-721o,YouTube,internal_hold,platform_tos_only,rights re-check,,False,
L1-08_L2-08a_0003__scene_031,L1-08,L2-08a,url_only,https://www.youtube.com/watch?v=auXCQ9-721o,YouTube,internal_hold,platform_tos_only,rights re-check,,False,
L1-08_L2-08a_0003__scene_036,L1-08,L2-08a,url_only,https://www.youtube.com/watch?v=auXCQ9-721o,YouTube,internal_hold,platform_tos_only,rights re-check,,False,
L1-08_L2-08a_0003__scene_038,L1-08,L2-08a,url_only,https://www.youtube.com/watch?v=auXCQ9-721o,YouTube,internal_hold,platform_tos_only,rights re-check,,False,
L1-08_L2-08a_0003__scene_050,L1-08,L2-08a,url_only,https://www.youtube.com/watch?v=auXCQ9-721o,YouTube,internal_hold,platform_tos_only,rights re-check,,False,
L1-08_L2-08a_0003__scene_061,L1-08,L2-08a,url_only,https://www.youtube.com/watch?v=auXCQ9-721o,YouTube,internal_hold,platform_tos_only,rights re-check,,False,
L1-08_L2-08a_0003__scene_073,L1-08,L2-08a,url_only,https://www.youtube.com/watch?v=auXCQ9-721o,YouTube,internal_hold,platform_tos_only,rights re-check,,False,
L1-08_L2-08a_0003__scene_087,L1-08,L2-08a,url_only,https://www.youtube.com/watch?v=auXCQ9-721o,YouTube,internal_hold,platform_tos_only,rights re-check,,False,
L1-08_L2-08a_0003__scene_094,L1-08,L2-08a,url_only,https://www.youtube.com/watch?v=auXCQ9-721o,YouTube,internal_hold,platform_tos_only,rights re-check,,False,
L1-08_L2-08a_0003__scene_095,L1-08,L2-08a,url_only,https://www.youtube.com/watch?v=auXCQ9-721o,YouTube,internal_hold,platform_tos_only,rights re-check,,False,
L1-08_L2-08a_0003__scene_112,L1-08,L2-08a,url_only,https://www.youtube.com/watch?v=auXCQ9-721o,YouTube,internal_hold,platform_tos_only,rights re-check,,False,
L1-08_L2-08a_0003__scene_114,L1-08,L2-08a,url_only,https://www.youtube.com/watch?v=auXCQ9-721o,YouTube,internal_hold,platform_tos_only,rights re-check,,False,
L1-08_L2-08a_0003__scene_115,L1-08,L2-08a,url_only,https://www.youtube.com/watch?v=auXCQ9-721o,YouTube,internal_hold,platform_tos_only,rights re-check,,False,
L1-08_L2-08a_0003__scene_117,L1-08,L2-08a,url_only,https://www.youtube.com/watch?v=auXCQ9-721o,YouTube,internal_hold,platform_tos_only,rights re-check,,False,
L1-08_L2-08b_0001__scene_003,L1-08,L2-08b,url_only,https://www.youtube.com/watch?v=xIyPHGDx9WY,YouTube,internal_hold,platform_tos_only,rights re-check,,False,
L1-08_L2-08b_0001__scene_007,L1-08,L2-08b,url_only,https://www.youtube.com/watch?v=xIyPHGDx9WY,YouTube,internal_hold,platform_tos_only,rights re-check,,False,
L1-08_L2-08b_0001__scene_008,L1-08,L2-08b,url_only,https://www.youtube.com/watch?v=xIyPHGDx9WY,YouTube,internal_hold,platform_tos_only,rights re-check,,False,
L1-08_L2-08b_0001__scene_010,L1-08,L2-08b,url_only,https://www.youtube.com/watch?v=xIyPHGDx9WY,YouTube,internal_hold,platform_tos_only,rights re-check,,False,
L1-08_L2-08b_0001__scene_011,L1-08,L2-08b,url_only,https://www.youtube.com/watch?v=xIyPHGDx9WY,YouTube,internal_hold,platform_tos_only,rights re-check,,False,
L1-08_L2-08b_0001__scene_014,L1-08,L2-08b,url_only,https://www.youtube.com/watch?v=xIyPHGDx9WY,YouTube,internal_hold,platform_tos_only,rights re-check,,False,
L1-08_L2-08b_0001__scene_015,L1-08,L2-08b,url_only,https://www.youtube.com/watch?v=xIyPHGDx9WY,YouTube,internal_hold,platform_tos_only,rights re-check,,False,
L1-08_L2-08b_0001__scene_016,L1-08,L2-08b,url_only,https://www.youtube.com/watch?v=xIyPHGDx9WY,YouTube,internal_hold,platform_tos_only,rights re-check,,False,
L1-08_L2-08b_0004__scene_002,L1-08,L2-08b,url_only,https://www.starship.xyz/our-robots/,Starship Official,internal_hold,unknown,rights re-check,,False,
L1-08_L2-08b_0006__scene_003,L1-08,L2-08b,url_only,https://www.youtube.com/watch?v=eNHsehDSWzk,YouTube,internal_hold,platform_tos_only,rights re-check,,False,
L1-08_L2-08b_0006__scene_004,L1-08,L2-08b,url_only,https://www.youtube.com/watch?v=eNHsehDSWzk,YouTube,internal_hold,platform_tos_only,rights re-check,,False,
L1-08_L2-08b_0010__scene_006,L1-08,L2-08b,url_only,https://www.youtube.com/watch?v=yKgkVUDOoYY,YouTube,internal_hold,platform_tos_only,rights re-check,,False,
L1-08_L2-08b_0010__scene_012,L1-08,L2-08b,url_only,https://www.youtube.com/watch?v=yKgkVUDOoYY,YouTube,internal_hold,platform_tos_only,rights re-check,,False,
L1-08_L2-08b_0010__scene_015,L1-08,L2-08b,url_only,https://www.youtube.com/watch?v=yKgkVUDOoYY,YouTube,internal_hold,platform_tos_only,rights re-check,,False,
L1-08_L2-08b_0011__scene_003,L1-08,L2-08b,url_only,https://www.nexaiot.com/en/video/NexMOV,NexAIOT Official,internal_hold,unknown,rights re-check,,False,
L1-08_L2-08b_0011__scene_006,L1-08,L2-08b,url_only,https://www.nexaiot.com/en/video/NexMOV,NexAIOT Official,internal_hold,unknown,rights re-check,,False,
L1-08_L2-08b_0011__scene_007,L1-08,L2-08b,url_only,https://www.nexaiot.com/en/video/NexMOV,NexAIOT Official,internal_hold,unknown,rights re-check,,False,
L1-08_L2-08b_0011__scene_008,L1-08,L2-08b,url_only,https://www.nexaiot.com/en/video/NexMOV,NexAIOT Official,internal_hold,unknown,rights re-check,,False,
L1-08_L2-08b_0011__scene_011,L1-08,L2-08b,url_only,https://www.nexaiot.com/en/video/NexMOV,NexAIOT Official,internal_hold,unknown,rights re-check,,False,
L1-08_L2-08b_0011__scene_013,L1-08,L2-08b,url_only,https://www.nexaiot.com/en/video/NexMOV,NexAIOT Official,internal_hold,unknown,rights re-check,,False,
L1-08_L2-08b_0011__scene_014,L1-08,L2-08b,url_only,https://www.nexaiot.com/en/video/NexMOV,NexAIOT Official,internal_hold,unknown,rights re-check,,False,
L1-08_L2-08b_0011__scene_015,L1-08,L2-08b,url_only,https://www.nexaiot.com/en/video/NexMOV,NexAIOT Official,internal_hold,unknown,rights re-check,,False,
L1-08_L2-08b_0011__scene_019,L1-08,L2-08b,url_only,https://www.nexaiot.com/en/video/NexMOV,NexAIOT Official,internal_hold,unknown,rights re-check,,False,
L1-08_L2-08b_0016__scene_001,L1-08,L2-08b,url_only,https://www.youtube.com/watch?v=R7Rj13H0Rts,OfficialYouTube,internal_hold,platform_tos_only,Official channel footage; verify reuse terms,,True,Source credit required: MSP Airport
L1-08_L2-08b_0017__scene_003,L1-08,L2-08b,url_only,https://www.youtube.com/watch?v=eUa_vuDTbjU,OfficialYouTube,internal_hold,platform_tos_only,Official channel footage; verify reuse terms,,True,Source credit required: Sodexo North America
L1-08_L2-08b_0017__scene_004,L1-08,L2-08b,url_only,https://www.youtube.com/watch?v=eUa_vuDTbjU,OfficialYouTube,internal_hold,platform_tos_only,Official channel footage; verify reuse terms,,True,Source credit required: Sodexo North America
L1-08_L2-08b_0017__scene_005,L1-08,L2-08b,url_only,https://www.youtube.com/watch?v=eUa_vuDTbjU,OfficialYouTube,internal_hold,platform_tos_only,Official channel footage; verify reuse terms,,True,Source credit required: Sodexo North America
L1-08_L2-08c_0001__scene_018,L1-08,L2-08c,url_only,"https://commons.wikimedia.org/wiki/File:Data_Center_Tour_&_Technical_Deep_Dive_into_the_Power,_Data_and_Cooling_Infrastructure!.webm",Wikimedia Commons,internal_hold,unknown,see file page,,False,
L1-08_L2-08c_0001__scene_028,L1-08,L2-08c,url_only,"https://commons.wikimedia.org/wiki/File:Data_Center_Tour_&_Technical_Deep_Dive_into_the_Power,_Data_and_Cooling_Infrastructure!.webm",Wikimedia Commons,internal_hold,unknown,see file page,,False,
L1-08_L2-08c_0001__scene_030,L1-08,L2-08c,url_only,"https://commons.wikimedia.org/wiki/File:Data_Center_Tour_&_Technical_Deep_Dive_into_the_Power,_Data_and_Cooling_Infrastructure!.webm",Wikimedia Commons,internal_hold,unknown,see file page,,False,
L1-08_L2-08c_0001__scene_031,L1-08,L2-08c,url_only,"https://commons.wikimedia.org/wiki/File:Data_Center_Tour_&_Technical_Deep_Dive_into_the_Power,_Data_and_Cooling_Infrastructure!.webm",Wikimedia Commons,internal_hold,unknown,see file page,,False,
L1-08_L2-08c_0001__scene_037,L1-08,L2-08c,url_only,"https://commons.wikimedia.org/wiki/File:Data_Center_Tour_&_Technical_Deep_Dive_into_the_Power,_Data_and_Cooling_Infrastructure!.webm",Wikimedia Commons,internal_hold,unknown,see file page,,False,
L1-08_L2-08c_0001__scene_038,L1-08,L2-08c,url_only,"https://commons.wikimedia.org/wiki/File:Data_Center_Tour_&_Technical_Deep_Dive_into_the_Power,_Data_and_Cooling_Infrastructure!.webm",Wikimedia Commons,internal_hold,unknown,see file page,,False,
L1-08_L2-08c_0010__scene_002,L1-08,L2-08c,url_only,https://www.youtube.com/watch?v=XZmGGAbHqa0,YouTube,internal_hold,platform_tos_only,rights re-check,,False,
L1-08_L2-08c_0010__scene_007,L1-08,L2-08c,url_only,https://www.youtube.com/watch?v=XZmGGAbHqa0,YouTube,internal_hold,platform_tos_only,rights re-check,,False,
L1-08_L2-08c_0010__scene_008,L1-08,L2-08c,url_only,https://www.youtube.com/watch?v=XZmGGAbHqa0,YouTube,internal_hold,platform_tos_only,rights re-check,,False,
L1-08_L2-08c_0010__scene_013,L1-08,L2-08c,url_only,https://www.youtube.com/watch?v=XZmGGAbHqa0,YouTube,internal_hold,platform_tos_only,rights re-check,,False,
L1-08_L2-08c_0010__scene_016,L1-08,L2-08c,url_only,https://www.youtube.com/watch?v=XZmGGAbHqa0,YouTube,internal_hold,platform_tos_only,rights re-check,,False,
L1-08_L2-08c_0013__scene_001,L1-08,L2-08c,url_only,https://www.aboutamazon.com/news/aws/aws-data-center-inside,AWS/Amazon Official,internal_hold,unknown,rights re-check,,False,
L1-08_L2-08d_0001__scene_001,L1-08,L2-08d,url_only,https://www.youtube.com/watch?v=r1R3RDPvPeg,YouTube,internal_hold,platform_tos_only,rights re-check,,False,
L1-08_L2-08d_0001__scene_003,L1-08,L2-08d,url_only,https://www.youtube.com/watch?v=r1R3RDPvPeg,YouTube,internal_hold,platform_tos_only,rights re-check,,False,
L1-08_L2-08d_0001__scene_004,L1-08,L2-08d,url_only,https://www.youtube.com/watch?v=r1R3RDPvPeg,YouTube,internal_hold,platform_tos_only,rights re-check,,False,
L1-08_L2-08d_0001__scene_018,L1-08,L2-08d,url_only,https://www.youtube.com/watch?v=r1R3RDPvPeg,YouTube,internal_hold,platform_tos_only,rights re-check,,False,
L1-08_L2-08d_0001__scene_024,L1-08,L2-08d,url_only,https://www.youtube.com/watch?v=r1R3RDPvPeg,YouTube,internal_hold,platform_tos_only,rights re-check,,False,
L1-08_L2-08d_0001__scene_026,L1-08,L2-08d,url_only,https://www.youtube.com/watch?v=r1R3RDPvPeg,YouTube,internal_hold,platform_tos_only,rights re-check,,False,
L1-08_L2-08d_0001__scene_028,L1-08,L2-08d,url_only,https://www.youtube.com/watch?v=r1R3RDPvPeg,YouTube,internal_hold,platform_tos_only,rights re-check,,False,
L1-08_L2-08d_0001__scene_039,L1-08,L2-08d,url_only,https://www.youtube.com/watch?v=r1R3RDPvPeg,YouTube,internal_hold,platform_tos_only,rights re-check,,False,
L1-08_L2-08d_0001__scene_040,L1-08,L2-08d,url_only,https://www.youtube.com/watch?v=r1R3RDPvPeg,YouTube,internal_hold,platform_tos_only,rights re-check,,False,
L1-08_L2-08d_0001__scene_047,L1-08,L2-08d,url_only,https://www.youtube.com/watch?v=r1R3RDPvPeg,YouTube,internal_hold,platform_tos_only,rights re-check,,False,
L1-08_L2-08d_0001__scene_049,L1-08,L2-08d,url_only,https://www.youtube.com/watch?v=r1R3RDPvPeg,YouTube,internal_hold,platform_tos_only,rights re-check,,False,
L1-08_L2-08d_0001__scene_051,L1-08,L2-08d,url_only,https://www.youtube.com/watch?v=r1R3RDPvPeg,YouTube,internal_hold,platform_tos_only,rights re-check,,False,
L1-08_L2-08d_0001__scene_052,L1-08,L2-08d,url_only,https://www.youtube.com/watch?v=r1R3RDPvPeg,YouTube,internal_hold,platform_tos_only,rights re-check,,False,
L1-08_L2-08d_0001__scene_056,L1-08,L2-08d,url_only,https://www.youtube.com/watch?v=r1R3RDPvPeg,YouTube,internal_hold,platform_tos_only,rights re-check,,False,
L1-08_L2-08d_0001__scene_064,L1-08,L2-08d,url_only,https://www.youtube.com/watch?v=r1R3RDPvPeg,YouTube,internal_hold,platform_tos_only,rights re-check,,False,
L1-08_L2-08d_0001__scene_086,L1-08,L2-08d,url_only,https://www.youtube.com/watch?v=r1R3RDPvPeg,YouTube,internal_hold,platform_tos_only,rights re-check,,False,
L1-08_L2-08d_0001__scene_095,L1-08,L2-08d,url_only,https://www.youtube.com/watch?v=r1R3RDPvPeg,YouTube,internal_hold,platform_tos_only,rights re-check,,False,
L1-08_L2-08d_0001__scene_102,L1-08,L2-08d,url_only,https://www.youtube.com/watch?v=r1R3RDPvPeg,YouTube,internal_hold,platform_tos_only,rights re-check,,False,
L1-08_L2-08d_0001__scene_123,L1-08,L2-08d,url_only,https://www.youtube.com/watch?v=r1R3RDPvPeg,YouTube,internal_hold,platform_tos_only,rights re-check,,False,
L1-08_L2-08d_0001__scene_143,L1-08,L2-08d,url_only,https://www.youtube.com/watch?v=r1R3RDPvPeg,YouTube,internal_hold,platform_tos_only,rights re-check,,False,
L1-08_L2-08d_0001__scene_154,L1-08,L2-08d,url_only,https://www.youtube.com/watch?v=r1R3RDPvPeg,YouTube,internal_hold,platform_tos_only,rights re-check,,False,
L1-08_L2-08d_0005__scene_007,L1-08,L2-08d,url_only,https://www.youtube.com/watch?v=51iONeETSng,YouTube,internal_hold,platform_tos_only,rights re-check,,False,
L1-08_L2-08d_0005__scene_036,L1-08,L2-08d,url_only,https://www.youtube.com/watch?v=51iONeETSng,YouTube,internal_hold,platform_tos_only,rights re-check,,False,
L1-08_L2-08d_0005__scene_037,L1-08,L2-08d,url_only,https://www.youtube.com/watch?v=51iONeETSng,YouTube,internal_hold,platform_tos_only,rights re-check,,False,
L1-08_L2-08d_0005__scene_052,L1-08,L2-08d,url_only,https://www.youtube.com/watch?v=51iONeETSng,YouTube,internal_hold,platform_tos_only,rights re-check,,False,
L1-08_L2-08d_0005__scene_057,L1-08,L2-08d,url_only,https://www.youtube.com/watch?v=51iONeETSng,YouTube,internal_hold,platform_tos_only,rights re-check,,False,
L1-08_L2-08d_0005__scene_061,L1-08,L2-08d,url_only,https://www.youtube.com/watch?v=51iONeETSng,YouTube,internal_hold,platform_tos_only,rights re-check,,False,
L1-08_L2-08d_0005__scene_073,L1-08,L2-08d,url_only,https://www.youtube.com/watch?v=51iONeETSng,YouTube,internal_hold,platform_tos_only,rights re-check,,False,
L1-08_L2-08d_0005__scene_078,L1-08,L2-08d,url_only,https://www.youtube.com/watch?v=51iONeETSng,YouTube,internal_hold,platform_tos_only,rights re-check,,False,
L1-08_L2-08d_0005__scene_130,L1-08,L2-08d,url_only,https://www.youtube.com/watch?v=51iONeETSng,YouTube,internal_hold,platform_tos_only,rights re-check,,False,
L1-08_L2-08d_0005__scene_131,L1-08,L2-08d,url_only,https://www.youtube.com/watch?v=51iONeETSng,YouTube,internal_hold,platform_tos_only,rights re-check,,False,
L1-08_L2-08d_0005__scene_138,L1-08,L2-08d,url_only,https://www.youtube.com/watch?v=51iONeETSng,YouTube,internal_hold,platform_tos_only,rights re-check,,False,
L1-08_L2-08d_0005__scene_168,L1-08,L2-08d,url_only,https://www.youtube.com/watch?v=51iONeETSng,YouTube,internal_hold,platform_tos_only,rights re-check,,False,
L1-08_L2-08d_0005__scene_192,L1-08,L2-08d,url_only,https://www.youtube.com/watch?v=51iONeETSng,YouTube,internal_hold,platform_tos_only,rights re-check,,False,
L1-08_L2-08d_0005__scene_206,L1-08,L2-08d,url_only,https://www.youtube.com/watch?v=51iONeETSng,YouTube,internal_hold,platform_tos_only,rights re-check,,False,
L1-08_L2-08d_0005__scene_207,L1-08,L2-08d,url_only,https://www.youtube.com/watch?v=51iONeETSng,YouTube,internal_hold,platform_tos_only,rights re-check,,False,
L1-08_L2-08d_0005__scene_215,L1-08,L2-08d,url_only,https://www.youtube.com/watch?v=51iONeETSng,YouTube,internal_hold,platform_tos_only,rights re-check,,False,
L1-08_L2-08d_0005__scene_217,L1-08,L2-08d,url_only,https://www.youtube.com/watch?v=51iONeETSng,YouTube,internal_hold,platform_tos_only,rights re-check,,False,
L1-08_L2-08d_0005__scene_223,L1-08,L2-08d,url_only,https://www.youtube.com/watch?v=51iONeETSng,YouTube,internal_hold,platform_tos_only,rights re-check,,False,
L1-08_L2-08d_0005__scene_224,L1-08,L2-08d,url_only,https://www.youtube.com/watch?v=51iONeETSng,YouTube,internal_hold,platform_tos_only,rights re-check,,False,
L1-08_L2-08d_0005__scene_235,L1-08,L2-08d,url_only,https://www.youtube.com/watch?v=51iONeETSng,YouTube,internal_hold,platform_tos_only,rights re-check,,False,
L1-08_L2-08d_0005__scene_247,L1-08,L2-08d,url_only,https://www.youtube.com/watch?v=51iONeETSng,YouTube,internal_hold,platform_tos_only,rights re-check,,False,
L1-08_L2-08d_0015__scene_004,L1-08,L2-08d,url_only,https://www.youtube.com/watch?v=ztl25aRlnWE,YouTube,internal_hold,platform_tos_only,rights re-check,,False,
L1-08_L2-08d_0015__scene_006,L1-08,L2-08d,url_only,https://www.youtube.com/watch?v=ztl25aRlnWE,YouTube,internal_hold,platform_tos_only,rights re-check,,False,
L1-08_L2-08d_0015__scene_008,L1-08,L2-08d,url_only,https://www.youtube.com/watch?v=ztl25aRlnWE,YouTube,internal_hold,platform_tos_only,rights re-check,,False,
L1-08_L2-08d_0015__scene_011,L1-08,L2-08d,url_only,https://www.youtube.com/watch?v=ztl25aRlnWE,YouTube,internal_hold,platform_tos_only,rights re-check,,False,
L1-08_L2-08d_0015__scene_028,L1-08,L2-08d,url_only,https://www.youtube.com/watch?v=ztl25aRlnWE,YouTube,internal_hold,platform_tos_only,rights re-check,,False,
L1-08_L2-08d_0015__scene_031,L1-08,L2-08d,url_only,https://www.youtube.com/watch?v=ztl25aRlnWE,YouTube,internal_hold,platform_tos_only,rights re-check,,False,
L1-08_L2-08d_0015__scene_037,L1-08,L2-08d,url_only,https://www.youtube.com/watch?v=ztl25aRlnWE,YouTube,internal_hold,platform_tos_only,rights re-check,,False,
L1-08_L2-08d_0015__scene_039,L1-08,L2-08d,url_only,https://www.youtube.com/watch?v=ztl25aRlnWE,YouTube,internal_hold,platform_tos_only,rights re-check,,False,
L1-08_L2-08d_0015__scene_043,L1-08,L2-08d,url_only,https://www.youtube.com/watch?v=ztl25aRlnWE,YouTube,internal_hold,platform_tos_only,rights re-check,,False,
L1-08_L2-08d_0015__scene_044,L1-08,L2-08d,url_only,https://www.youtube.com/watch?v=ztl25aRlnWE,YouTube,internal_hold,platform_tos_only,rights re-check,,False,
L1-08_L2-08d_0015__scene_049,L1-08,L2-08d,url_only,https://www.youtube.com/watch?v=ztl25aRlnWE,YouTube,internal_hold,platform_tos_only,rights re-check,,False,
L1-08_L2-08d_0015__scene_052,L1-08,L2-08d,url_only,https://www.youtube.com/watch?v=ztl25aRlnWE,YouTube,internal_hold,platform_tos_only,rights re-check,,False,
L1-08_L2-08d_0015__scene_053,L1-08,L2-08d,url_only,https://www.youtube.com/watch?v=ztl25aRlnWE,YouTube,internal_hold,platform_tos_only,rights re-check,,False,
L1-08_L2-08d_0015__scene_063,L1-08,L2-08d,url_only,https://www.youtube.com/watch?v=ztl25aRlnWE,YouTube,internal_hold,platform_tos_only,rights re-check,,False,
L1-08_L2-08d_0015__scene_064,L1-08,L2-08d,url_only,https://www.youtube.com/watch?v=ztl25aRlnWE,YouTube,internal_hold,platform_tos_only,rights re-check,,False,
L1-08_L2-08d_0015__scene_070,L1-08,L2-08d,url_only,https://www.youtube.com/watch?v=ztl25aRlnWE,YouTube,internal_hold,platform_tos_only,rights re-check,,False,
L1-08_L2-08d_0015__scene_073,L1-08,L2-08d,url_only,https://www.youtube.com/watch?v=ztl25aRlnWE,YouTube,internal_hold,platform_tos_only,rights re-check,,False,
L1-08_L2-08d_0015__scene_075,L1-08,L2-08d,url_only,https://www.youtube.com/watch?v=ztl25aRlnWE,YouTube,internal_hold,platform_tos_only,rights re-check,,False,
L1-08_L2-08d_0015__scene_085,L1-08,L2-08d,url_only,https://www.youtube.com/watch?v=ztl25aRlnWE,YouTube,internal_hold,platform_tos_only,rights re-check,,False,
L1-08_L2-08d_0015__scene_086,L1-08,L2-08d,url_only,https://www.youtube.com/watch?v=ztl25aRlnWE,YouTube,internal_hold,platform_tos_only,rights re-check,,False,
L1-08_L2-08d_0015__scene_091,L1-08,L2-08d,url_only,https://www.youtube.com/watch?v=ztl25aRlnWE,YouTube,internal_hold,platform_tos_only,rights re-check,,False,
L1-08_L2-08d_0015__scene_092,L1-08,L2-08d,url_only,https://www.youtube.com/watch?v=ztl25aRlnWE,YouTube,internal_hold,platform_tos_only,rights re-check,,False,
L1-08_L2-08d_0015__scene_098,L1-08,L2-08d,url_only,https://www.youtube.com/watch?v=ztl25aRlnWE,YouTube,internal_hold,platform_tos_only,rights re-check,,False,
L1-08_L2-08d_0015__scene_116,L1-08,L2-08d,url_only,https://www.youtube.com/watch?v=ztl25aRlnWE,YouTube,internal_hold,platform_tos_only,rights re-check,,False,
L1-08_L2-08d_0015__scene_121,L1-08,L2-08d,url_only,https://www.youtube.com/watch?v=ztl25aRlnWE,YouTube,internal_hold,platform_tos_only,rights re-check,,False,
L1-08_L2-08d_0015__scene_137,L1-08,L2-08d,url_only,https://www.youtube.com/watch?v=ztl25aRlnWE,YouTube,internal_hold,platform_tos_only,rights re-check,,False,
L1-08_L2-08d_0015__scene_141,L1-08,L2-08d,url_only,https://www.youtube.com/watch?v=ztl25aRlnWE,YouTube,internal_hold,platform_tos_only,rights re-check,,False,
L1-08_L2-08d_0015__scene_146,L1-08,L2-08d,url_only,https://www.youtube.com/watch?v=ztl25aRlnWE,YouTube,internal_hold,platform_tos_only,rights re-check,,False,
L1-08_L2-08d_0015__scene_148,L1-08,L2-08d,url_only,https://www.youtube.com/watch?v=ztl25aRlnWE,YouTube,internal_hold,platform_tos_only,rights re-check,,False,
L1-08_L2-08d_0015__scene_151,L1-08,L2-08d,url_only,https://www.youtube.com/watch?v=ztl25aRlnWE,YouTube,internal_hold,platform_tos_only,rights re-check,,False,
L1-08_L2-08d_0015__scene_159,L1-08,L2-08d,url_only,https://www.youtube.com/watch?v=ztl25aRlnWE,YouTube,internal_hold,platform_tos_only,rights re-check,,False,
L1-08_L2-08d_0015__scene_161,L1-08,L2-08d,url_only,https://www.youtube.com/watch?v=ztl25aRlnWE,YouTube,internal_hold,platform_tos_only,rights re-check,,False,
L1-08_L2-08d_0015__scene_162,L1-08,L2-08d,url_only,https://www.youtube.com/watch?v=ztl25aRlnWE,YouTube,internal_hold,platform_tos_only,rights re-check,,False,
L1-08_L2-08d_0015__scene_169,L1-08,L2-08d,url_only,https://www.youtube.com/watch?v=ztl25aRlnWE,YouTube,internal_hold,platform_tos_only,rights re-check,,False,
L1-08_L2-08d_0015__scene_170,L1-08,L2-08d,url_only,https://www.youtube.com/watch?v=ztl25aRlnWE,YouTube,internal_hold,platform_tos_only,rights re-check,,False,
L1-08_L2-08d_0015__scene_176,L1-08,L2-08d,url_only,https://www.youtube.com/watch?v=ztl25aRlnWE,YouTube,internal_hold,platform_tos_only,rights re-check,,False,
L1-08_L2-08d_0015__scene_189,L1-08,L2-08d,url_only,https://www.youtube.com/watch?v=ztl25aRlnWE,YouTube,internal_hold,platform_tos_only,rights re-check,,False,
L1-08_L2-08d_0015__scene_197,L1-08,L2-08d,url_only,https://www.youtube.com/watch?v=ztl25aRlnWE,YouTube,internal_hold,platform_tos_only,rights re-check,,False,
L1-08_L2-08d_0015__scene_213,L1-08,L2-08d,url_only,https://www.youtube.com/watch?v=ztl25aRlnWE,YouTube,internal_hold,platform_tos_only,rights re-check,,False,
L1-08_L2-08d_0015__scene_218,L1-08,L2-08d,url_only,https://www.youtube.com/watch?v=ztl25aRlnWE,YouTube,internal_hold,platform_tos_only,rights re-check,,False,
L1-08_L2-08d_0015__scene_221,L1-08,L2-08d,url_only,https://www.youtube.com/watch?v=ztl25aRlnWE,YouTube,internal_hold,platform_tos_only,rights re-check,,False,
L1-08_L2-08d_0015__scene_234,L1-08,L2-08d,url_only,https://www.youtube.com/watch?v=ztl25aRlnWE,YouTube,internal_hold,platform_tos_only,rights re-check,,False,
L1-08_L2-08d_0015__scene_238,L1-08,L2-08d,url_only,https://www.youtube.com/watch?v=ztl25aRlnWE,YouTube,internal_hold,platform_tos_only,rights re-check,,False,
L1-08_L2-08d_0015__scene_242,L1-08,L2-08d,url_only,https://www.youtube.com/watch?v=ztl25aRlnWE,YouTube,internal_hold,platform_tos_only,rights re-check,,False,
L1-08_L2-08d_0015__scene_245,L1-08,L2-08d,url_only,https://www.youtube.com/watch?v=ztl25aRlnWE,YouTube,internal_hold,platform_tos_only,rights re-check,,False,
L1-08_L2-08d_0015__scene_251,L1-08,L2-08d,url_only,https://www.youtube.com/watch?v=ztl25aRlnWE,YouTube,internal_hold,platform_tos_only,rights re-check,,False,
L1-08_L2-08d_0015__scene_252,L1-08,L2-08d,url_only,https://www.youtube.com/watch?v=ztl25aRlnWE,YouTube,internal_hold,platform_tos_only,rights re-check,,False,
L1-08_L2-08d_0015__scene_272,L1-08,L2-08d,url_only,https://www.youtube.com/watch?v=ztl25aRlnWE,YouTube,internal_hold,platform_tos_only,rights re-check,,False,
L1-08_L2-08d_0015__scene_281,L1-08,L2-08d,url_only,https://www.youtube.com/watch?v=ztl25aRlnWE,YouTube,internal_hold,platform_tos_only,rights re-check,,False,
L1-08_L2-08d_0015__scene_284,L1-08,L2-08d,url_only,https://www.youtube.com/watch?v=ztl25aRlnWE,YouTube,internal_hold,platform_tos_only,rights re-check,,False,
L1-08_L2-08d_0015__scene_286,L1-08,L2-08d,url_only,https://www.youtube.com/watch?v=ztl25aRlnWE,YouTube,internal_hold,platform_tos_only,rights re-check,,False,
L1-08_L2-08d_0015__scene_290,L1-08,L2-08d,url_only,https://www.youtube.com/watch?v=ztl25aRlnWE,YouTube,internal_hold,platform_tos_only,rights re-check,,False,
L1-09_L2-09a_0003__scene_001,L1-09,L2-09a,media,https://www.dvidshub.net/video/998195/falcon-9-starlink-6-110-launch,DVIDS,public_cleared,us_gov_public_domain,Public Domain（页面标注）,,False,
L1-09_L2-09a_0004__scene_001,L1-09,L2-09a,media,https://www.dvidshub.net/video/997020/starlink-10-36-launches-cape-canaveral-space-force-station,DVIDS,public_cleared,us_gov_public_domain,Public Domain（页面标注）,,False,
L1-09_L2-09a_0004__scene_002,L1-09,L2-09a,media,https://www.dvidshub.net/video/997020/starlink-10-36-launches-cape-canaveral-space-force-station,DVIDS,public_cleared,us_gov_public_domain,Public Domain（页面标注）,,False,
L1-09_L2-09a_0005__scene_002,L1-09,L2-09a,media,https://www.dvidshub.net/video/998193/crew-12-launches-cape-canaveral-space-force-station,DVIDS,public_cleared,us_gov_public_domain,Public Domain（页面标注）,,False,
L1-09_L2-09a_0006__scene_002,L1-09,L2-09a,media,https://www.dvidshub.net/video/998452/ula-vulcan-transported-vandenberg,DVIDS,public_cleared,us_gov_public_domain,Public Domain（页面标注）,,False,
L1-09_L2-09a_0006__scene_004,L1-09,L2-09a,media,https://www.dvidshub.net/video/998452/ula-vulcan-transported-vandenberg,DVIDS,public_cleared,us_gov_public_domain,Public Domain（页面标注）,,False,
L1-09_L2-09a_0006__scene_006,L1-09,L2-09a,media,https://www.dvidshub.net/video/998452/ula-vulcan-transported-vandenberg,DVIDS,public_cleared,us_gov_public_domain,Public Domain（页面标注）,,False,
L1-09_L2-09a_0006__scene_009,L1-09,L2-09a,media,https://www.dvidshub.net/video/998452/ula-vulcan-transported-vandenberg,DVIDS,public_cleared,us_gov_public_domain,Public Domain（页面标注）,,False,
L1-09_L2-09a_0006__scene_012,L1-09,L2-09a,media,https://www.dvidshub.net/video/998452/ula-vulcan-transported-vandenberg,DVIDS,public_cleared,us_gov_public_domain,Public Domain（页面标注）,,False,
L1-09_L2-09a_0006__scene_016,L1-09,L2-09a,media,https://www.dvidshub.net/video/998452/ula-vulcan-transported-vandenberg,DVIDS,public_cleared,us_gov_public_domain,Public Domain（页面标注）,,False,
L1-09_L2-09a_0006__scene_017,L1-09,L2-09a,media,https://www.dvidshub.net/video/998452/ula-vulcan-transported-vandenberg,DVIDS,public_cleared,us_gov_public_domain,Public Domain（页面标注）,,False,
L1-09_L2-09a_0006__scene_018,L1-09,L2-09a,media,https://www.dvidshub.net/video/998452/ula-vulcan-transported-vandenberg,DVIDS,public_cleared,us_gov_public_domain,Public Domain（页面标注）,,False,
L1-09_L2-09a_0006__scene_021,L1-09,L2-09a,media,https://www.dvidshub.net/video/998452/ula-vulcan-transported-vandenberg,DVIDS,public_cleared,us_gov_public_domain,Public Domain（页面标注）,,False,
L1-09_L2-09a_0006__scene_022,L1-09,L2-09a,media,https://www.dvidshub.net/video/998452/ula-vulcan-transported-vandenberg,DVIDS,public_cleared,us_gov_public_domain,Public Domain（页面标注）,,False,
L1-09_L2-09a_0006__scene_025,L1-09,L2-09a,media,https://www.dvidshub.net/video/998452/ula-vulcan-transported-vandenberg,DVIDS,public_cleared,us_gov_public_domain,Public Domain（页面标注）,,False,
L1-09_L2-09a_0006__scene_026,L1-09,L2-09a,media,https://www.dvidshub.net/video/998452/ula-vulcan-transported-vandenberg,DVIDS,public_cleared,us_gov_public_domain,Public Domain（页面标注）,,False,
L1-09_L2-09a_0007__scene_001,L1-09,L2-09a,media,https://www.dvidshub.net/video/993274/starlink-6-100-launches-cape-canaveral-space-force-station,DVIDS,public_cleared,us_gov_public_domain,Public Domain（页面标注）,,False,
L1-09_L2-09a_0008__scene_001,L1-09,L2-09a,media,https://www.dvidshub.net/video/978314/kuiper-3-launches-cape-canaveral-space-force-station,DVIDS,public_cleared,us_gov_public_domain,Public Domain（页面标注）,,False,
L1-09_L2-09a_0010__scene_002,L1-09,L2-09a,media,https://www.dvidshub.net/video/959153/vandenberg-launches-nrol-174-mission,DVIDS,public_cleared,us_gov_public_domain,Public Domain（页面标注）,,False,
L1-09_L2-09a_0010__scene_003,L1-09,L2-09a,media,https://www.dvidshub.net/video/959153/vandenberg-launches-nrol-174-mission,DVIDS,public_cleared,us_gov_public_domain,Public Domain（页面标注）,,False,
L1-09_L2-09a_0010__scene_004,L1-09,L2-09a,media,https://www.dvidshub.net/video/959153/vandenberg-launches-nrol-174-mission,DVIDS,public_cleared,us_gov_public_domain,Public Domain（页面标注）,,False,
L1-09_L2-09a_0011__scene_002,L1-09,L2-09a,media,https://www.dvidshub.net/video/952863/minuteman-iii-test-launch-showcases-readiness-us-nuclear-forces-safe-effective-deterrent-narrated,DVIDS,public_cleared,us_gov_public_domain,Public Domain（页面标注）,,False,
L1-09_L2-09a_0011__scene_005,L1-09,L2-09a,media,https://www.dvidshub.net/video/952863/minuteman-iii-test-launch-showcases-readiness-us-nuclear-forces-safe-effective-deterrent-narrated,DVIDS,public_cleared,us_gov_public_domain,Public Domain（页面标注）,,False,
L1-09_L2-09a_0012__scene_001,L1-09,L2-09a,media,https://www.dvidshub.net/video/912923/spacex-launches-ussf-124-mission,DVIDS,public_cleared,us_gov_public_domain,Public Domain（页面标注）,,False,
L1-09_L2-09b_0008__scene_001,L1-09,L2-09b,url_only,https://svs.gsfc.nasa.gov/14608/,NASA,internal_hold,platform_tos_only,一般可教育/信息用途复用；除非另有说明,,False,
L1-09_L2-09b_0008__scene_002,L1-09,L2-09b,url_only,https://svs.gsfc.nasa.gov/14608/,NASA,internal_hold,platform_tos_only,一般可教育/信息用途复用；除非另有说明,,False,
L1-09_L2-09b_0009__scene_001,L1-09,L2-09b,url_only,https://svs.gsfc.nasa.gov/31281/,NASA,internal_hold,platform_tos_only,一般可教育/信息用途复用；除非另有说明,,False,
L1-09_L2-09b_0013__scene_001,L1-09,L2-09b,media,https://svs.gsfc.nasa.gov/14608,NASA_SVS,public_cleared,us_gov_public_domain,NASA media generally not copyrighted,https://www.nasa.gov/nasa-brand-center/images-and-media/,True,Source credit recommended: NASA Scientific Visualization Studio
L1-09_L2-09b_0013__scene_002,L1-09,L2-09b,media,https://svs.gsfc.nasa.gov/14608,NASA_SVS,public_cleared,us_gov_public_domain,NASA media generally not copyrighted,https://www.nasa.gov/nasa-brand-center/images-and-media/,True,Source credit recommended: NASA Scientific Visualization Studio
L1-09_L2-09b_0013__scene_003,L1-09,L2-09b,media,https://svs.gsfc.nasa.gov/14608,NASA_SVS,public_cleared,us_gov_public_domain,NASA media generally not copyrighted,https://www.nasa.gov/nasa-brand-center/images-and-media/,True,Source credit recommended: NASA Scientific Visualization Studio
L1-09_L2-09c_0014__scene_003,L1-09,L2-09c,media,https://svs.gsfc.nasa.gov/31281,NASA_SVS,public_cleared,us_gov_public_domain,NASA media generally not copyrighted,https://www.nasa.gov/nasa-brand-center/images-and-media/,True,Source credit recommended: NASA Scientific Visualization Studio
L1-09_L2-09d_0001__scene_001,L1-09,L2-09d,media,https://oceanexplorer.noaa.gov/expedition-feature/live-from-the-field-updates-from-garret/,NOAA,public_cleared,us_gov_public_domain,公有领域，除非另有说明,,False,
L1-09_L2-09d_0005__scene_004,L1-09,L2-09d,media,https://oceanexplorer.noaa.gov/expedition-feature/okeanos-seascape-alaska-ex2304-features-summary/,NOAA,public_cleared,us_gov_public_domain,公有领域，除非另有说明,,False,
L1-09_L2-09d_0005__scene_005,L1-09,L2-09d,media,https://oceanexplorer.noaa.gov/expedition-feature/okeanos-seascape-alaska-ex2304-features-summary/,NOAA,public_cleared,us_gov_public_domain,公有领域，除非另有说明,,False,
L1-09_L2-09d_0005__scene_007,L1-09,L2-09d,media,https://oceanexplorer.noaa.gov/expedition-feature/okeanos-seascape-alaska-ex2304-features-summary/,NOAA,public_cleared,us_gov_public_domain,公有领域，除非另有说明,,False,
L1-09_L2-09d_0005__scene_008,L1-09,L2-09d,media,https://oceanexplorer.noaa.gov/expedition-feature/okeanos-seascape-alaska-ex2304-features-summary/,NOAA,public_cleared,us_gov_public_domain,公有领域，除非另有说明,,False,
L1-09_L2-09d_0005__scene_009,L1-09,L2-09d,media,https://oceanexplorer.noaa.gov/expedition-feature/okeanos-seascape-alaska-ex2304-features-summary/,NOAA,public_cleared,us_gov_public_domain,公有领域，除非另有说明,,False,
L1-09_L2-09d_0005__scene_010,L1-09,L2-09d,media,https://oceanexplorer.noaa.gov/expedition-feature/okeanos-seascape-alaska-ex2304-features-summary/,NOAA,public_cleared,us_gov_public_domain,公有领域，除非另有说明,,False,
L1-09_L2-09d_0005__scene_012,L1-09,L2-09d,media,https://oceanexplorer.noaa.gov/expedition-feature/okeanos-seascape-alaska-ex2304-features-summary/,NOAA,public_cleared,us_gov_public_domain,公有领域，除非另有说明,,False,
L1-09_L2-09d_0005__scene_013,L1-09,L2-09d,media,https://oceanexplorer.noaa.gov/expedition-feature/okeanos-seascape-alaska-ex2304-features-summary/,NOAA,public_cleared,us_gov_public_domain,公有领域，除非另有说明,,False,
L1-09_L2-09d_0009__scene_002,L1-09,L2-09d,media,https://oceanexplorer.noaa.gov/expedition-feature/okeanos-ex2104-features-ctenophore/,NOAA,public_cleared,us_gov_public_domain,公有领域，除非另有说明,,False,
L1-09_L2-09d_0009__scene_003,L1-09,L2-09d,media,https://oceanexplorer.noaa.gov/expedition-feature/okeanos-ex2104-features-ctenophore/,NOAA,public_cleared,us_gov_public_domain,公有领域，除非另有说明,,False,
L1-09_L2-09e_0008__scene_003,L1-09,L2-09e,media,https://www.dvidshub.net/video/973055/pr-003-unresolved-uap-report-africa-2023,DVIDS,public_cleared,us_gov_public_domain,Public Domain（页面标注）,,False,
L1-09_L2-09e_0012__scene_002,L1-09,L2-09e,url_only,https://svs.gsfc.nasa.gov/11059/,NASA,internal_hold,platform_tos_only,一般可教育/信息用途复用；除非另有说明,,False,
L1-10_L2-10a_0001__scene_001,L1-10,L2-10a,media,https://www.pexels.com/video/vibrant-football-match-in-moroccan-stadium-34466878/,Pexels,public_conditional,pexels_license,Pexels License,,False,
L1-10_L2-10a_0002__scene_001,L1-10,L2-10a,media,https://www.pexels.com/video/aerial-view-of-packed-football-stadium-31472380/,Pexels,public_conditional,pexels_license,Pexels License,,False,
L1-10_L2-10a_0003__scene_001,L1-10,L2-10a,media,https://www.pexels.com/video/exciting-european-football-match-in-packed-stadium-31511132/,Pexels,public_conditional,pexels_license,Pexels License,,False,
L1-10_L2-10a_0004__scene_001,L1-10,L2-10a,media,https://www.pexels.com/video/aerial-view-of-football-stadium-on-game-day-29703844/,Pexels,public_conditional,pexels_license,Pexels License,,False,
L1-10_L2-10a_0005__scene_001,L1-10,L2-10a,media,https://www.pexels.com/video/vibrant-football-match-at-packed-stadium-31899842/,Pexels,public_conditional,pexels_license,Pexels License,,False,
L1-10_L2-10a_0006__scene_001,L1-10,L2-10a,media,https://www.pexels.com/video/soccer-stadium-monterrey-27742408/,Pexels,public_conditional,pexels_license,Pexels License,,False,
L1-10_L2-10a_0008__scene_001,L1-10,L2-10a,media,https://www.pexels.com/video/an-image-of-a-basketball-game-with-fans-26626901/,Pexels,public_conditional,pexels_license,Pexels License,,False,
L1-10_L2-10a_0009__scene_001,L1-10,L2-10a,media,https://www.pexels.com/video/juego-de-basketball-27129310/,Pexels,public_conditional,pexels_license,Pexels License,,False,
L1-10_L2-10a_0010__scene_001,L1-10,L2-10a,media,https://www.pexels.com/video/a-basketball-game-with-a-crowd-watching-18884230/,Pexels,public_conditional,pexels_license,Pexels License,,False,
L1-10_L2-10a_0011__scene_001,L1-10,L2-10a,media,https://www.pexels.com/video/the-nba-is-playing-basketball-in-a-large-arena-18884168/,Pexels,public_conditional,pexels_license,Pexels License,,False,
L1-10_L2-10a_0012__scene_001,L1-10,L2-10a,media,https://www.pexels.com/video/the-toronto-raptors-play-the-cleveland-cavaliers-in-game-1-of-the-2019-nba-finals-at-oracle-arena-in-oracle-ca-on-june-1-2019-18884227/,Pexels,public_conditional,pexels_license,Pexels License,,False,
L1-10_L2-10a_0013__scene_001,L1-10,L2-10a,media,https://www.pexels.com/video/men-playing-tennis-with-audience-10390967/,Pexels,public_conditional,pexels_license,Pexels License,,False,
L1-10_L2-10a_0014__scene_001,L1-10,L2-10a,media,https://www.pexels.com/video/football-match-on-stadium-11918917/,Pexels,public_conditional,pexels_license,Pexels License,,False,
L1-10_L2-10b_0001__scene_001,L1-10,L2-10b,media,https://www.pexels.com/video/vibrant-city-parade-celebrating-football-victory-35431963/,Pexels,public_conditional,pexels_license,Pexels License,,False,
L1-10_L2-10b_0002__scene_001,L1-10,L2-10b,media,https://www.pexels.com/video/vibrant-football-crowd-cheering-with-flags-35147214/,Pexels,public_conditional,pexels_license,Pexels License,,False,
L1-10_L2-10b_0003__scene_001,L1-10,L2-10b,media,https://www.pexels.com/video/excited-fans-cheering-at-a-football-match-35117254/,Pexels,public_conditional,pexels_license,Pexels License,,False,
L1-10_L2-10b_0004__scene_001,L1-10,L2-10b,media,https://www.pexels.com/video/energetic-football-crowd-at-a-night-stadium-34748515/,Pexels,public_conditional,pexels_license,Pexels License,,False,
L1-10_L2-10b_0005__scene_001,L1-10,L2-10b,media,https://www.pexels.com/video/energetic-stadium-crowd-with-vibrant-flags-32337290/,Pexels,public_conditional,pexels_license,Pexels License,,False,
L1-10_L2-10b_0005__scene_002,L1-10,L2-10b,media,https://www.pexels.com/video/energetic-stadium-crowd-with-vibrant-flags-32337290/,Pexels,public_conditional,pexels_license,Pexels License,,False,
L1-10_L2-10b_0006__scene_001,L1-10,L2-10b,media,https://www.pexels.com/video/exciting-football-match-with-energetic-fans-31511489/,Pexels,public_conditional,pexels_license,Pexels License,,False,
L1-10_L2-10b_0007__scene_002,L1-10,L2-10b,media,https://www.pexels.com/video/vibrant-soccer-stadium-crowd-cheering-31343045/,Pexels,public_conditional,pexels_license,Pexels License,,False,
L1-10_L2-10b_0008__scene_001,L1-10,L2-10b,media,https://www.pexels.com/video/exciting-football-match-in-a-vibrant-stadium-30516440/,Pexels,public_conditional,pexels_license,Pexels License,,False,
L1-10_L2-10b_0009__scene_001,L1-10,L2-10b,media,https://www.pexels.com/video/vibrant-soccer-fans-celebrating-match-29819570/,Pexels,public_conditional,pexels_license,Pexels License,,False,
L1-10_L2-10b_0010__scene_001,L1-10,L2-10b,media,https://www.pexels.com/video/vibrant-football-fans-celebrate-game-outdoors-29323511/,Pexels,public_conditional,pexels_license,Pexels License,,False,
L1-10_L2-10b_0011__scene_001,L1-10,L2-10b,media,https://www.pexels.com/video/a-large-stadium-with-many-people-in-it-27951104/,Pexels,public_conditional,pexels_license,Pexels License,,False,
L1-10_L2-10b_0012__scene_002,L1-10,L2-10b,media,https://www.pexels.com/video/players-celebrating-with-trophy-12712001/,Pexels,public_conditional,pexels_license,Pexels License,,False,
L1-10_L2-10b_0013__scene_001,L1-10,L2-10b,media,https://www.pexels.com/video/supporters-on-football-match-11208468/,Pexels,public_conditional,pexels_license,Pexels License,,False,
L1-10_L2-10b_0014__scene_002,L1-10,L2-10b,media,https://www.pexels.com/video/loyal-fans-supporting-their-team-in-a-game-3195653/,Pexels,public_conditional,pexels_license,Pexels License,,False,
L1-10_L2-10b_0014__scene_003,L1-10,L2-10b,media,https://www.pexels.com/video/loyal-fans-supporting-their-team-in-a-game-3195653/,Pexels,public_conditional,pexels_license,Pexels License,,False,
L1-10_L2-10b_0015__scene_001,L1-10,L2-10b,media,https://www.pexels.com/video/crowd-at-the-stadium-856042/,Pexels,public_conditional,pexels_license,Pexels License,,False,
L1-10_L2-10c_0001__scene_001,L1-10,L2-10c,media,https://www.pexels.com/video/vibrant-concert-crowd-with-cellphone-lights-35340079/,Pexels,public_conditional,pexels_license,Pexels License,,False,
L1-10_L2-10c_0002__scene_001,L1-10,L2-10c,media,https://www.pexels.com/video/vibrant-nighttime-concert-with-purple-lighting-35484382/,Pexels,public_conditional,pexels_license,Pexels License,,False,
L1-10_L2-10c_0003__scene_001,L1-10,L2-10c,media,https://www.pexels.com/video/dynamic-concert-audience-with-raised-hands-34594434/,Pexels,public_conditional,pexels_license,Pexels License,,False,
L1-10_L2-10c_0004__scene_001,L1-10,L2-10c,media,https://www.pexels.com/video/energetic-nighttime-concert-crowd-excitement-34059044/,Pexels,public_conditional,pexels_license,Pexels License,,False,
L1-10_L2-10c_0005__scene_002,L1-10,L2-10c,media,https://www.pexels.com/video/electric-night-at-ushuaia-ibiza-outdoor-concert-32798104/,Pexels,public_conditional,pexels_license,Pexels License,,False,
L1-10_L2-10c_0006__scene_001,L1-10,L2-10c,media,https://www.pexels.com/video/live-concert-with-band-and-neon-lights-31342558/,Pexels,public_conditional,pexels_license,Pexels License,,False,
L1-10_L2-10c_0009__scene_001,L1-10,L2-10c,media,https://www.pexels.com/video/vibrant-live-concert-with-diverse-audience-30414151/,Pexels,public_conditional,pexels_license,Pexels License,,False,
L1-10_L2-10c_0010__scene_001,L1-10,L2-10c,media,https://www.pexels.com/video/vibrant-concert-crowd-capturing-live-music-30334313/,Pexels,public_conditional,pexels_license,Pexels License,,False,
L1-10_L2-10c_0011__scene_001,L1-10,L2-10c,media,https://www.pexels.com/video/energetic-outdoor-music-festival-crowd-vibes-30328849/,Pexels,public_conditional,pexels_license,Pexels License,,False,
L1-10_L2-10c_0012__scene_001,L1-10,L2-10c,media,https://www.pexels.com/video/energetic-live-concert-crowd-with-vibrant-lights-29136301/,Pexels,public_conditional,pexels_license,Pexels License,,False,
L1-10_L2-10c_0014__scene_001,L1-10,L2-10c,media,https://www.pexels.com/video/concert-crowd-26744705/,Pexels,public_conditional,pexels_license,Pexels License,,False,
L1-10_L2-10c_0015__scene_001,L1-10,L2-10c,media,https://www.pexels.com/video/a-large-crowd-of-people-gathered-in-front-of-a-stage-17758188/,Pexels,public_conditional,pexels_license,Pexels License,,False,
L1-10_L2-10e_0002__scene_001,L1-10,L2-10e,media,https://www.pexels.com/video/aerial-view-of-city-crowd-and-parade-event-35740992/,Pexels,public_conditional,pexels_license,Pexels License,,False,
L1-10_L2-10e_0003__scene_001,L1-10,L2-10e,media,https://www.pexels.com/video/vibrant-mexican-carnival-parade-in-hidalgo-36161290/,Pexels,public_conditional,pexels_license,Pexels License,,False,
L1-10_L2-10e_0004__scene_001,L1-10,L2-10e,media,https://www.pexels.com/video/vibrant-parade-at-mexican-huejotzingo-carnival-36214834/,Pexels,public_conditional,pexels_license,Pexels License,,False,
L1-10_L2-10e_0005__scene_001,L1-10,L2-10e,media,https://www.pexels.com/video/colorful-celebration-at-huejotzingo-carnival-36187015/,Pexels,public_conditional,pexels_license,Pexels License,,False,
L1-10_L2-10e_0005__scene_002,L1-10,L2-10e,media,https://www.pexels.com/video/colorful-celebration-at-huejotzingo-carnival-36187015/,Pexels,public_conditional,pexels_license,Pexels License,,False,
L1-10_L2-10e_0006__scene_001,L1-10,L2-10e,media,https://www.pexels.com/video/vibrant-drone-view-of-mardi-gras-parade-31023579/,Pexels,public_conditional,pexels_license,Pexels License,,False,
L1-10_L2-10e_0008__scene_001,L1-10,L2-10e,media,https://www.pexels.com/video/aerial-view-of-vibrant-urban-carnival-parade-31009711/,Pexels,public_conditional,pexels_license,Pexels License,,False,
L1-10_L2-10e_0010__scene_001,L1-10,L2-10e,media,https://www.pexels.com/video/correfoc-badalona-15-agosto-2024-27806813/,Pexels,public_conditional,pexels_license,Pexels License,,False,
L1-10_L2-10e_0011__scene_001,L1-10,L2-10e,media,https://www.pexels.com/video/a-large-crowd-of-people-watching-a-parade-17178636/,Pexels,public_conditional,pexels_license,Pexels License,,False,
L1-10_L2-10e_0012__scene_001,L1-10,L2-10e,media,https://www.pexels.com/video/a-large-crowd-of-people-are-gathered-on-a-street-17178637/,Pexels,public_conditional,pexels_license,Pexels License,,False,
L1-10_L2-10e_0013__scene_001,L1-10,L2-10e,media,https://www.pexels.com/video/stunning-lantern-festival-night-sky-event-29605823/,Pexels,public_conditional,pexels_license,Pexels License,,False,
L1-10_L2-10e_0013__scene_002,L1-10,L2-10e,media,https://www.pexels.com/video/stunning-lantern-festival-night-sky-event-29605823/,Pexels,public_conditional,pexels_license,Pexels License,,False,
L1-10_L2-10e_0013__scene_003,L1-10,L2-10e,media,https://www.pexels.com/video/stunning-lantern-festival-night-sky-event-29605823/,Pexels,public_conditional,pexels_license,Pexels License,,False,
L1-10_L2-10e_0014__scene_001,L1-10,L2-10e,media,https://www.pexels.com/video/night-lantern-festival-celebration-with-people-29130408/,Pexels,public_conditional,pexels_license,Pexels License,,False,
L1-10_L2-10e_0015__scene_002,L1-10,L2-10e,media,https://www.pexels.com/video/fireworks-display-in-dubai-during-new-year-s-celebrations-14980605/,Pexels,public_conditional,pexels_license,Pexels License,,False,
L1-10_L2-10e_0015__scene_003,L1-10,L2-10e,media,https://www.pexels.com/video/fireworks-display-in-dubai-during-new-year-s-celebrations-14980605/,Pexels,public_conditional,pexels_license,Pexels License,,False,
